category,subject,commission_cc_pct,commission_dbs_pct,commission_edbs_pct,commission_fbs_pct,commission_fbw_pct,commission_booking_pct
Отделочные материалы,Плитки для подвесного потолка,38.5,45.0,3.0,33.0,28.5,38.5
Красота,Соль для маникюра и педикюра,42.5,45.0,3.0,45.0,40.5,42.5
Одежда для малышей,Футболки для малышей,44.5,45.0,3.0,48.0,43.5,44.5
Спортивный товар,Жилеты страховочные,37.5,45.0,3.0,37.0,32.5,37.5
Продукты,Печенье,4.5,4.5,3.0,35.0,30.5,4.5
Электрика,Реле напряжения,38.5,45.0,3.0,35.0,30.5,38.5
Белье,Соединители бретелей,44.5,45.0,3.0,41.0,36.5,44.5
Бытовая химия,Гели для стирки,39.5,45.0,3.0,38.0,33.5,39.5
Посуда и инвентарь,Коробки для десертов,39.5,45.0,3.0,43.0,38.5,39.5
Садовые инструменты и полив,Держатели для шланга,39.5,45.0,3.0,39.0,34.5,39.5
Автоаксессуары и дополнительное оборудование,Установки развала и схождения колёс,36.5,45.0,3.0,40.0,35.5,36.5
Автозапчасти,Крестовины для авто,36.5,45.0,3.0,36.0,31.5,36.5
Продукты,Финики,4.5,4.5,3.0,35.0,30.5,4.5
Посуда и инвентарь,Мерные ложки,39.5,45.0,3.0,36.0,31.5,39.5
Спортивные аксессуары,Перчатки ММА,39.5,45.0,3.0,43.0,38.5,39.5
Игрушки,Лабиринты,38.5,45.0,3.0,38.0,33.5,38.5
Товары для животных,Будки для собак,31.5,35.0,3.0,34.0,29.5,31.5
Товары для животных,Скребки для аквариума,31.5,35.0,3.0,31.0,26.5,31.5
Бытовая химия,Средства для очистки сажи,39.5,45.0,3.0,43.0,38.5,39.5
Декор интерьера,Теплоувлажнители,39.5,45.0,3.0,33.0,28.5,39.5
Садовая техника,Мойки высокого давления,29.5,35.0,3.0,33.0,28.5,29.5
Спортивный товар,Рули велосипедные,37.5,45.0,3.0,41.0,36.5,37.5
Профессиональные музыкальные инструменты,Заглушающие кольца для барабанов,38.5,45.0,3.0,42.0,31.5,38.5
Продукты,Пряники,4.5,4.5,3.0,35.0,30.5,4.5
Посуда и инвентарь,Самовары,39.5,45.0,3.0,40.0,35.5,39.5
Аксессуары,Фиксаторы для очков,44.5,45.0,3.0,39.0,34.5,44.5
Продукты,Буженина,4.5,4.5,3.0,26.0,21.5,4.5
Продукты,Замороженное тесто,4.5,4.5,3.0,26.0,21.5,4.5
Одежда для малышей,Костюмы для малышей,44.5,45.0,3.0,48.0,43.5,44.5
Спортивный товар,Велохимия,37.5,45.0,3.0,41.0,36.5,37.5
Автоаксессуары и дополнительное оборудование,Щетки автомобильные,36.5,45.0,3.0,36.0,31.5,36.5
Здоровье,Компрессионные рукава,42.5,45.0,3.0,45.0,40.5,42.5
Товары для животных,Боксы для рулеток,31.5,35.0,3.0,35.0,30.5,31.5
Автоаксессуары и дополнительное оборудование,Кофеварки автомобильные,36.5,45.0,3.0,40.0,35.5,36.5
Сантехника,Ручки для смесителей,37.5,45.0,3.0,41.0,36.5,37.5
Спортивная одежда,Рубашки спортивные,44.5,45.0,3.0,48.0,43.5,44.5
Автохимия и автокосметика,Лосьоны для кожи салона,36.5,45.0,3.0,36.0,31.5,36.5
Детское питание,Питание для кормящих и беременных,4.5,4.5,3.0,33.0,28.5,4.5
Товары для курения,Зажигалки,38.5,45.0,3.0,38.0,33.5,38.5
Канцелярские товары,Боксы для коллекционирования,39.5,45.0,3.0,37.0,32.5,39.5
Фото и Видеотехника,Кронштейны для видеотехники,38.5,45.0,3.0,41.5,37.0,38.5
Автозапчасти,Кольца поршневые,36.5,45.0,3.0,36.0,31.5,36.5
Садовые инструменты и полив,Обратные клапаны для насосов,39.5,45.0,3.0,43.0,38.5,39.5
Ручной инструмент и оснастка,Резчики швов,41.5,45.0,3.0,44.5,36.0,41.5
Декор интерьера,Рамы багетные,39.5,45.0,3.0,39.0,34.5,39.5
Спортивный товар,Палки для скандинавской ходьбы и треккинга,37.5,45.0,3.0,41.0,36.5,37.5
Автохимия и автокосметика,Клей автомобильный,36.5,45.0,3.0,36.0,31.5,36.5
Продукты,Молоко растительное,4.5,4.5,3.0,34.0,29.5,4.5
Ручной инструмент и оснастка,Люксметры,41.5,45.0,3.0,45.0,40.5,41.5
Спортивная одежда,Велочулки,44.5,45.0,3.0,48.0,43.5,44.5
Отделочные материалы,Листы пробковые,38.5,45.0,3.0,42.0,37.5,38.5
Автоаксессуары и дополнительное оборудование,Таксометры,36.5,45.0,3.0,35.5,31.0,36.5
Ювелирные украшения,Ювелирные ручки,43.0,45.0,3.0,43.0,42.0,43.0
Товары для животных,Распылители для аквариума,31.5,35.0,3.0,35.0,30.5,31.5
Продукты,Шницели,4.5,4.5,3.0,26.0,21.5,4.5
Бижутерия,Подвески бижутерные,38.5,45.0,3.0,42.0,37.5,38.5
Все для садоводства,Вермикулит,39.5,45.0,3.0,29.5,28.5,39.5
Спортивные аксессуары,Чехлы для велосипедов,39.5,45.0,3.0,43.0,38.5,39.5
Спортивный товар,Воланы,37.5,45.0,3.0,37.0,32.5,37.5
Канцелярские товары,Ножницы канцелярские,39.5,45.0,3.0,28.0,23.5,39.5
Рукоделие,Наборы для выжигания,39.5,45.0,3.0,43.0,38.5,39.5
Для праздника,Ленты упаковочные,42.5,45.0,3.0,34.0,29.5,42.5
Ручной инструмент и оснастка,Насадки для гравера,41.5,45.0,3.0,45.0,40.5,41.5
Товары для животных,Вилы для уборки,31.5,35.0,3.0,35.0,30.5,31.5
Белье для малышей,Термоводолазки для малышей,44.5,45.0,3.0,39.0,34.5,44.5
Спортивный товар,Держатели мячей,37.5,45.0,3.0,40.0,35.5,37.5
Спортивная одежда,Трико борцовское,44.5,45.0,3.0,44.0,39.5,44.5
Красота,Формы для наращивания ногтей,42.5,45.0,3.0,46.0,41.5,42.5
Аксессуары для электроники,Накладки на стики,44.5,45.0,3.0,34.0,29.5,44.5
Спортивная одежда,Шорты спортивные,44.5,45.0,3.0,48.0,43.5,44.5
Аксессуары для электроники,Платежные браслеты,42.5,45.0,3.0,35.0,30.5,42.5
Отделочные материалы,Стеклоблоки,38.5,45.0,3.0,32.0,27.5,38.5
Бижутерия,Колье,38.5,45.0,3.0,42.0,37.5,38.5
Хозяйственные товары,Держатели для туалетной бумаги,39.5,45.0,3.0,43.0,38.5,39.5
Спортивный товар,Выносы велосипедные,37.5,45.0,3.0,41.0,36.5,37.5
Фарма,Дерматологические препараты,3.0,3.0,3.0,3.0,3.0,3.0
Мототовары,Подставки для мотоциклов,36.5,45.0,3.0,39.5,35.0,36.5
Периферия и аксессуары,Коврики для мыши,34.5,35.0,3.0,35.0,30.5,34.5
Отделочные материалы,Плитка зеркальная,38.5,45.0,3.0,42.0,37.5,38.5
Сантехника,Люки канализационные,37.5,45.0,3.0,24.0,19.5,37.5
Красота,Краски для волос,42.5,45.0,3.0,46.0,41.5,42.5
Аксессуары для электроники,Кабели,44.5,45.0,3.0,43.0,38.5,44.5
Канцелярские товары,Конверты бумажные,39.5,45.0,3.0,43.0,38.5,39.5
Бытовая техника,Сушилки для одежды электрические,35.5,35.0,3.0,33.0,28.5,35.5
Декор интерьера,Декорации настенные для кухни,39.5,45.0,3.0,43.0,38.5,39.5
Мототовары,Буферы тележки снегохода,36.5,45.0,3.0,31.0,26.5,36.5
Автозапчасти,Двигатели стеклоочистителя,36.5,45.0,3.0,40.0,35.5,36.5
Спортивный товар,Аккумуляторы температуры,37.5,45.0,3.0,39.5,35.0,37.5
Спортивный товар,Конусы спортивные,37.5,45.0,3.0,38.0,33.5,37.5
Продукты,Красители пищевые,4.5,4.5,3.0,30.0,25.5,4.5
Книжная продукция и диски,Карты географические,39.5,45.0,3.0,39.0,34.5,39.5
Мебель офисная и торговое оборудование,Газлифты для офисных кресел,36.5,45.0,3.0,36.0,31.5,36.5
Спортивный товар,Коврики туристические,37.5,45.0,3.0,32.0,27.5,37.5
Спортивные аксессуары,Спортивные аксессуары,39.5,45.0,3.0,43.0,38.5,39.5
Все для садоводства,Вазоны,39.5,45.0,3.0,29.5,28.5,39.5
Спортивный товар,Жилеты спасательные,37.5,45.0,3.0,34.0,29.5,37.5
Декор интерьера,Бутылки сувенирные,39.5,45.0,3.0,36.0,31.5,39.5
Масла и технические жидкости,Промывки масляной системы,36.5,45.0,3.0,40.0,35.5,36.5
Здоровье,Полустельки ортопедические,42.5,45.0,3.0,45.0,40.5,42.5
Спортивный товар,Ботинки гравитационные,37.5,45.0,3.0,41.0,36.5,37.5
Автоаксессуары и дополнительное оборудование,Рейлинги,36.5,45.0,3.0,40.0,35.5,36.5
Автоаксессуары и дополнительное оборудование,Нагнетатели смазки,36.5,45.0,3.0,40.0,35.5,36.5
Автозапчасти,Поршневые пальцы,36.5,45.0,3.0,40.0,35.5,36.5
Товары для животных,Отпугиватели собак,31.5,35.0,3.0,31.0,26.5,31.5
Рукоделие,Световые планшеты для рисования,39.5,45.0,3.0,43.0,38.5,39.5
Продукты,Биточки,4.5,4.5,3.0,26.0,21.5,4.5
Все для садоводства,Опоры для растений,39.5,45.0,3.0,38.5,37.5,39.5
Рукоделие,Заплатки,39.5,45.0,3.0,38.0,33.5,39.5
Аксессуары,Портфели,44.5,45.0,3.0,44.0,39.5,44.5
Спортивный товар,Корзины баскетбольные,37.5,45.0,3.0,36.0,31.5,37.5
Строительные материалы,Смеси М-150,38.5,45.0,3.0,29.5,25.0,38.5
Автозапчасти,Противотуманные фары,36.5,45.0,3.0,40.0,35.5,36.5
Спортивная одежда,Туники спортивные,44.5,45.0,3.0,48.0,43.5,44.5
Спортивный товар,Прикормки для рыб,37.5,45.0,3.0,37.0,32.5,37.5
Хозяйственные товары,Пакеты упаковочные,39.5,45.0,3.0,42.0,37.5,39.5
Спортивный товар,Скейтборды,37.5,45.0,3.0,37.0,32.5,37.5
Аксессуары для электроники,Электроточилки,42.5,45.0,3.0,40.0,35.5,42.5
Детское питание,Чай детский,4.5,4.5,3.0,33.0,28.5,4.5
Товары для малышей,Молокоотсосы механические,36.5,45.0,3.0,40.0,35.5,36.5
Канцелярские товары,Настольные защитные экраны,39.5,45.0,3.0,30.0,25.5,39.5
Товары для отдыха и кемпинга,Мангалы,38.5,45.0,3.0,39.0,34.5,38.5
Телевизоры и аудиотехника,Проекторы,31.5,35.0,3.0,35.0,30.5,31.5
Ручной инструмент и оснастка,Насадки для УШМ,41.5,45.0,3.0,45.0,40.5,41.5
Текстиль для дома,Фиксаторы для одеяла,39.5,45.0,3.0,35.0,30.5,39.5
Спортивный товар,Колодки для дисковых тормозов,37.5,45.0,3.0,37.0,32.5,37.5
Товары для взрослых,Чокеры эротик,39.5,45.0,3.0,43.0,38.5,39.5
Ветаптека,Лечение ЖКТ и печени у животных,31.5,35.0,3.0,24.0,19.5,31.5
Игрушки,Игрушки сюрприз,38.5,45.0,3.0,42.0,37.5,38.5
Обувь,Валенки,44.5,45.0,3.0,38.0,33.5,44.5
Хозяйственные товары,Ведра хозяйственные,39.5,45.0,3.0,33.0,28.5,39.5
Аксессуары,Сумки хозяйственные,44.5,45.0,3.0,44.0,39.5,44.5
Спецодежда и СИЗы,Платья медицинские,44.5,45.0,3.0,48.0,43.5,44.5
Здоровье,ИВЛ-аппараты,35.5,45.0,3.0,39.0,34.5,35.5
Декор интерьера,Упоры поясничные,39.5,45.0,3.0,34.0,29.5,39.5
Ручной инструмент и оснастка,Ультразвуковые детекторы,41.5,45.0,3.0,45.0,40.5,41.5
Хозяйственные товары,Сушилки для белья,39.5,45.0,3.0,34.0,29.5,39.5
Ручной инструмент и оснастка,Флюсы паяльные,41.5,45.0,3.0,36.0,31.5,41.5
Строительные материалы,Ковры подкладочные,38.5,45.0,3.0,38.0,33.5,38.5
Бытовая техника,Мешки для пылесосов,35.5,35.0,3.0,39.0,34.5,35.5
Товары для малышей,Трубки газоотводные для новорожденных,36.5,45.0,3.0,36.0,31.5,36.5
Декор интерьера,Часы песочные,39.5,45.0,3.0,38.0,33.5,39.5
Рукоделие,Иглы для швейных машин,39.5,45.0,3.0,39.0,34.5,39.5
Периферия и аксессуары,Оптические приводы,34.5,35.0,3.0,32.0,27.5,34.5
Автоаксессуары и дополнительное оборудование,Вибропоглощающий материал для авто,36.5,45.0,3.0,36.0,31.5,36.5
Продукты,Эчпочмаки,4.5,4.5,3.0,25.0,20.5,4.5
Ручной инструмент и оснастка,Приборы для калибровки,38.5,45.0,3.0,32.0,27.5,38.5
Белье,Термокомбинезоны,44.5,45.0,3.0,44.0,39.5,44.5
Автоаксессуары и дополнительное оборудование,Конверторы для автомагнитол,36.5,45.0,3.0,40.0,35.5,36.5
Посуда и инвентарь,Стопки,39.5,45.0,3.0,39.0,34.5,39.5
Отделочные материалы,Паркет,38.5,45.0,3.0,32.0,27.5,38.5
Красота,Туши,42.5,45.0,3.0,46.0,41.5,42.5
Посуда и инвентарь,Подносы,39.5,45.0,3.0,42.0,37.5,39.5
Аксессуары для волос,Парики,44.5,45.0,3.0,44.0,39.5,44.5
Декор интерьера,Фитили для аромаламп,39.5,45.0,3.0,34.0,29.5,39.5
Товары для животных,Овоскопы,31.5,35.0,3.0,30.0,25.5,31.5
Посуда и инвентарь,Фруктовницы,39.5,45.0,3.0,38.0,33.5,39.5
Игрушки,Горки детские,38.5,45.0,3.0,32.0,27.5,38.5
Мебель садовая,Табуреты плетеные,36.5,45.0,3.0,29.0,24.5,36.5
Шторы и аксессуары,Шторы интерьерные,39.5,45.0,3.0,39.0,34.5,39.5
Книжная продукция и диски,Музыкальные диски,39.5,45.0,3.0,43.0,38.5,39.5
Красота,Зажимы для ресниц,42.5,45.0,3.0,41.0,36.5,42.5
Ювелирные украшения,Полудрагоценные камни и прочие вставки,43.0,45.0,3.0,39.0,38.0,43.0
Техника для красоты и здоровья,Устройства AirFloss,35.5,35.0,3.0,33.0,28.5,35.5
Декор интерьера,Брусчатка светодиодная,39.5,45.0,3.0,38.0,29.5,39.5
Автозапчасти,Патрубки автомобильные,36.5,45.0,3.0,36.0,31.5,36.5
Автохимия и автокосметика,Разбавители и растворители автомобильных красок,36.5,45.0,3.0,36.0,31.5,36.5
Хранение вещей,Корзинки,36.5,45.0,3.0,35.0,30.5,36.5
Автоаксессуары и дополнительное оборудование,Противоугонные системы,36.5,45.0,3.0,40.0,35.5,36.5
Аксессуары для электроники,Кронштейны для колонок,42.5,45.0,3.0,35.0,30.5,42.5
Мебель мягкая,Чехлы для кресел-мешков,36.5,45.0,3.0,27.0,22.5,36.5
Для праздника,Венки декоративные,42.5,45.0,3.0,42.0,37.5,42.5
Красота,Салфетки косметические,42.5,45.0,3.0,38.0,33.5,42.5
Бижутерия,Булавки для воротника,38.5,45.0,3.0,42.0,37.5,38.5
Электрика,Контроллеры для микроэлектроники,38.5,45.0,3.0,35.0,30.5,38.5
Электроинструмент и оборудование,Антипригарные средства для сварки,41.5,45.0,3.0,41.0,36.5,41.5
Автоаксессуары и дополнительное оборудование,Емкости для масел и горючего,36.5,45.0,3.0,25.0,20.5,36.5
Продукты,Вода питьевая,4.5,4.5,3.0,31.0,26.5,4.5
Здоровье,Штативы для капельниц,42.5,45.0,3.0,38.5,34.0,42.5
Автозапчасти,Радиаторы топливные,36.5,45.0,3.0,36.0,31.5,36.5
Красота,Красота,42.5,45.0,3.0,46.0,41.5,42.5
Красота,Блески,42.5,45.0,3.0,46.0,41.5,42.5
Посуда и инвентарь,Шумовки,39.5,45.0,3.0,40.0,35.5,39.5
Товары для отдыха и кемпинга,Брикеты угольные,38.5,45.0,3.0,38.0,33.5,38.5
Здоровье,Повязки на рану,42.5,45.0,3.0,44.0,39.5,42.5
Ювелирные украшения,Ювелирные колье,43.0,45.0,3.0,43.0,42.0,43.0
Спортивные аксессуары,Нарукавники,39.5,45.0,3.0,38.0,33.5,39.5
Фарма,Эндокринологические препараты,3.0,3.0,3.0,3.0,3.0,3.0
Строительные материалы,Колпаки для забора,38.5,45.0,3.0,38.0,33.5,38.5
Красота,Тональные кремы,42.5,45.0,3.0,46.0,41.5,42.5
Автоаксессуары и дополнительное оборудование,Украшения для автомобиля,36.5,45.0,3.0,40.0,35.5,36.5
Товары для взрослых,Руки для фистинга,39.5,45.0,3.0,41.0,36.5,39.5
Товары для взрослых,Настольные игры эротик,39.5,45.0,3.0,43.0,38.5,39.5
Все для садоводства,Гроубоксы,39.5,45.0,3.0,38.0,37.0,39.5
Товары для малышей,Слинг-шарфы,36.5,45.0,3.0,36.0,31.5,36.5
Автоаксессуары и дополнительное оборудование,Фиксаторы пружины,36.5,45.0,3.0,36.0,31.5,36.5
Аксессуары для электроники,Запчасти для холодильников,38.5,45.0,3.0,41.0,36.5,38.5
Сантехника,Клапаны вентиляционные,37.5,45.0,3.0,32.0,27.5,37.5
Спортивный товар,Лыжероллеры,37.5,45.0,3.0,41.0,36.5,37.5
Товары для малышей,Бамперы для колясок,36.5,45.0,3.0,40.0,35.5,36.5
Автозапчасти,Заслонки дополнительной подачи воздуха,36.5,45.0,3.0,40.0,35.5,36.5
Посуда и инвентарь,Сырницы,39.5,45.0,3.0,41.0,36.5,39.5
Ручной инструмент и оснастка,Труборезы ручные,41.5,45.0,3.0,45.0,40.5,41.5
Спортивные аксессуары,Нагрудники для лошадей,39.5,45.0,3.0,39.0,34.5,39.5
Товары для отдыха и кемпинга,Дрова,38.5,45.0,3.0,33.0,28.5,38.5
Спортивный товар,Ледорубы спортивные,37.5,45.0,3.0,37.0,32.5,37.5
Здоровье,Инвалидные коляски механические,42.5,45.0,3.0,42.0,37.5,42.5
Строительные материалы,Поролон,38.5,45.0,3.0,37.5,33.0,38.5
Профессиональные музыкальные инструменты,Шейкеры музыкальные,38.5,45.0,3.0,42.0,37.5,38.5
Мебель корпусная и мебель для хранения,Полки детские,36.5,45.0,3.0,40.0,35.5,36.5
Аксессуары,Сумки,44.5,45.0,3.0,48.0,43.5,44.5
Игрушки,Юла,38.5,45.0,3.0,39.0,34.5,38.5
Для праздника,Топперы декоративные,42.5,45.0,3.0,46.0,41.5,42.5
Для праздника,Бумага подарочная,42.5,45.0,3.0,46.0,41.5,42.5
Автозапчасти,Турбонагнетатели,36.5,45.0,3.0,40.0,35.5,36.5
Спортивный товар,Малечницы,37.5,45.0,3.0,37.0,32.5,37.5
Бытовая техника,Индикаторы уровня жидкости,35.5,35.0,3.0,33.0,28.5,35.5
Все для садоводства,Системы обогрева грунта,39.5,45.0,3.0,39.5,38.5,39.5
Товары для животных,Когтеточки,31.5,35.0,3.0,32.0,27.5,31.5
Посуда и инвентарь,Подставки для коптильни,39.5,45.0,3.0,37.0,32.5,39.5
Обувь,Галоши,44.5,45.0,3.0,38.0,33.5,44.5
Ручной инструмент и оснастка,Скобы для строительного степлера,41.5,45.0,3.0,40.0,35.5,41.5
Аксессуары для малышей,Бейсболки для малышей,44.5,45.0,3.0,48.0,43.5,44.5
Здоровье,Измерители жира,42.5,45.0,3.0,34.5,30.0,42.5
Отделочные материалы,Добавки для жидких обоев,38.5,45.0,3.0,41.5,37.0,38.5
Готовая еда,Завтраки,4.5,4.5,3.0,38.0,34.5,4.5
Ноутбуки и компьютеры,Ноутбуки,26.5,35.0,3.0,28.0,23.5,26.5
Канцелярские товары,Клей для слаймов,39.5,45.0,3.0,43.0,38.5,39.5
Автоаксессуары и дополнительное оборудование,Боковые фонари указателя поворота,36.5,45.0,3.0,40.0,35.5,36.5
Товары для животных,Попоны послеоперационные,31.5,35.0,3.0,31.0,26.5,31.5
Товары для животных,Хлопья для животных,31.5,35.0,3.0,31.0,30.5,31.5
Бытовая техника,Ножевые блоки,35.5,35.0,3.0,33.0,28.5,35.5
Аксессуары для обуви,Воск для обуви,44.5,45.0,3.0,39.0,34.5,44.5
Автозапчасти,Зеркала автомобильные,36.5,45.0,3.0,40.0,35.5,36.5
Спортивная одежда,Гидрошорты,44.5,45.0,3.0,44.0,39.5,44.5
Автоаксессуары и дополнительное оборудование,Регуляторы напряжения,36.5,45.0,3.0,40.0,35.5,36.5
Мебель офисная и торговое оборудование,Штанги для одежды,36.5,45.0,3.0,36.0,31.5,36.5
Мототовары,Панели приборные для мототехники,36.5,45.0,3.0,40.0,35.5,36.5
Здоровье,Перчатки медицинские,42.5,45.0,3.0,45.0,40.5,42.5
Хозяйственные товары,Бумажные салфетки,39.5,45.0,3.0,34.0,29.5,39.5
Красота,Эликсиры,42.5,45.0,3.0,46.0,41.5,42.5
Мебель офисная и торговое оборудование,Пистолеты-маркираторы,36.5,45.0,3.0,40.0,35.5,36.5
Здоровье,Серьги медицинские,42.5,45.0,3.0,41.0,36.5,42.5
Аксессуары для электроники,Метеостанции,42.5,45.0,3.0,35.0,30.5,42.5
Для праздника,Свечи для торта,42.5,45.0,3.0,30.0,25.5,42.5
Продукты,Овощи свежие,4.5,4.5,3.0,30.0,25.5,4.5
Мебель корпусная и мебель для хранения,Ящики выдвижные,36.5,45.0,3.0,32.0,27.5,36.5
Аксессуары для волос,Венки для волос,44.5,45.0,3.0,44.0,39.5,44.5
Электрика,Микросхемы,38.5,45.0,3.0,35.0,30.5,38.5
Бытовая техника,Электрощетки,35.5,35.0,3.0,31.0,26.5,35.5
Игрушки,Домики для детей,38.5,45.0,3.0,32.0,27.5,38.5
Бытовая химия,Жидкости для уборки,39.5,45.0,3.0,33.0,28.5,39.5
Аксессуары для электроники,Лабораторные источники питания,42.5,45.0,3.0,41.0,36.5,42.5
Спецодежда и СИЗы,Костюмы рабочие,44.5,45.0,3.0,48.0,43.5,44.5
Мебель малых форм,Столы обеденные,36.5,45.0,3.0,31.0,26.5,36.5
Канцелярские товары,Калька,39.5,45.0,3.0,39.0,34.5,39.5
Декор интерьера,Колокольчики придверные,39.5,45.0,3.0,34.0,29.5,39.5
Здоровье,Контактные среды,42.5,45.0,3.0,39.0,34.5,42.5
Мототовары,Мотоботы,36.5,45.0,3.0,36.0,31.5,36.5
Аксессуары для электроники,Брелоки-локаторы,42.5,45.0,3.0,41.0,36.5,42.5
Продукты,Мака перуанская,4.5,4.5,3.0,35.0,30.5,4.5
Здоровье,Компрессионные жилеты,42.5,45.0,3.0,37.0,32.5,42.5
Товары для животных,Аквариумы,31.5,35.0,3.0,35.0,30.5,31.5
Аксессуары,Футляры для зарядного кабеля,44.5,45.0,3.0,48.0,43.5,44.5
Автозапчасти,Картеры двигателя,36.5,45.0,3.0,36.0,31.5,36.5
Книжная продукция и диски,Книги,39.5,45.0,3.0,43.0,38.5,39.5
Профессиональные музыкальные инструменты,Ударные установки,38.5,45.0,3.0,39.0,34.5,38.5
Сантехника,Теплые полы,37.5,45.0,3.0,38.0,33.5,37.5
Мебель офисная и торговое оборудование,Сортировщики монет,36.5,45.0,3.0,36.0,31.5,36.5
Одежда для малышей,Парки для малышей,44.5,45.0,3.0,48.0,43.5,44.5
Аксессуары для электроники,Антенны для радиостанций,39.5,45.0,3.0,32.0,27.5,39.5
Красота,Прокладки для груди,42.5,45.0,3.0,42.0,37.5,42.5
Спортивный товар,Моноколеса,40.5,45.0,3.0,43.5,39.0,40.5
Освещение,Торшеры напольные,39.5,45.0,3.0,39.0,34.5,39.5
Товары для животных,Импеллеры для аквариумного фильтра,31.5,35.0,3.0,31.0,26.5,31.5
Спортивный товар,Каны рыболовные,37.5,45.0,3.0,37.0,32.5,37.5
Все для садоводства,Дренажи,39.5,45.0,3.0,29.5,28.5,39.5
Техника для кухни,Омлетницы,34.5,35.0,3.0,32.0,27.5,34.5
Товары для взрослых,Эрекционные кольца,39.5,45.0,3.0,43.0,38.5,39.5
Мебель офисная и торговое оборудование,Стулья офисные,36.5,45.0,3.0,36.0,31.5,36.5
Аксессуары для электроники,Фреоны бытовые,42.5,45.0,3.0,37.0,32.5,42.5
Посуда и инвентарь,Пиалы,39.5,45.0,3.0,39.0,34.5,39.5
Мебель мягкая,Кресла-мешки,36.5,45.0,3.0,33.0,28.5,36.5
Мебель офисная и торговое оборудование,Детекторы валют,36.5,45.0,3.0,40.0,35.5,36.5
Продукты,Киноа,4.5,4.5,3.0,35.0,30.5,4.5
Автозапчасти,Статоры генератора,36.5,45.0,3.0,40.0,35.5,36.5
Аксессуары,Футляры для очков,44.5,45.0,3.0,48.0,43.5,44.5
Продукты,Консервированные готовые супы,4.5,4.5,3.0,32.0,27.5,4.5
Товары для животных,Велоспрингеры,31.5,35.0,3.0,35.0,30.5,31.5
Спецодежда и СИЗы,Наколенники рабочие,38.5,45.0,3.0,39.0,34.5,38.5
Рукоделие,Ножницы для рукоделия,39.5,45.0,3.0,39.0,34.5,39.5
Автоэлектроника,Парктроники,36.5,45.0,3.0,40.0,35.5,36.5
Автохимия и автокосметика,Очистители автостекол,36.5,45.0,3.0,40.0,35.5,36.5
Шины и диски,Шины для сельхозтехники,29.5,35.0,3.0,18.0,17.0,29.5
Красота,Картриджи для тату машинки,42.5,45.0,3.0,45.0,40.5,42.5
Автозапчасти,Прокладки крышки распределительного механизма,36.5,45.0,3.0,40.0,35.5,36.5
Белье,Неглиже,44.5,45.0,3.0,48.0,43.5,44.5
Головные уборы,Балаклавы,44.5,45.0,3.0,48.0,43.5,44.5
Аксессуары для электроники,Чехлы для флешек,44.5,45.0,3.0,48.0,43.5,44.5
Продукты,Консервы фруктовые,4.5,4.5,3.0,35.0,30.5,4.5
Садовая техника,Дровоколы электрические,38.5,45.0,3.0,39.0,34.5,38.5
Товары для отдыха и кемпинга,Товары для отдыха и кемпинга,38.5,45.0,3.0,42.0,37.5,38.5
Автоаксессуары и дополнительное оборудование,Распределители зажигания,36.5,45.0,3.0,40.0,35.5,36.5
Спортивный товар,Велокамеры,37.5,45.0,3.0,41.0,36.5,37.5
Одежда для малышей,Тренчкоты для малышей,44.5,45.0,3.0,44.0,39.5,44.5
Декор интерьера,Яйца сувенирные,39.5,45.0,3.0,43.0,38.5,39.5
Мебель малых форм,Декоративные аксессуары для мебели,36.5,45.0,3.0,29.0,24.5,36.5
Спортивный товар,Подушки для путешествий,37.5,45.0,3.0,41.0,36.5,37.5
Продукты,Заправки салатные,4.5,4.5,3.0,30.0,25.5,4.5
Товары для отдыха и кемпинга,Печи и парогенераторы для бани,38.5,45.0,3.0,33.0,28.5,38.5
Лотереи,Лотереи,10.0,10.0,3.0,10.0,10.0,10.0
Рукоделие,Мыльные основы,39.5,45.0,3.0,35.0,30.5,39.5
Масла и технические жидкости,Масла и технические жидкости,39.5,45.0,3.0,40.0,35.5,39.5
Товары для взрослых,Анальные бусы,39.5,45.0,3.0,43.0,38.5,39.5
Сантехника,Фильтры для слива,37.5,45.0,3.0,27.0,22.5,37.5
Здоровье,Повязки магнитные,42.5,45.0,3.0,34.5,30.0,42.5
Товары для взрослых,Насосы для секс кукол,39.5,45.0,3.0,34.0,29.5,39.5
Автохимия и автокосметика,Отвердители для автомобильных красок,36.5,45.0,3.0,36.0,31.5,36.5
Спортивный товар,Тумбы для запрыгиваний,37.5,45.0,3.0,38.0,33.5,37.5
Красота,Наборы для наращивания ресниц,42.5,45.0,3.0,44.0,39.5,42.5
Автозапчасти,Корпуса ключей зажигания,36.5,45.0,3.0,40.0,35.5,36.5
Автозапчасти,Болты вариатора,36.5,45.0,3.0,36.0,31.5,36.5
Отделочные материалы,Противовзломная фурнитура,38.5,45.0,3.0,33.0,28.5,38.5
Электроинструмент и оборудование,Пилы строительные,41.5,45.0,3.0,40.0,35.5,41.5
Товары для взрослых,Неглиже эротик,39.5,45.0,3.0,43.0,38.5,39.5
Спортивный товар,Дальномеры спортивные,37.5,45.0,3.0,41.0,36.5,37.5
Спортивные аксессуары,Другие принадлежности для рыбалки,39.5,45.0,3.0,39.0,34.5,39.5
Продукты,Жиры пищевые,4.5,4.5,3.0,32.0,27.5,4.5
Спецодежда и СИЗы,Комплекты одноразовых материалов,38.5,45.0,3.0,38.0,33.5,38.5
Канцелярские товары,Фольга для тиснения,39.5,45.0,3.0,34.0,29.5,39.5
Красота,Средства и приборы для очистки спонжей и кистей,42.5,45.0,3.0,46.0,41.5,42.5
Сантехника,Полки для ванной,37.5,45.0,3.0,39.0,34.5,37.5
Автохимия и автокосметика,Смазки автомобильные,36.5,45.0,3.0,36.0,31.5,36.5
Товары для животных,Прессы для корма,31.5,35.0,3.0,30.0,25.5,31.5
Автозапчасти,Форсунки топливные,36.5,45.0,3.0,36.0,31.5,36.5
Фарма,Препараты для дыхательной системы,3.0,3.0,3.0,3.0,3.0,3.0
Красота,Лаки для ногтей,42.5,45.0,3.0,46.0,41.5,42.5
Садовые инструменты и полив,Тройники и распределители садовые,39.5,45.0,3.0,39.0,34.5,39.5
Все для садоводства,Подставки для цветов,39.5,45.0,3.0,38.5,37.5,39.5
Рукоделие,Органайзеры для вышивки,39.5,45.0,3.0,43.0,38.5,39.5
Посуда и инвентарь,Ложки для мороженого,39.5,45.0,3.0,34.0,29.5,39.5
Сантехника,Радиаторы отопления,37.5,45.0,3.0,36.0,31.5,37.5
Шины и диски,Камеры автомобильные для шин,36.5,45.0,3.0,32.5,31.5,36.5
Спортивный товар,Раттлины,37.5,45.0,3.0,41.0,36.5,37.5
Рукоделие,Декор для творчества,39.5,45.0,3.0,43.0,38.5,39.5
Рукоделие,Наполнители для рукоделия,39.5,45.0,3.0,33.0,28.5,39.5
Телевизоры и аудиотехника,Виниловые проигрыватели,31.5,35.0,3.0,35.0,30.5,31.5
Товары для взрослых,Вакуумно-волновые стимуляторы,39.5,45.0,3.0,43.0,38.5,39.5
Садовая техника,Инструменты для заточки цепей,38.5,45.0,3.0,42.0,37.5,38.5
Посуда и инвентарь,Ветчинницы,39.5,45.0,3.0,39.0,34.5,39.5
Продукты,Консервированные готовые каши,4.5,4.5,3.0,35.0,30.5,4.5
Мебель малых форм,Обеденные группы,36.5,45.0,3.0,36.0,31.5,36.5
Мебель офисная и торговое оборудование,Кушетки косметологические,36.5,45.0,3.0,33.0,28.5,36.5
Спецодежда и СИЗы,Юбки рабочие,44.5,45.0,3.0,44.0,39.5,44.5
Мебель садовая,Скамейки садовые,36.5,45.0,3.0,34.0,29.5,36.5
Спортивный товар,Сумки для шайб,37.5,45.0,3.0,37.0,32.5,37.5
Спортивные аксессуары,Хлысты,39.5,45.0,3.0,43.0,38.5,39.5
Товары для взрослых,Насадки на страпон,39.5,45.0,3.0,43.0,38.5,39.5
Товары для животных,Сменные блоки к диффузорам для животных,31.5,35.0,3.0,35.0,30.5,31.5
Здоровье,Антибактериальные терапевтические приборы,42.5,45.0,3.0,35.0,30.5,42.5
Красота,Спонжи,42.5,45.0,3.0,34.0,29.5,42.5
Белье,Термоколготки,44.5,45.0,3.0,48.0,43.5,44.5
Мототовары,Тенты для мотоциклов,36.5,45.0,3.0,40.0,35.5,36.5
Товары для отдыха и кемпинга,Аксессуары для газовых грилей,38.5,45.0,3.0,38.0,33.5,38.5
Здоровье,Спреи для горла,42.5,45.0,3.0,39.0,34.5,42.5
Шины и диски,Колеса в сборе,36.5,45.0,3.0,27.5,26.5,36.5
Аксессуары,Цепочки для очков,44.5,45.0,3.0,45.0,40.5,44.5
Товары для малышей,Подзоры для кроватей,36.5,45.0,3.0,36.0,31.5,36.5
Мототовары,Запчасти для лодок и катеров,36.5,45.0,3.0,36.0,31.5,36.5
Техника для красоты и здоровья,Сауны и увлажнители для лица,35.5,35.0,3.0,33.0,28.5,35.5
Ручной инструмент и оснастка,Удлинители торцевых головок,41.5,45.0,3.0,42.0,37.5,41.5
Товары для отдыха и кемпинга,Гаражи сборные,3.0,3.0,3.0,3.0,3.0,3.0
Красота,Кондиционеры для волос,42.5,45.0,3.0,45.0,40.5,42.5
Автозапчасти,Кронштейны автомобильные,36.5,45.0,3.0,36.0,31.5,36.5
Ручной инструмент и оснастка,Клещи строительные,41.5,45.0,3.0,41.0,36.5,41.5
Хозяйственные товары,Диспенсеры для покрытий на унитаз,39.5,45.0,3.0,42.0,37.5,39.5
Игрушки,Настольные игры для детей,38.5,45.0,3.0,40.0,35.5,38.5
Техника для кухни,Соковыжималки электрические,34.5,35.0,3.0,35.0,30.5,34.5
Садовая техника,Газонокосилки,29.5,35.0,3.0,32.0,27.5,29.5
Красота,Очки для солярия,42.5,45.0,3.0,41.0,36.5,42.5
Продукты,Консервы мясные,4.5,4.5,3.0,35.0,30.5,4.5
Игровые консоли и игры,Картриджи игровые,31.5,35.0,3.0,35.0,30.5,31.5
Бижутерия,Упаковки для украшений,38.5,45.0,3.0,38.0,33.5,38.5
Мебель мягкая,Софы,36.5,45.0,3.0,25.0,20.5,36.5
Продукты,Пшено,4.5,4.5,3.0,28.0,23.5,4.5
Красота,Очистители воска,42.5,45.0,3.0,46.0,41.5,42.5
Автозапчасти,Паронитовые прокладки,36.5,45.0,3.0,36.0,31.5,36.5
Строительные материалы,Профили маячковые,38.5,45.0,3.0,38.0,33.5,38.5
Аксессуары,Аксессуары,44.5,45.0,3.0,48.0,43.5,44.5
Хозяйственные товары,Мешки для стирки,39.5,45.0,3.0,43.0,38.5,39.5
Все для садоводства,Скворечники,39.5,45.0,3.0,39.5,38.5,39.5
Спортивная одежда,Защита корпуса,44.5,45.0,3.0,46.0,41.5,44.5
Спортивные аксессуары,Гермочехлы,39.5,45.0,3.0,43.0,38.5,39.5
Автозапчасти,Сальники штока сцепления,36.5,45.0,3.0,40.0,35.5,36.5
Автохимия и автокосметика,Герметики автомобильные,36.5,45.0,3.0,40.0,35.5,36.5
Спортивный товар,Лопатки для плавания,37.5,45.0,3.0,41.0,36.5,37.5
Спортивные аксессуары,Защита ног лошади,39.5,45.0,3.0,39.0,34.5,39.5
Товары для курения,Подставки для кальянов,38.5,45.0,3.0,38.0,33.5,38.5
Здоровье,Внутриматочные спирали,42.5,45.0,3.0,39.0,34.5,42.5
Автозапчасти,Впускные трубы,36.5,45.0,3.0,36.0,31.5,36.5
Мебель малых форм,Интерьерные зеркала,36.5,45.0,3.0,36.0,31.5,36.5
Продукты,Пастила,4.5,4.5,3.0,35.0,30.5,4.5
Канцелярские товары,Анатомические модели,39.5,45.0,3.0,43.0,38.5,39.5
Освещение,Ночники,39.5,45.0,3.0,43.0,38.5,39.5
Рукоделие,Губки флористические,39.5,45.0,3.0,34.0,29.5,39.5
Религия и эзотерика,Урны для праха,19.5,25.0,3.0,33.0,29.5,19.5
Сантехника,Пескоуловители,37.5,45.0,3.0,37.0,32.5,37.5
Автозапчасти,Педали автомобильные,36.5,45.0,3.0,40.0,35.5,36.5
Мототовары,Прокладки двигателя для мототехники,36.5,45.0,3.0,40.0,35.5,36.5
Спортивное питание и косметика,Протеин,35.5,45.0,3.0,35.0,30.5,35.5
Аксессуары для малышей,Береты для малышей,44.5,45.0,3.0,48.0,43.5,44.5
Периферия и аксессуары,Мыши,34.5,35.0,3.0,38.0,33.5,34.5
Автозапчасти,Элементы облицовки,36.5,45.0,3.0,36.0,31.5,36.5
Здоровье,Средства от курения,42.5,45.0,3.0,39.0,34.5,42.5
Продукты,Гарнир,4.5,4.5,3.0,26.0,21.5,4.5
Головные уборы,Головные уборы,44.5,45.0,3.0,48.0,43.5,44.5
Одежда,Блузки,44.5,45.0,3.0,48.0,43.5,44.5
Автоаксессуары и дополнительное оборудование,Светоотражатели для авто,36.5,45.0,3.0,40.0,35.5,36.5
Бытовая техника,Гладильные прессы,35.5,35.0,3.0,30.0,25.5,35.5
Здоровье,Очки-тренажеры,42.5,45.0,3.0,39.0,34.5,42.5
Спецодежда и СИЗы,Топы одноразовые,38.5,45.0,3.0,42.0,37.5,38.5
Автозапчасти,Комплекты фильтров,36.5,45.0,3.0,36.0,31.5,36.5
Автозапчасти,Рычаги подвески,36.5,45.0,3.0,40.0,35.5,36.5
Красота,Акриловые пудры,42.5,45.0,3.0,46.0,41.5,42.5
Автозапчасти,Блоки системы дополнительного воздуха,36.5,45.0,3.0,35.5,31.0,36.5
Аксессуары,Чехлы для ручек,44.5,45.0,3.0,44.0,39.5,44.5
Белье,Колготки,44.5,45.0,3.0,48.0,43.5,44.5
Продукты,Листья бамбука,4.5,4.5,3.0,35.0,30.5,4.5
Игровые консоли и игры,Запчасти для игровых консолей,31.5,35.0,3.0,29.0,24.5,31.5
Красота,Точилки для бритвенных лезвий,42.5,45.0,3.0,46.0,41.5,42.5
Красота,Пинцеты для наращивания ресниц,42.5,45.0,3.0,46.0,41.5,42.5
Спортивная одежда,Водолазки спортивные,44.5,45.0,3.0,44.0,39.5,44.5
Сантехника,Кнопки смыва,37.5,45.0,3.0,37.0,32.5,37.5
Товары для малышей,Подстаканники для колясок,36.5,45.0,3.0,40.0,35.5,36.5
Продукты,Сардельки,4.5,4.5,3.0,26.0,21.5,4.5
Рукоделие,Лепные камни,39.5,45.0,3.0,43.0,38.5,39.5
Отделочные материалы,Краски декоративные,38.5,45.0,3.0,37.0,32.5,38.5
Спортивный товар,Маски для плавания,37.5,45.0,3.0,39.0,34.5,37.5
Бытовая техника,Гладильные системы,35.5,35.0,3.0,29.0,24.5,35.5
Спортивный товар,Кольца для палок,37.5,45.0,3.0,37.0,32.5,37.5
Спортивный товар,Датчики вращения педалей,37.5,45.0,3.0,41.0,36.5,37.5
Здоровье,Дозаторы шприцевые,35.5,45.0,3.0,35.0,30.5,35.5
Фото и Видеотехника,Фотоаппараты детские,38.5,45.0,3.0,38.0,33.5,38.5
Книжная продукция и диски,Раскраски,39.5,45.0,3.0,43.0,38.5,39.5
Игрушки,Ведерки детские,38.5,45.0,3.0,32.0,27.5,38.5
Спортивный товар,Аксессуары для пилатес,37.5,45.0,3.0,34.0,29.5,37.5
Сантехника,Вентиляционно-осушительные коробки,37.5,45.0,3.0,41.0,36.5,37.5
Здоровье,Бандажи до- и послеродовые,42.5,45.0,3.0,43.0,38.5,42.5
Спортивные аксессуары,Мосты для кия,39.5,45.0,3.0,42.5,38.0,39.5
Электрика,Прожекторы,38.5,45.0,3.0,35.0,30.5,38.5
Сантехника,Ножки для ванн,37.5,45.0,3.0,41.0,36.5,37.5
Сантехника,Вентили для радиаторов,37.5,45.0,3.0,41.0,36.5,37.5
Климатическая техника,Модули управления для водонагревателей,35.5,35.0,3.0,33.0,28.5,35.5
Отделочные материалы,Краски резиновые,38.5,45.0,3.0,34.0,29.5,38.5
Строительные материалы,Рым-соединения,38.5,45.0,3.0,42.0,37.5,38.5
Белье,Белье,44.5,45.0,3.0,48.0,43.5,44.5
Электрика,Протяжки для кабеля,38.5,45.0,3.0,35.0,30.5,38.5
Строительные материалы,Доски строительные,38.5,45.0,3.0,30.0,25.5,38.5
Строительные материалы,Щиты мебельные,38.5,45.0,3.0,24.0,19.5,38.5
Аксессуары,Гардеробные номерки,44.5,45.0,3.0,44.0,39.5,44.5
Товары для малышей,Ходунки для малышей,36.5,45.0,3.0,35.0,30.5,36.5
Посуда и инвентарь,Зубочистки,39.5,45.0,3.0,29.0,24.5,39.5
Мебель корпусная и мебель для хранения,Сундуки,36.5,45.0,3.0,36.0,31.5,36.5
Электрика,Кроссы оптические,38.5,45.0,3.0,35.0,30.5,38.5
Продукты,Пончики,4.5,4.5,3.0,31.0,26.5,4.5
Бытовая химия,Средства для пароконвектоматов,39.5,45.0,3.0,39.0,34.5,39.5
Отделочные материалы,Стеклопакеты,38.5,45.0,3.0,38.0,33.5,38.5
Красота,Ватные диски,42.5,45.0,3.0,46.0,41.5,42.5
Профессиональные музыкальные инструменты,Ложки музыкальные,38.5,45.0,3.0,42.0,37.5,38.5
Аксессуары,Имиджевые очки,44.5,45.0,3.0,48.0,43.5,44.5
Автозапчасти,Крышки маслозаливной горловины,36.5,45.0,3.0,36.0,31.5,36.5
Здоровье,Грелки,42.5,45.0,3.0,43.0,38.5,42.5
Сантехника,Системы и гарнитуры душевые,37.5,45.0,3.0,39.0,34.5,37.5
Продукты,Консервы из морепродуктов,4.5,4.5,3.0,35.0,30.5,4.5
Продукты,Шоколад плиточный,4.5,4.5,3.0,35.0,30.5,4.5
Товары для взрослых,Мастурбаторы мужские,39.5,45.0,3.0,42.0,37.5,39.5
Рукоделие,Манжеты для шитья,39.5,45.0,3.0,39.0,34.5,39.5
Электроинструмент и оборудование,Пневмошлифмашины,41.5,45.0,3.0,40.5,36.0,41.5
Спортивная одежда,Брюки спортивные,44.5,45.0,3.0,48.0,43.5,44.5
Все для садоводства,Крышки для люков декоративные,39.5,45.0,3.0,29.5,28.5,39.5
Мебель корпусная и мебель для хранения,Шкафные группы,36.5,45.0,3.0,32.0,27.5,36.5
Телевизоры и аудиотехника,Усилители Hi-Fi,39.5,45.0,3.0,35.5,31.0,39.5
Продукты,Компоты,4.5,4.5,3.0,26.0,21.5,4.5
Товары для взрослых,Перчатки эротик,39.5,45.0,3.0,43.0,38.5,39.5
Аксессуары для электроники,Другие аксессуары для смартфона,44.5,45.0,3.0,34.0,29.5,44.5
Аксессуары,Формодержатели для сумок,44.5,45.0,3.0,44.0,39.5,44.5
Красота,Точилки косметические,42.5,45.0,3.0,31.0,26.5,42.5
Посуда и инвентарь,Тортовницы,39.5,45.0,3.0,34.0,29.5,39.5
Все для садоводства,Аэраторы для пруда,39.5,45.0,3.0,35.5,34.5,39.5
Аксессуары для обуви,Пропитки для обуви,44.5,45.0,3.0,44.0,39.5,44.5
Посуда и инвентарь,Кисточки кулинарные,39.5,45.0,3.0,31.0,26.5,39.5
Игрушки,Пружинки игровые,38.5,45.0,3.0,35.0,30.5,38.5
Спортивные аксессуары,Смазки для велосипеда,39.5,45.0,3.0,32.0,28.0,39.5
Спортивная обувь,Боты для дайвинга,44.5,45.0,3.0,43.0,38.5,44.5
Здоровье,Специализированное питание,42.5,45.0,3.0,39.0,34.5,42.5
Техника для кухни,Воздуховоды для вытяжек,34.5,35.0,3.0,32.0,27.5,34.5
Товары для животных,Рефлекторы для птиц,31.5,35.0,3.0,35.0,30.5,31.5
Канцелярские товары,Палитры,39.5,45.0,3.0,31.0,26.5,39.5
Аксессуары для электроники,Скрепки для сим-карт,42.5,45.0,3.0,35.0,30.5,42.5
Автозапчасти,Тросики газа,36.5,45.0,3.0,40.0,35.5,36.5
Игрушки,Формочки игрушечные,38.5,45.0,3.0,37.0,32.5,38.5
Рукоделие,Ткани для рукоделия,39.5,45.0,3.0,43.0,38.5,39.5
Товары для отдыха и кемпинга,Рукомойники,38.5,45.0,3.0,38.0,33.5,38.5
Товары для малышей,Стопомеры,36.5,45.0,3.0,40.0,35.5,36.5
Спортивные аксессуары,Нашлемники,39.5,45.0,3.0,41.0,36.5,39.5
Садовые инструменты и полив,Веники садовые,39.5,45.0,3.0,43.0,38.5,39.5
Ручной инструмент и оснастка,Ключи шестигранные,41.5,45.0,3.0,45.0,40.5,41.5
Товары для животных,Брудеры,31.5,35.0,3.0,35.0,30.5,31.5
Садовые инструменты и полив,Термометры уличные,39.5,45.0,3.0,29.0,24.5,39.5
Товары для взрослых,Комплекты БДСМ,39.5,45.0,3.0,40.0,35.5,39.5
Товары для курения,Трубки курительные,38.5,45.0,3.0,42.0,37.5,38.5
Товары для животных,Клетки для птиц,31.5,35.0,3.0,30.0,25.5,31.5
Мебель мягкая,Диваны детские,36.5,45.0,3.0,29.0,24.5,36.5
Автозапчасти,Ремни ГРМ,36.5,45.0,3.0,40.0,35.5,36.5
Спортивный товар,Поводки рыболовные,37.5,45.0,3.0,41.0,36.5,37.5
Мебель корпусная и мебель для хранения,Шкафы распашные,36.5,45.0,3.0,30.0,25.5,36.5
Автозапчасти,Реле автомобильные,36.5,45.0,3.0,40.0,35.5,36.5
Рукоделие,Щипцы для рукоделия,39.5,45.0,3.0,39.0,34.5,39.5
Посуда и инвентарь,Формы для мороженого,39.5,45.0,3.0,43.0,38.5,39.5
Текстиль для дома,Коврики настольные,39.5,45.0,3.0,39.0,34.5,39.5
Профессиональные музыкальные инструменты,Балалайки,38.5,45.0,3.0,37.0,32.5,38.5
Электрика,Контроллеры электромагнитного клапана,42.5,45.0,3.0,39.5,35.0,42.5
Автозапчасти,Суппорты тормозные,36.5,45.0,3.0,40.0,35.5,36.5
Спортивный товар,Зеркала велосипедные,37.5,45.0,3.0,41.0,36.5,37.5
Оргтехника,Чернила для принтера,34.5,35.0,3.0,38.0,33.5,34.5
Электрика,Выключатели электронные,38.5,45.0,3.0,35.0,30.5,38.5
Товары для животных,Помпы для аквариума,31.5,35.0,3.0,35.0,30.5,31.5
Спортивный товар,Стойки баскетбольные,37.5,45.0,3.0,31.0,26.5,37.5
Мебель мягкая,Кресла,36.5,45.0,3.0,25.0,20.5,36.5
Продукты,Вина игристые безалкогольные,4.5,4.5,3.0,35.0,30.5,4.5
Аксессуары для волос,Шпильки,44.5,45.0,3.0,42.0,37.5,44.5
Головные уборы,Капоры,44.5,45.0,3.0,48.0,43.5,44.5
Здоровье,Растворы для контактных линз,42.5,45.0,3.0,44.0,39.5,42.5
Здоровье,Маски одноразовые,42.5,45.0,3.0,40.0,35.5,42.5
Профессиональные музыкальные инструменты,Дамару,38.5,45.0,3.0,42.0,37.5,38.5
Техника для кухни,Фонтаны для напитков,34.5,35.0,3.0,27.0,22.5,34.5
Товары для животных,Средства от блох и клещей,31.5,35.0,3.0,35.0,30.5,31.5
Аксессуары для электроники,Кронштейны для мониторов,34.5,35.0,3.0,38.0,33.5,34.5
Продукты,Крупа манная,4.5,4.5,3.0,20.0,15.5,4.5
Спортивный товар,Калиперы тормозные,37.5,45.0,3.0,37.0,32.5,37.5
Отделочные материалы,Цилиндры для замка,38.5,45.0,3.0,42.0,37.5,38.5
Автохимия и автокосметика,Полироли дисков,36.5,45.0,3.0,40.0,35.5,36.5
Товары для животных,Совки для корма,31.5,35.0,3.0,20.0,15.5,31.5
Красота,Пульверизаторы парикмахерские,42.5,45.0,3.0,41.0,36.5,42.5
Товары для малышей,Защитные сидушки детские,36.5,45.0,3.0,40.0,35.5,36.5
Спортивная одежда,Куртки горнолыжные,44.5,45.0,3.0,39.0,34.5,44.5
Мототовары,Коньки для лыж снегохода,36.5,45.0,3.0,31.0,26.5,36.5
Посуда и инвентарь,Чайники заварочные,39.5,45.0,3.0,42.0,37.5,39.5
Товары для животных,Лампы для птиц и животных,31.5,35.0,3.0,31.0,26.5,31.5
Аксессуары для обуви,Стельки,44.5,45.0,3.0,48.0,43.5,44.5
Товары для малышей,Ленты для конверта новорожденного,36.5,45.0,3.0,36.0,31.5,36.5
Бытовая химия,Средства от накипи,39.5,45.0,3.0,43.0,38.5,39.5
Продукты,Маринады,4.5,4.5,3.0,30.0,25.5,4.5
Автоаксессуары и дополнительное оборудование,Подогреватели предпусковые,36.5,45.0,3.0,36.0,31.5,36.5
Строительные материалы,Слэбы,38.5,45.0,3.0,33.0,28.5,38.5
Автозапчасти,Стеклоподъемники,36.5,45.0,3.0,36.0,31.5,36.5
Умный дом и безопасность,Умный дом и безопасность,34.5,35.0,3.0,38.0,33.5,34.5
Продукты,Закваски,4.5,4.5,3.0,35.0,30.5,4.5
Садовые инструменты и полив,Емкости для воды садовые,39.5,45.0,3.0,33.0,28.5,39.5
Здоровье,Кружки Эсмарха,42.5,45.0,3.0,43.0,38.5,42.5
Оргтехника,Сканеры,34.5,35.0,3.0,38.0,33.5,34.5
Товары для взрослых,Подвязки эротик,39.5,45.0,3.0,43.0,38.5,39.5
Товары для животных,Сменные накладки для шлеек,31.5,35.0,3.0,26.0,21.5,31.5
Шторы и аксессуары,Комплектующие для карнизов,39.5,45.0,3.0,42.0,37.5,39.5
Сантехника,Писсуары сантехнические,37.5,45.0,3.0,31.5,27.0,37.5
Текстиль для дома,Коврики под компьютерное кресло,39.5,45.0,3.0,39.0,34.5,39.5
Автоаксессуары и дополнительное оборудование,Дневные ходовые огни,36.5,45.0,3.0,36.0,31.5,36.5
Продукты,Оливки,4.5,4.5,3.0,35.0,30.5,4.5
Крупная бытовая техника,Холодильники,29.5,35.0,3.0,19.5,18.5,29.5
Посуда и инвентарь,Пистолеты-распылители кондитерские,39.5,45.0,3.0,41.0,36.5,39.5
Строительные материалы,Сэндвич панели,38.5,45.0,3.0,30.5,26.0,38.5
Товары для животных,Фены для животных,31.5,35.0,3.0,35.0,30.5,31.5
Аксессуары для малышей,Панамы для малышей,44.5,45.0,3.0,48.0,43.5,44.5
Электрика,Изоляторы декоративные,38.5,45.0,3.0,35.0,30.5,38.5
Посуда и инвентарь,Блюда,39.5,45.0,3.0,43.0,38.5,39.5
Игрушки,Сухие бассейны,38.5,45.0,3.0,42.0,37.5,38.5
Спортивный товар,Тренажеры для шеи,37.5,45.0,3.0,41.0,36.5,37.5
Хранение вещей,Подставки для сумок,36.5,45.0,3.0,36.0,31.5,36.5
Спортивные аксессуары,Сети маскировочные,39.5,45.0,3.0,39.0,34.5,39.5
Отделочные материалы,Пробковые полы,38.5,45.0,3.0,41.5,33.0,38.5
Автозапчасти,Усилители тормоза,36.5,45.0,3.0,35.0,30.5,36.5
Одежда для малышей,Ползунки,44.5,45.0,3.0,44.0,39.5,44.5
Товары для малышей,Утилизаторы,36.5,45.0,3.0,36.0,31.5,36.5
Электрика,Разветвители электрические,38.5,45.0,3.0,35.0,30.5,38.5
Профессиональные музыкальные инструменты,Линейные массивы,38.5,45.0,3.0,31.0,26.5,38.5
Продукты,Хлопья рисовые,4.5,4.5,3.0,30.0,25.5,4.5
Спортивный товар,Крылья велосипедные,37.5,45.0,3.0,40.0,35.5,37.5
Текстиль для дома,Полотенца банные,39.5,45.0,3.0,38.0,33.5,39.5
Бытовая химия,Пеногасители,39.5,45.0,3.0,39.0,34.5,39.5
Религия и эзотерика,Лампады,24.5,29.5,5.0,38.0,34.5,24.5
Игрушки,Гироциклы,40.5,45.0,3.0,39.0,30.5,40.5
Автоаксессуары и дополнительное оборудование,Розетки для фаркопов,36.5,45.0,3.0,40.0,35.5,36.5
Сантехника,Дымоходы,37.5,45.0,3.0,37.0,32.5,37.5
Автозапчасти,Щитки маслоразбрызгивающие,36.5,45.0,3.0,31.0,26.5,36.5
Оргтехника,Плоттеры,34.5,35.0,3.0,32.0,27.5,34.5
Мототовары,Мототовары,36.5,45.0,3.0,40.0,35.5,36.5
Масла и технические жидкости,Мочевина,36.5,45.0,3.0,33.0,28.5,36.5
Спортивный товар,Вершинки фидерные,37.5,45.0,3.0,37.0,32.5,37.5
Канцелярские товары,Пинцеты для коллекционирования,39.5,45.0,3.0,38.0,33.5,39.5
Автозапчасти,Трубы автомобильные,36.5,45.0,3.0,39.0,34.5,36.5
Религия и эзотерика,Религия и эзотерика,24.5,29.5,5.0,38.0,34.5,24.5
Одежда для малышей,Накидки для малышей,44.5,45.0,3.0,48.0,43.5,44.5
Товары для взрослых,Гартеры эротик,39.5,45.0,3.0,43.0,38.5,39.5
Автозапчасти,Планки успокоителя,36.5,45.0,3.0,38.0,33.5,36.5
Отделочные материалы,Плинтусы потолочные,38.5,45.0,3.0,42.0,37.5,38.5
Продукты,Топпинги,4.5,4.5,3.0,34.0,29.5,4.5
Красота,Средства для снятия ресниц,42.5,45.0,3.0,46.0,41.5,42.5
Электроинструмент и оборудование,Граверы,41.5,45.0,3.0,44.0,39.5,41.5
Товары для животных,Таймеры для аквариума,31.5,35.0,3.0,31.0,26.5,31.5
Посуда и инвентарь,Тендерайзеры,39.5,45.0,3.0,39.0,34.5,39.5
Строительные материалы,Аэраторы кровельные,38.5,45.0,3.0,24.0,19.5,38.5
Товары для отдыха и кемпинга,Бытовки сборные,3.0,3.0,3.0,3.0,3.0,3.0
Аксессуары,Маски для сна,44.5,45.0,3.0,48.0,43.5,44.5
Здоровье,Межпальцевые перегородки,42.5,45.0,3.0,41.0,36.5,42.5
Здоровье,Оздоровительная косметика,42.5,45.0,3.0,40.0,35.5,42.5
Автозапчасти,Резисторы автомобильные,36.5,45.0,3.0,36.0,31.5,36.5
Одежда,Туники,44.5,45.0,3.0,48.0,43.5,44.5
Товары для курения,Мелассоуловители для кальяна,38.5,45.0,3.0,38.0,33.5,38.5
Здоровье,Шпатели медицинские,42.5,45.0,3.0,39.0,34.5,42.5
Электроинструмент и оборудование,Ресиверы для компрессоров,41.5,45.0,3.0,44.0,39.5,41.5
Мототовары,Мотозащита,36.5,45.0,3.0,38.0,33.5,36.5
Мототовары,Колесные спицы для мототехники,36.5,45.0,3.0,40.0,35.5,36.5
Ручной инструмент и оснастка,Аксессуары для лестниц,41.5,45.0,3.0,38.0,33.5,41.5
Канцелярские товары,Принадлежности для письма по Брайлю,39.5,45.0,3.0,43.0,38.5,39.5
Посуда и инвентарь,Подставки под горячее,39.5,45.0,3.0,38.5,34.0,39.5
Аксессуары,Митенки,44.5,45.0,3.0,48.0,43.5,44.5
Спортивное питание и косметика,Креатины,35.5,45.0,3.0,39.0,34.5,35.5
Товары для животных,Витамины и добавки для животных,31.5,35.0,3.0,35.0,30.5,31.5
Продукты,Оболочки для колбас,4.5,4.5,3.0,35.0,30.5,4.5
Фарма,Болеутоляющие препараты,3.0,3.0,3.0,3.0,3.0,3.0
Фото и Видеотехника,Сумки для фотоаппаратов,38.5,45.0,3.0,36.0,31.5,38.5
Товары для малышей,Чехлы для шезлонга,36.5,45.0,3.0,40.0,35.5,36.5
Красота,Пигменты,42.5,45.0,3.0,46.0,41.5,42.5
Спортивный товар,Мини-тиры,37.5,45.0,3.0,37.0,32.5,37.5
Красота,Шампуни,42.5,45.0,3.0,42.5,38.0,42.5
Спортивный товар,Грузила,37.5,45.0,3.0,41.0,36.5,37.5
Товары для взрослых,Шорты эротик,39.5,45.0,3.0,43.0,38.5,39.5
Здоровье,Слуховые аппараты,42.5,45.0,3.0,40.0,35.5,42.5
Автозапчасти,Прокладки компрессора,36.5,45.0,3.0,40.0,35.5,36.5
Автозапчасти,Регуляторы холостого хода,36.5,45.0,3.0,40.0,35.5,36.5
Хозяйственные товары,Доски гладильные,39.5,45.0,3.0,34.0,29.5,39.5
Сантехника,Проходки для труб,37.5,45.0,3.0,39.0,34.5,37.5
Автоаксессуары и дополнительное оборудование,Автокружки,36.5,45.0,3.0,38.0,33.5,36.5
Спортивное питание и косметика,Печенье спортивное,35.5,45.0,3.0,34.0,29.5,35.5
Посуда и инвентарь,Венчики,39.5,45.0,3.0,34.0,29.5,39.5
Спортивные аксессуары,Одеяла для йоги,39.5,45.0,3.0,38.5,34.0,39.5
Мототовары,Тенты для снегоходов,36.5,45.0,3.0,40.0,35.5,36.5
Ручной инструмент и оснастка,Ножовки,41.5,45.0,3.0,43.0,38.5,41.5
Мебель офисная и торговое оборудование,Колеса мебельные,36.5,45.0,3.0,36.0,31.5,36.5
Продукты,Водоросли морские,4.5,4.5,3.0,35.0,30.5,4.5
Мебель малых форм,Столы журнальные,36.5,45.0,3.0,35.0,30.5,36.5
Техника для кухни,Шоколадные фонтаны,34.5,35.0,3.0,32.0,27.5,34.5
Рукоделие,Паяльники для страз,39.5,45.0,3.0,39.0,34.5,39.5
Здоровье,Аппликаторы игольчатые,42.5,45.0,3.0,36.0,31.5,42.5
Профессиональные музыкальные инструменты,Гармони,38.5,45.0,3.0,42.0,31.5,38.5
Электрика,Индикаторы и дисплеи,38.5,45.0,3.0,35.0,30.5,38.5
Климатическая техника,Фильтры для тепловентиляторов,35.5,35.0,3.0,33.0,28.5,35.5
Освещение,Светодиодные ленты,39.5,45.0,3.0,43.0,38.5,39.5
Здоровье,Офтальмоскопы ручные,42.5,45.0,3.0,41.0,36.5,42.5
Декор интерьера,Шкатулки,39.5,45.0,3.0,43.0,38.5,39.5
Рукоделие,Блестки декоративные,39.5,45.0,3.0,42.0,37.5,39.5
Игровые консоли и игры,Камеры для игровых консолей,31.5,35.0,3.0,35.0,30.5,31.5
Автозапчасти,Модули зажигания,36.5,45.0,3.0,40.0,35.5,36.5
Продукты,Чебуреки,4.5,4.5,3.0,26.0,21.5,4.5
Мебель офисная и торговое оборудование,Ленты кромочные,36.5,45.0,3.0,36.0,31.5,36.5
Товары для животных,Аксессуары для конюшни,31.5,35.0,3.0,31.0,26.5,31.5
Рукоделие,Наборы для вышивания,39.5,45.0,3.0,43.0,38.5,39.5
Электроинструмент и оборудование,Шлифовальные машины,41.5,45.0,3.0,43.5,39.0,41.5
Продукты,Загустители,4.5,4.5,3.0,35.0,30.5,4.5
Фото и Видеотехника,Средства для чистки оптики,38.5,45.0,3.0,42.0,37.5,38.5
Продукты,Глазурь,4.5,4.5,3.0,31.0,26.5,4.5
Ручной инструмент и оснастка,Анемометры,41.5,45.0,3.0,45.0,40.5,41.5
Аккумуляторы для ТС,Аккумуляторы для мотоциклов,36.5,45.0,3.0,32.0,27.5,36.5
Товары для отдыха и кемпинга,Подставки для шампуров,38.5,45.0,3.0,42.0,37.5,38.5
Строительные материалы,Комплектующие для плитки фасадной,38.5,45.0,3.0,42.0,37.5,38.5
Освещение,Споты и трек-системы,39.5,45.0,3.0,43.0,38.5,39.5
Отделочные материалы,Герметики,38.5,45.0,3.0,42.0,37.5,38.5
Посуда и инвентарь,Кофемолки механические,39.5,45.0,3.0,43.0,38.5,39.5
Оргтехника,Принтеры портативные,34.5,35.0,3.0,38.0,33.5,34.5
Товары для животных,Яйца подкладные,31.5,35.0,3.0,30.0,25.5,31.5
Ручной инструмент и оснастка,Шаберы слесарные,41.5,45.0,3.0,45.0,40.5,41.5
Мототовары,Глушители для мототехники,36.5,45.0,3.0,40.0,35.5,36.5
Канцелярские товары,Нити для прошивки документов,39.5,45.0,3.0,34.0,29.5,39.5
Красота,Иглы для тату,42.5,45.0,3.0,46.0,41.5,42.5
Игрушки,Фигурки-игрушки,38.5,45.0,3.0,42.0,37.5,38.5
Спортивная одежда,Куртки для самбо,44.5,45.0,3.0,44.0,39.5,44.5
Спортивный товар,Тренажеры для подъема стопы,37.5,45.0,3.0,37.0,32.5,37.5
Готовая еда,Вторые блюда,4.5,4.5,3.0,38.0,34.5,4.5
Электрика,Резонаторы,38.5,45.0,3.0,35.0,30.5,38.5
Посуда и инвентарь,Турки,39.5,45.0,3.0,43.0,38.5,39.5
Бытовая техника,Ремни для швейных машин,35.5,35.0,3.0,28.0,23.5,35.5
Спортивный товар,Наборы балансиров,37.5,45.0,3.0,31.0,26.5,37.5
Мебель малых форм,Зеркала для спальни,36.5,45.0,3.0,36.0,31.5,36.5
Мебель мягкая,Пуфы,36.5,45.0,3.0,28.0,23.5,36.5
Продукты,Приправы и специи,4.5,4.5,3.0,35.0,30.5,4.5
Электрика,Рамки для розеток и выключателей,38.5,45.0,3.0,35.0,30.5,38.5
Автоаксессуары и дополнительное оборудование,Распылители для химчистки,36.5,45.0,3.0,36.0,31.5,36.5
Для праздника,Пиньяты,42.5,45.0,3.0,39.0,34.5,42.5
Товары для животных,Вилки для распечатывания сот,31.5,35.0,3.0,31.0,26.5,31.5
Спортивные аксессуары,Другие велозапчасти,39.5,45.0,3.0,39.0,34.5,39.5
Профессиональные музыкальные инструменты,Аксессуары для музыкальных инструментов,38.5,45.0,3.0,42.0,37.5,38.5
Умный дом и безопасность,Муляжи камер видеонаблюдения,34.5,35.0,3.0,32.0,27.5,34.5
Товары для отдыха и кемпинга,Зонты пляжные,38.5,45.0,3.0,37.0,32.5,38.5
Продукты,Димсамы,4.5,4.5,3.0,26.0,21.5,4.5
Здоровье,Трикотажные изделия,42.5,45.0,3.0,37.0,32.5,42.5
Товары для малышей,Вожжи,36.5,45.0,3.0,36.0,31.5,36.5
Телевизоры и аудиотехника,Магнитолы,39.5,45.0,3.0,38.0,33.5,39.5
Здоровье,Термометры медицинские,42.5,45.0,3.0,45.5,41.0,42.5
Умный дом и безопасность,Электроприводы для окон,34.5,35.0,3.0,32.0,27.5,34.5
Строительные материалы,Колючие проволоки,38.5,45.0,3.0,40.0,35.5,38.5
Спортивный товар,Дубинки телескопические,37.5,45.0,3.0,37.0,32.5,37.5
Климатическая техника,Электрические грелки,35.5,35.0,3.0,33.0,28.5,35.5
Аксессуары,Тату-рукава,44.5,45.0,3.0,38.0,33.5,44.5
Автозапчасти,Фильтры масляные,36.5,45.0,3.0,40.0,35.5,36.5
Ювелирные украшения,Ювелирные замки,43.0,45.0,3.0,43.0,42.0,43.0
Ручной инструмент и оснастка,Пирометры,41.5,45.0,3.0,45.0,40.5,41.5
Мототовары,Электроскутеры,40.5,45.0,3.0,34.0,29.5,40.5
Одежда для малышей,Поло для малышей,44.5,45.0,3.0,48.0,43.5,44.5
Продукты,Замороженная птица,4.5,4.5,3.0,26.0,21.5,4.5
Мебель офисная и торговое оборудование,Кресла руководителя,36.5,45.0,3.0,30.0,25.5,36.5
Здоровье,Аксессуары для массажеров,42.5,45.0,3.0,37.0,32.5,42.5
Спортивные аксессуары,Шипы для шиповок,39.5,45.0,3.0,43.0,38.5,39.5
Автозапчасти,Шестерни автомобильные,36.5,45.0,3.0,36.0,31.5,36.5
Автозапчасти,Гильзы цилиндра,36.5,45.0,3.0,40.0,35.5,36.5
Текстиль для дома,Подушки для ванны,39.5,45.0,3.0,42.0,37.5,39.5
Игрушки,Нейроскакалки,38.5,45.0,3.0,37.0,32.5,38.5
Автозапчасти,Подшипники автомобильные,36.5,45.0,3.0,36.0,31.5,36.5
Для праздника,Баллоны с гелием,42.5,45.0,3.0,45.0,40.5,42.5
Аксессуары для волос,Спирали для прически,44.5,45.0,3.0,38.0,33.5,44.5
Автоаксессуары и дополнительное оборудование,Накладки на педали,36.5,45.0,3.0,36.0,31.5,36.5
Спортивный товар,Пеги велосипедные,37.5,45.0,3.0,41.0,36.5,37.5
Мебель офисная и торговое оборудование,Фискальные накопители,36.5,45.0,3.0,40.0,35.5,36.5
Игрушки,Песок для песочниц,38.5,45.0,3.0,32.0,27.5,38.5
Продукты,Икра имитированная красная,4.5,4.5,3.0,31.0,26.5,4.5
Посуда и инвентарь,Ковши,39.5,45.0,3.0,39.0,34.5,39.5
Спортивный товар,Газовые горелки туристические,37.5,45.0,3.0,31.0,26.5,37.5
Продукты,Смеси для супов,4.5,4.5,3.0,30.0,25.5,4.5
Красота,Чехлы для парикмахерских инструментов,42.5,45.0,3.0,42.0,37.5,42.5
Здоровье,Носилки,42.5,45.0,3.0,46.0,41.5,42.5
Ручной инструмент и оснастка,Стусла,41.5,45.0,3.0,36.0,31.5,41.5
Одежда,Дубленки,44.5,45.0,3.0,38.0,33.5,44.5
Красота,Автозагар,42.5,45.0,3.0,46.0,41.5,42.5
Ювелирные украшения,Ювелирные шармы,43.0,45.0,3.0,43.0,42.0,43.0
Садовые инструменты и полив,Разбрызгиватели и дождеватели,39.5,45.0,3.0,39.0,34.5,39.5
Автоэлектроника,Усилители автомобильные,36.5,45.0,3.0,40.0,35.5,36.5
Спортивный товар,Фонари велосипедные,37.5,45.0,3.0,37.0,32.5,37.5
Спортивный товар,Колонки рулевые,37.5,45.0,3.0,41.0,36.5,37.5
Посуда и инвентарь,Формы для сыра,39.5,45.0,3.0,39.0,34.5,39.5
Красота,Сборы для ванн,42.5,45.0,3.0,46.0,41.5,42.5
Товары для курения,Прочие изделия для курения,38.5,45.0,3.0,38.0,33.5,38.5
Продукты,Холодец,4.5,4.5,3.0,26.0,21.5,4.5
Электрика,Трубки термоусадочные,38.5,45.0,3.0,35.0,30.5,38.5
Автозапчасти,Форсунки масляные,36.5,45.0,3.0,40.0,35.5,36.5
Бытовая химия,Спреи для одежды,39.5,45.0,3.0,43.0,38.5,39.5
Красота,Термальная вода,42.5,45.0,3.0,46.0,41.5,42.5
Одежда,Свитшоты,44.5,45.0,3.0,48.0,43.5,44.5
Автоаксессуары и дополнительное оборудование,Наборы автомобилиста,36.5,45.0,3.0,39.0,34.5,36.5
Канцелярские товары,Диспенсеры канцелярские,39.5,45.0,3.0,42.0,37.5,39.5
Игрушки,Самолеты и вертолеты,38.5,45.0,3.0,38.0,33.5,38.5
Спортивный товар,Световозвращатели спортивные,37.5,45.0,3.0,32.0,27.5,37.5
Ручной инструмент и оснастка,Тали цепные,41.5,45.0,3.0,39.0,34.5,41.5
Бытовая химия,Средства для сельскохозяйственного оборудования,39.5,45.0,3.0,42.0,37.5,39.5
Товары для животных,Аксессуары для животных,31.5,35.0,3.0,32.0,27.5,31.5
Автоаксессуары и дополнительное оборудование,Органайзеры на сиденья,36.5,45.0,3.0,36.0,31.5,36.5
Бытовая техника,Швейные машины,35.5,35.0,3.0,37.0,32.5,35.5
Климатическая техника,Озонаторы,35.5,35.0,3.0,33.0,28.5,35.5
Техника для кухни,Ножи для мясорубок,34.5,35.0,3.0,32.0,27.5,34.5
Строительные материалы,Утеплители напыляемые,38.5,45.0,3.0,23.0,18.5,38.5
Сантехника,Запчасти для водонагревателей,37.5,45.0,3.0,41.0,36.5,37.5
Здоровье,Товары для стоп,42.5,45.0,3.0,37.0,32.5,42.5
Техника для красоты и здоровья,Триммеры,35.5,35.0,3.0,33.0,28.5,35.5
Товары для взрослых,Помады эротик,39.5,45.0,3.0,43.0,38.5,39.5
Продукты,Начинки для выпечки,4.5,4.5,3.0,31.0,26.5,4.5
Красота,Жидкие подводки,42.5,45.0,3.0,45.0,40.5,42.5
Посуда и инвентарь,Скороварки для плиты,39.5,45.0,3.0,42.0,37.5,39.5
Крупная бытовая техника,Варочные панели,29.5,35.0,3.0,26.5,25.5,29.5
Телевизоры и аудиотехника,Модули доступа ТВ,39.5,45.0,3.0,41.5,37.0,39.5
Хозяйственные товары,Наборы аксессуаров для ванн,39.5,45.0,3.0,42.0,37.5,39.5
Товары для взрослых,Пеньюары эротик,39.5,45.0,3.0,39.0,34.5,39.5
Спортивный товар,Монтажи рыболовные,37.5,45.0,3.0,37.0,32.5,37.5
Спортивные аксессуары,Держатели щитков,39.5,45.0,3.0,39.0,34.5,39.5
Мебель офисная и торговое оборудование,Кабины примерочные,36.5,45.0,3.0,40.0,35.5,36.5
Отделочные материалы,Панели для кухонных фартуков,38.5,45.0,3.0,33.0,28.5,38.5
Канцелярские товары,Подставки канцелярские,39.5,45.0,3.0,39.0,34.5,39.5
Строительные материалы,Уголки крепежные,38.5,45.0,3.0,39.0,34.5,38.5
Спортивные аксессуары,Накидки маскировочные,39.5,45.0,3.0,43.0,38.5,39.5
Мебель офисная и торговое оборудование,Терминалы для эквайринга,36.5,45.0,3.0,30.0,25.5,36.5
Электрика,Провода электрические,38.5,45.0,3.0,35.0,30.5,38.5
Аксессуары для электроники,Чехлы для камер,44.5,45.0,3.0,44.0,39.5,44.5
Посуда и инвентарь,Миксеры механические,39.5,45.0,3.0,43.0,38.5,39.5
Строительные материалы,Ленты малярные,38.5,45.0,3.0,35.0,30.5,38.5
Для праздника,Деньги сувенирные,42.5,45.0,3.0,44.0,39.5,42.5
Спецодежда и СИЗы,Головные уборы рабочие,44.5,45.0,3.0,45.0,40.5,44.5
Ручной инструмент и оснастка,Запчасти для компрессоров,41.5,45.0,3.0,41.0,36.5,41.5
Аксессуары для электроники,Чехлы-накладки для телефонов,44.5,45.0,3.0,43.0,38.5,44.5
Автозапчасти,Буферы автомобильные,36.5,45.0,3.0,40.0,35.5,36.5
Канцелярские товары,Закладки,39.5,45.0,3.0,29.0,24.5,39.5
Товары для отдыха и кемпинга,Наборы аксессуаров для бани,38.5,45.0,3.0,38.0,33.5,38.5
Спортивный товар,Бодибары,37.5,45.0,3.0,41.0,36.5,37.5
Оргтехника,Аккумуляторы для ИБП,34.5,35.0,3.0,38.0,33.5,34.5
Товары для животных,Налобники от насекомых,31.5,35.0,3.0,35.0,30.5,31.5
Аксессуары,Бабочки,44.5,45.0,3.0,48.0,43.5,44.5
Автоаксессуары и дополнительное оборудование,Линзы в фары,36.5,45.0,3.0,40.0,35.5,36.5
Здоровье,Аппараты магнитотерапии,35.5,45.0,3.0,39.0,34.5,35.5
Товары для отдыха и кемпинга,Грили газовые,38.5,45.0,3.0,42.0,37.5,38.5
Мебель корпусная и мебель для хранения,Цоколи мебельные,36.5,45.0,3.0,40.0,35.5,36.5
Фото и Видеотехника,Пульты для MP3-плееров,38.5,45.0,3.0,36.0,31.5,38.5
Фото и Видеотехника,Пульты для камер,38.5,45.0,3.0,35.5,31.0,38.5
Красота,Кинезио тейпы косметические,42.5,45.0,3.0,46.0,41.5,42.5
Продукты,Лед сухой,4.5,4.5,3.0,31.0,26.5,4.5
Одежда,Пуловеры,44.5,45.0,3.0,45.0,40.5,44.5
Техника для кухни,Грили электрические,34.5,35.0,3.0,35.0,30.5,34.5
Красота,Воски для волос,42.5,45.0,3.0,46.0,41.5,42.5
Канцелярские товары,Пасты художественные,39.5,45.0,3.0,41.0,36.5,39.5
Красота,Блоттеры для парфюмерии,42.5,45.0,3.0,46.0,41.5,42.5
Автозапчасти,Бесключевые системы,36.5,45.0,3.0,40.0,35.5,36.5
Техника для красоты и здоровья,Приборы для завивки ресниц,35.5,35.0,3.0,33.0,28.5,35.5
Автоаксессуары и дополнительное оборудование,Перегородки защитные автомобильные,36.5,45.0,3.0,36.0,31.5,36.5
Электрика,Тиристоры и симисторы,38.5,45.0,3.0,32.0,27.5,38.5
Техника для кухни,Термопоты,34.5,35.0,3.0,32.0,27.5,34.5
Электрика,Маркеры для кабелей,42.5,45.0,3.0,39.0,34.5,42.5
Спортивный товар,Подушки апперкотные,37.5,45.0,3.0,37.0,32.5,37.5
Красота,Шпатели косметические,42.5,45.0,3.0,31.0,26.5,42.5
Товары для малышей,Салфетки для груди,36.5,45.0,3.0,40.0,35.5,36.5
Товары для курения,Кальяны,38.5,45.0,3.0,38.0,33.5,38.5
Спортивные аксессуары,Расширители хвата,39.5,45.0,3.0,43.0,38.5,39.5
Автозапчасти,Датчики расхода воздуха,36.5,45.0,3.0,36.0,31.5,36.5
Автозапчасти,Капоты двигателя,36.5,45.0,3.0,36.0,31.5,36.5
Мебель офисная и торговое оборудование,Подлокотники для мебели,36.5,45.0,3.0,36.0,31.5,36.5
Мототовары,Подножки для мототехники,36.5,45.0,3.0,40.0,35.5,36.5
Автоаксессуары и дополнительное оборудование,Чехлы для автомобильных колес,36.5,45.0,3.0,36.0,31.5,36.5
Для праздника,Предсказания сувенирные,42.5,45.0,3.0,46.0,41.5,42.5
Здоровье,Пессарии,42.5,45.0,3.0,45.0,40.5,42.5
Алкогольная продукция,Коктейли алкогольные,4.5,4.5,3.0,9.5,9.5,4.5
Канцелярские товары,Маркировочные ленты,39.5,45.0,3.0,39.0,34.5,39.5
Ручной инструмент и оснастка,Монтировки,41.5,45.0,3.0,45.0,40.5,41.5
Сантехника,Комплектующие для душевых кабин,37.5,45.0,3.0,37.0,32.5,37.5
Мебель офисная и торговое оборудование,Защитные наклейки для мебели,36.5,45.0,3.0,28.0,23.5,36.5
Продукты,Лаваш,4.5,4.5,3.0,26.0,21.5,4.5
Хозяйственные товары,Крысоловки,39.5,45.0,3.0,38.0,33.5,39.5
Ветаптека,Противорвотные препараты для животных,31.5,35.0,3.0,31.0,26.5,31.5
Отделочные материалы,Обои самоклеящиеся,38.5,45.0,3.0,38.0,33.5,38.5
Для праздника,Химические источники света,42.5,45.0,3.0,42.0,37.5,42.5
Профессиональные музыкальные инструменты,Глюкофоны,38.5,45.0,3.0,36.0,31.5,38.5
Фарма,Противоопухолевые препараты,3.0,3.0,3.0,3.0,3.0,3.0
Спортивная одежда,Велокуртки,44.5,45.0,3.0,44.0,39.5,44.5
Спортивный товар,Сигнализаторы клева,37.5,45.0,3.0,41.0,36.5,37.5
Техника для кухни,Сковороды электрические,34.5,35.0,3.0,34.0,29.5,34.5
Крупная бытовая техника,Сушильные машины,29.5,35.0,3.0,29.5,28.5,29.5
Красота,Инструменты для депиляции,42.5,45.0,3.0,37.0,32.5,42.5
Посуда и инвентарь,Рыбочистки,39.5,45.0,3.0,39.0,34.5,39.5
Канцелярские товары,Пломбы-наклейки,39.5,45.0,3.0,43.0,38.5,39.5
Продукты,Чернила пищевые,4.5,4.5,3.0,35.0,30.5,4.5
Аксессуары для обуви,Краски для обуви,44.5,45.0,3.0,48.0,43.5,44.5
Ручной инструмент и оснастка,Пистолеты термоклеевые,41.5,45.0,3.0,45.0,40.5,41.5
Красота,Ремуверы для удаления татуажа,42.5,45.0,3.0,45.0,40.5,42.5
Автоаксессуары и дополнительное оборудование,Пороги силовые,36.5,45.0,3.0,36.0,31.5,36.5
Спортивные аксессуары,Перчатки снарядные,39.5,45.0,3.0,39.0,34.5,39.5
Отделочные материалы,Краски водно-дисперсионные,38.5,45.0,3.0,41.0,36.5,38.5
Здоровье,Зажимы медицинские,42.5,45.0,3.0,39.0,34.5,42.5
Техника для кухни,Измельчители электрические,34.5,35.0,3.0,37.0,32.5,34.5
Декор интерьера,Порталы для каминов,39.5,45.0,3.0,39.5,35.0,39.5
Умный дом и безопасность,Автоматика для ворот,34.5,35.0,3.0,38.0,33.5,34.5
Мебель офисная и торговое оборудование,Зеркала для магазина,36.5,45.0,3.0,40.0,35.5,36.5
Одежда,Блузки-боди,44.5,45.0,3.0,48.0,43.5,44.5
Для праздника,Букеты искусственных цветов,42.5,45.0,3.0,46.0,41.5,42.5
Автозапчасти,Заслонки отопителя,36.5,45.0,3.0,40.0,35.5,36.5
Посуда и инвентарь,Дуршлаги,39.5,45.0,3.0,33.0,28.5,39.5
Автоаксессуары и дополнительное оборудование,Автомобильные антенны,36.5,45.0,3.0,40.0,35.5,36.5
Садовые инструменты и полив,Бочки садовые,39.5,45.0,3.0,40.0,35.5,39.5
Профессиональные музыкальные инструменты,Педали эффектов,38.5,45.0,3.0,42.0,37.5,38.5
Продукты,Пыльца цветочная,4.5,4.5,3.0,31.0,26.5,4.5
Спортивный товар,Горелки для сухого горючего,37.5,45.0,3.0,37.0,32.5,37.5
Рукоделие,Ленты флористические,39.5,45.0,3.0,38.0,33.5,39.5
Отделочные материалы,Ручки для ящиков,38.5,45.0,3.0,38.0,33.5,38.5
Продукты,Смеси для вторых блюд,4.5,4.5,3.0,26.0,21.5,4.5
Мототовары,Бамперы для квадроциклов,36.5,45.0,3.0,30.5,26.0,36.5
Продукты,Шпик,4.5,4.5,3.0,25.0,20.5,4.5
Шины и диски,Шины автомобильные б/у,29.5,35.0,3.0,29.0,24.0,29.5
Ручной инструмент и оснастка,Специальный инструмент,41.5,45.0,3.0,40.0,35.5,41.5
Спортивное питание и косметика,L-карнитины,35.5,45.0,3.0,38.0,33.5,35.5
Аксессуары для электроники,Солемеры,42.5,45.0,3.0,35.0,30.5,42.5
Спортивные аксессуары,Матрасы для санок,39.5,45.0,3.0,33.0,28.5,39.5
Садовая техника,Измельчители садовые,29.5,35.0,3.0,33.0,28.5,29.5
Товары для малышей,Противоударные шапки-шлемы,36.5,45.0,3.0,40.0,35.5,36.5
Игрушки,Чехлы для песочниц,38.5,45.0,3.0,42.0,37.5,38.5
Спортивный товар,Шнуры плетеные,37.5,45.0,3.0,41.0,36.5,37.5
Хозяйственные товары,Уголь активированный,39.5,45.0,3.0,39.0,34.5,39.5
Посуда и инвентарь,Наборы сомелье,39.5,45.0,3.0,39.0,34.5,39.5
Спортивный товар,Гимнастические кольца,37.5,45.0,3.0,41.0,36.5,37.5
Посуда и инвентарь,Мешки для приготовления,39.5,45.0,3.0,39.0,34.5,39.5
Аксессуары для электроники,Чехлы для планшетов,44.5,45.0,3.0,43.0,38.5,44.5
Продукты,Шроты,4.5,4.5,3.0,31.0,26.5,4.5
Автозапчасти,Мосты кабельные,36.5,45.0,3.0,39.5,31.0,36.5
Для праздника,Подарочные карты,42.5,45.0,3.0,35.0,30.5,42.5
Ручной инструмент и оснастка,Гидроуровни,41.5,45.0,3.0,41.0,36.5,41.5
Транспортные средства,Грузовой и коммерческий транспорт,0.5,0.5,0.5,0.5,0.5,0.5
Садовые инструменты и полив,Пилы садовые ручные,39.5,45.0,3.0,41.5,37.0,39.5
Спортивные аксессуары,Пояса для похудения,39.5,45.0,3.0,43.0,38.5,39.5
Автоаксессуары и дополнительное оборудование,Оплетки на руль,36.5,45.0,3.0,38.0,33.5,36.5
Садовая техника,Лески для триммеров,38.5,45.0,3.0,37.0,32.5,38.5
Профессиональные музыкальные инструменты,Рейнстики,38.5,45.0,3.0,40.0,35.5,38.5
Красота,Пакеты для стерилизации инструментов,42.5,45.0,3.0,45.5,41.0,42.5
Игрушки,Бумеранги,38.5,45.0,3.0,42.0,37.5,38.5
Спортивные аксессуары,Зарядные устройства для велосипедных фонарей,39.5,45.0,3.0,43.0,38.5,39.5
Спортивный товар,Палочки для йоги,37.5,45.0,3.0,38.0,33.5,37.5
Алкогольная продукция,Аквавит,4.5,4.5,3.0,4.5,4.5,4.5
Сантехника,Донные клапаны,37.5,45.0,3.0,41.0,36.5,37.5
Товары для животных,Лосьоны для животных,31.5,35.0,3.0,31.0,26.5,31.5
Товары для взрослых,Ленты эротик,39.5,45.0,3.0,43.0,38.5,39.5
Все для садоводства,Удобрения для растений,39.5,45.0,3.0,38.5,37.5,39.5
Спортивный товар,Трубки для плавания,37.5,45.0,3.0,41.0,36.5,37.5
Текстиль для дома,Конверты для сервировки,39.5,45.0,3.0,39.0,34.5,39.5
Декор интерьера,Колокольчики,39.5,45.0,3.0,34.0,29.5,39.5
Аксессуары,Разделители для рюкзаков,44.5,45.0,3.0,48.0,39.5,44.5
Сантехника,Крепления для смесителей,37.5,45.0,3.0,41.0,36.5,37.5
Бытовая химия,Пропитки для одежды,39.5,45.0,3.0,39.0,34.5,39.5
Шины и диски,Колпачки для шин,36.5,45.0,3.0,35.5,34.5,36.5
Автоаксессуары и дополнительное оборудование,Лежаки подкатные,36.5,45.0,3.0,35.0,30.5,36.5
Товары для отдыха и кемпинга,Решетки для гриля,38.5,45.0,3.0,36.0,31.5,38.5
Аксессуары для обуви,Шнурки,44.5,45.0,3.0,38.0,33.5,44.5
Сантехника,Диверторы,37.5,45.0,3.0,41.0,36.5,37.5
Спортивный товар,Велопарковки,37.5,45.0,3.0,41.0,36.5,37.5
Спортивный товар,Парашюты,37.5,45.0,3.0,37.0,32.5,37.5
Техника для красоты и здоровья,Пылесосы маникюрные,35.5,35.0,3.0,33.0,28.5,35.5
Книжная продукция и диски,Блокноты творческие,39.5,45.0,3.0,41.0,36.5,39.5
Красота,Клей для наращивания ресниц,42.5,45.0,3.0,46.0,41.5,42.5
Садовые инструменты и полив,Мешки садовые,39.5,45.0,3.0,43.0,38.5,39.5
Мебель мягкая,Пуфы бескаркасные,36.5,45.0,3.0,30.0,25.5,36.5
Товары для животных,Блеск-тату для животных,31.5,35.0,3.0,26.0,21.5,31.5
Автозапчасти,Ручки автомобильные,36.5,45.0,3.0,40.0,35.5,36.5
Для праздника,Ростовые фигуры,42.5,45.0,3.0,42.0,37.5,42.5
Продукты,Клетчатка,4.5,4.5,3.0,35.0,30.5,4.5
Продукты,Грибы сушеные,4.5,4.5,3.0,35.0,30.5,4.5
Аксессуары для электроники,NFC кольца,42.5,45.0,3.0,34.0,29.5,42.5
Продукты,Безалкогольное шампанское,4.5,4.5,3.0,33.0,28.5,4.5
Телевизоры и аудиотехника,Колонки портативные,31.5,35.0,3.0,35.0,28.5,31.5
Красота,Косметические карандаши,42.5,45.0,3.0,44.5,40.0,42.5
Для праздника,Подарочные коробки,42.5,45.0,3.0,42.0,37.5,42.5
Товары для животных,Порошки лечебные для животных,31.5,35.0,3.0,31.0,26.5,31.5
Продукты,Порошки соевые,4.5,4.5,3.0,35.0,30.5,4.5
Спортивный товар,Пневматическое оружие,37.5,45.0,3.0,41.0,36.5,37.5
Здоровье,Тренажеры для глаз,42.5,45.0,3.0,43.0,38.5,42.5
Здоровье,Капли для глаз увлажняющие,42.5,45.0,3.0,39.0,34.5,42.5
Декор интерьера,Аксессуары для фоторамок,39.5,45.0,3.0,40.0,35.5,39.5
Профессиональные музыкальные инструменты,Наклейки для пианино,38.5,45.0,3.0,38.0,33.5,38.5
Здоровье,Комбидрессы послеоперационные,42.5,45.0,3.0,35.0,30.5,42.5
Автозапчасти,Тросики системы тяг,36.5,45.0,3.0,40.0,35.5,36.5
Аксессуары для обуви,Ложки обувные,44.5,45.0,3.0,46.0,41.5,44.5
Техника для кухни,Насадки для кухонных комбайнов,34.5,35.0,3.0,32.0,27.5,34.5
Фарма,Витаминно-минеральные препараты,3.0,3.0,3.0,3.0,3.0,3.0
Аксессуары,Муфты для рук,44.5,45.0,3.0,44.0,39.5,44.5
Ручной инструмент и оснастка,Припои,41.5,45.0,3.0,43.0,38.5,41.5
Строительные материалы,Бумага маскировочная,38.5,45.0,3.0,37.0,32.5,38.5
Продукты,Крендельки,4.5,4.5,3.0,26.0,21.5,4.5
Головные уборы,Кепи,44.5,45.0,3.0,48.0,43.5,44.5
Товары для отдыха и кемпинга,Мухобойки механические,38.5,45.0,3.0,27.0,22.5,38.5
Спортивный товар,Веломобили,37.5,45.0,3.0,41.0,32.5,37.5
Отделочные материалы,Краски для мебели,38.5,45.0,3.0,42.0,37.5,38.5
Спортивный товар,Намотки для ракеток,37.5,45.0,3.0,41.0,36.5,37.5
Спортивные аксессуары,Опоры для оружия,39.5,45.0,3.0,39.0,34.5,39.5
Спортивный товар,Аксессуары для велосипедов,37.5,45.0,3.0,41.0,36.5,37.5
Все для садоводства,Средства для компостов,39.5,45.0,3.0,39.5,38.5,39.5
Автоаксессуары и дополнительное оборудование,Зарядные устройства для АКБ,36.5,45.0,3.0,35.0,30.5,36.5
Автозапчасти,Кольца синхронизатора,36.5,45.0,3.0,36.0,31.5,36.5
Автоаксессуары и дополнительное оборудование,Соединительные элементы,36.5,45.0,3.0,40.0,35.5,36.5
Рукоделие,Приставные столики для швейных машин,39.5,45.0,3.0,39.0,34.5,39.5
Товары для взрослых,Средства для очистки секс-игрушек,39.5,45.0,3.0,43.0,38.5,39.5
Аксессуары для электроники,NFC карты,42.5,45.0,3.0,40.0,35.5,42.5
Товары для взрослых,Насосы на член,39.5,45.0,3.0,39.0,34.5,39.5
Продукты,Долма,4.5,4.5,3.0,26.0,21.5,4.5
Автозапчасти,Балансиры автомобильные,36.5,45.0,3.0,40.0,35.5,36.5
Электрика,Техническое освещение,38.5,45.0,3.0,35.0,30.5,38.5
Товары для отдыха и кемпинга,Срубы,3.0,3.0,3.0,3.0,3.0,3.0
Белье,Торсеты,44.5,45.0,3.0,48.0,43.5,44.5
Спортивные аксессуары,Накидки для санок,39.5,45.0,3.0,34.0,29.5,39.5
Посуда и инвентарь,Фильтры-прессы,39.5,45.0,3.0,42.5,38.0,39.5
Продукты,Макароны,4.5,4.5,3.0,30.0,25.5,4.5
Здоровье,Шорты послеоперационные,42.5,45.0,3.0,35.0,30.5,42.5
Строительные материалы,Соединители цепей,38.5,45.0,3.0,42.0,37.5,38.5
Товары для курения,Бонги,38.5,45.0,3.0,38.0,33.5,38.5
Товары для отдыха и кемпинга,Тандыры,38.5,45.0,3.0,37.0,32.5,38.5
Красота,Носки косметические,42.5,45.0,3.0,46.0,41.5,42.5
Головные уборы,Фуражки,44.5,45.0,3.0,48.0,43.5,44.5
Фото и Видеотехника,Вентиляторы студийные,38.5,45.0,3.0,41.5,37.0,38.5
Детское питание,Напитки кисломолочные детские,4.5,4.5,3.0,35.5,27.0,4.5
Бытовая техника,Скалеры,35.5,35.0,3.0,33.0,28.5,35.5
Товары для отдыха и кемпинга,Камни для бани,38.5,45.0,3.0,38.0,33.5,38.5
Аксессуары для электроники,Инкубаторы,42.5,45.0,3.0,39.0,34.5,42.5
Игрушки,Игровые наборы,38.5,45.0,3.0,37.0,32.5,38.5
Спортивный товар,Роликовые кроссовки,37.5,45.0,3.0,37.0,32.5,37.5
Аксессуары для электроники,GPS-трекеры,42.5,45.0,3.0,41.0,36.5,42.5
Автозапчасти,Прокладки автомобильные,36.5,45.0,3.0,40.0,35.5,36.5
Спортивный товар,Компенсаторы плавучести,37.5,45.0,3.0,40.5,36.0,37.5
Мебель садовая,Диваны плетеные,36.5,45.0,3.0,30.0,25.5,36.5
Мебель малых форм,Барные стойки,36.5,45.0,3.0,39.0,34.5,36.5
Шины и диски,Комплектующие для шиномонтажа,36.5,45.0,3.0,36.5,35.5,36.5
Белье,Майки бельевые,44.5,45.0,3.0,48.0,43.5,44.5
Спортивный товар,Спортивный товар,37.5,45.0,3.0,41.0,36.5,37.5
Техника для красоты и здоровья,Лампы для сушки ногтей,35.5,35.0,3.0,33.0,28.5,35.5
Игрушки,Пушкары,38.5,45.0,3.0,32.0,27.5,38.5
Мебель офисная и торговое оборудование,Карты RFID,36.5,45.0,3.0,37.0,32.5,36.5
Транспортные средства,Катамараны,0.5,0.5,0.5,0.5,0.5,0.5
Профессиональные музыкальные инструменты,Профессиональные музыкальные инструменты,38.5,45.0,3.0,42.0,37.5,38.5
Товары для взрослых,Плетки эротик,39.5,45.0,3.0,43.0,38.5,39.5
Здоровье,Скребки Гуаша,42.5,45.0,3.0,39.0,34.5,42.5
Спортивный товар,Корзины для велосипеда,37.5,45.0,3.0,36.0,31.5,37.5
Одежда для малышей,Толстовки для малышей,44.5,45.0,3.0,46.0,41.5,44.5
Ноутбуки и компьютеры,ЦК Программное обеспечение,34.5,35.0,3.0,27.0,22.5,34.5
Мототовары,Мотокофры,36.5,45.0,3.0,35.0,30.5,36.5
Спортивные аксессуары,Аксессуары для велостанков,39.5,45.0,3.0,43.0,38.5,39.5
Автозапчасти,Впускные коллекторы,36.5,45.0,3.0,39.0,34.5,36.5
Продукты,Каши быстрого приготовления,4.5,4.5,3.0,26.0,21.5,4.5
Садовая техника,Ножи для триммеров,38.5,45.0,3.0,42.0,37.5,38.5
Строительные материалы,Откосы,38.5,45.0,3.0,38.0,33.5,38.5
Здоровье,Аспираторы детские,42.5,45.0,3.0,42.0,37.5,42.5
Одежда,Костюмы,44.5,45.0,3.0,48.0,43.5,44.5
Товары для животных,Расчески для животных,31.5,35.0,3.0,35.0,30.5,31.5
Здоровье,Катетеры медицинские,42.5,45.0,3.0,41.0,36.5,42.5
Товары для взрослых,Слепки эротик,39.5,45.0,3.0,34.0,29.5,39.5
Автозапчасти,Датчики давления масла,36.5,45.0,3.0,36.0,31.5,36.5
Канцелярские товары,Тубусы,39.5,45.0,3.0,34.0,29.5,39.5
Аксессуары для электроники,NFC брелоки,42.5,45.0,3.0,41.0,36.5,42.5
Книжная продукция и диски,Проекты домов,39.5,45.0,3.0,37.5,33.0,39.5
Фото и Видеотехника,Фоторамки цифровые,38.5,45.0,3.0,37.5,33.0,38.5
Одежда для малышей,Пальто для малышей,44.5,45.0,3.0,42.0,37.5,44.5
Посуда и инвентарь,Воронки для выпечки,39.5,45.0,3.0,39.0,34.5,39.5
Товары для взрослых,Ошейники эротик,39.5,45.0,3.0,43.0,38.5,39.5
Красота,Основы под макияж,42.5,45.0,3.0,46.0,41.5,42.5
Белье для малышей,Колготки для малышей,44.5,45.0,3.0,44.0,39.5,44.5
Продукты,Рыба охлажденная,4.5,4.5,3.0,26.0,21.5,4.5
Мебель офисная и торговое оборудование,Прилавки торговые,36.5,45.0,3.0,36.0,31.5,36.5
Игрушки,Калейдоскопы,38.5,45.0,3.0,31.0,26.5,38.5
Спортивный товар,Стропы,37.5,45.0,3.0,41.0,36.5,37.5
Продукты,Перец фаршированный,4.5,4.5,3.0,30.0,25.5,4.5
Посуда и инвентарь,Противни,39.5,45.0,3.0,39.0,34.5,39.5
Спортивный товар,Системы велосипедные,37.5,45.0,3.0,41.0,36.5,37.5
Товары для животных,Бутылочки для животных,31.5,35.0,3.0,26.0,21.5,31.5
Продукты,Напитки сокосодержащие,4.5,4.5,3.0,35.0,30.5,4.5
Спортивные аксессуары,Гермосумки,39.5,45.0,3.0,43.0,38.5,39.5
Автоаксессуары и дополнительное оборудование,Автоодеяла,36.5,45.0,3.0,33.0,28.5,36.5
Мебель малых форм,Табуреты,36.5,45.0,3.0,40.0,35.5,36.5
Красота,Оттеночные бальзамы,42.5,45.0,3.0,46.0,41.5,42.5
Спортивные аксессуары,Щетки для сукна,39.5,45.0,3.0,43.0,38.5,39.5
Продукты,Разрыхлители,4.5,4.5,3.0,35.0,30.5,4.5
Спортивный товар,Рогатки спортивные,37.5,45.0,3.0,41.0,36.5,37.5
Сантехника,Экраны под ванну,37.5,45.0,3.0,37.0,32.5,37.5
Товары для животных,Кардиофлешки для животных,31.5,35.0,3.0,26.0,21.5,31.5
Товары для животных,Переноски для животных,31.5,35.0,3.0,32.0,27.5,31.5
Посуда и инвентарь,Воронки,39.5,45.0,3.0,31.0,26.5,39.5
Одежда для малышей,Ночные сорочки для малышей,44.5,45.0,3.0,48.0,43.5,44.5
Электрика,Модули сопряжения,42.5,45.0,3.0,33.5,29.0,42.5
Здоровье,Виниры накладные,42.5,45.0,3.0,37.0,32.5,42.5
Товары для малышей,Матрасы пеленальные,36.5,45.0,3.0,36.0,31.5,36.5
Автозапчасти,Ходовые части в сборе,36.5,45.0,3.0,40.0,35.5,36.5
Электрика,Вторичная оптика,38.5,45.0,3.0,35.0,30.5,38.5
Техника для кухни,Блинницы электрические,34.5,35.0,3.0,38.0,33.5,34.5
Спортивная одежда,Куртки сноубордические,44.5,45.0,3.0,38.0,33.5,44.5
Здоровье,Инъекторы,42.5,45.0,3.0,45.0,40.5,42.5
Одежда,Пиджаки,44.5,45.0,3.0,48.0,43.5,44.5
Аксессуары для обуви,Полироли для обуви,44.5,45.0,3.0,48.0,43.5,44.5
Мототовары,Электроквадроциклы,40.5,45.0,3.0,43.5,35.0,40.5
Аксессуары для электроники,Запчасти для вытяжек,38.5,45.0,3.0,36.0,31.5,38.5
Автозапчасти,Переходники автомобильные,36.5,45.0,3.0,40.0,35.5,36.5
Красота,Скребки для языка,42.5,45.0,3.0,39.0,34.5,42.5
Профессиональные музыкальные инструменты,Струны,38.5,45.0,3.0,42.0,37.5,38.5
Спортивный товар,Маты спортивные,37.5,45.0,3.0,37.0,32.5,37.5
Аксессуары для электроники,Ремешки для пульсометров,44.5,45.0,3.0,48.0,43.5,44.5
Сантехника,Шланги для душа,37.5,45.0,3.0,41.0,36.5,37.5
Декор интерьера,Цветы стабилизированные,39.5,45.0,3.0,43.0,38.5,39.5
Ручной инструмент и оснастка,Преднагреватели плат,41.5,45.0,3.0,35.0,29.5,41.5
Красота,Растворы для разведения хны,42.5,45.0,3.0,46.0,41.5,42.5
Телевизоры и аудиотехника,Умные колонки,31.5,35.0,3.0,30.0,25.5,31.5
Автохимия и автокосметика,Жидкость для быстрого запуска,36.5,45.0,3.0,36.0,31.5,36.5
Товары для малышей,Таблички детские,36.5,45.0,3.0,36.0,31.5,36.5
Товары для взрослых,Анальные пробки,39.5,45.0,3.0,43.0,38.5,39.5
Автоаксессуары и дополнительное оборудование,Корректоры угла наклона фар,36.5,45.0,3.0,40.0,35.5,36.5
Транспортные средства,Спецтехника,0.5,0.5,0.5,0.5,0.5,0.5
Садовые инструменты и полив,Косы,39.5,45.0,3.0,33.0,28.5,39.5
Аксессуары,Тележки для ранцев,44.5,45.0,3.0,44.0,39.5,44.5
Аксессуары для электроники,Фотоловушки,42.5,45.0,3.0,41.0,36.5,42.5
Автоаксессуары и дополнительное оборудование,Аксессуары для автоприцепов,36.5,45.0,3.0,39.5,35.0,36.5
Отделочные материалы,Пороги для пола,38.5,45.0,3.0,41.0,36.5,38.5
Автозапчасти,Двигатели в сборе,36.5,45.0,3.0,36.0,31.5,36.5
Аксессуары для обуви,Мешки для обуви,44.5,45.0,3.0,38.0,33.5,44.5
Декор интерьера,Экраны для радиаторов,39.5,45.0,3.0,34.0,29.5,39.5
Мототовары,Катушки зажигания для мототехники,36.5,45.0,3.0,40.0,35.5,36.5
Климатическая техника,Вентиляторы,35.5,35.0,3.0,33.0,28.5,35.5
Декор интерьера,Парфюм для дома,39.5,45.0,3.0,43.0,38.5,39.5
Спортивный товар,Жилеты разгрузочные,37.5,45.0,3.0,41.0,36.5,37.5
Спортивный товар,Садки рыболовные,37.5,45.0,3.0,41.0,36.5,37.5
Все для садоводства,Лук и чеснок посадочные,39.5,45.0,3.0,34.5,33.5,39.5
Аксессуары для электроники,Насадки для пылесосов,35.5,35.0,3.0,33.0,28.5,35.5
Посуда и инвентарь,Скалки,39.5,45.0,3.0,43.0,38.5,39.5
Мебель офисная и торговое оборудование,Кассовые аппараты,36.5,45.0,3.0,33.0,28.5,36.5
Товары для животных,Корм влажный,31.5,35.0,3.0,35.0,30.5,31.5
Электроинструмент и оборудование,Комплектующие для сварочных аппаратов,41.5,45.0,3.0,43.0,38.5,41.5
Товары для животных,Костюмы для животных,31.5,35.0,3.0,35.0,30.5,31.5
Спортивные аксессуары,Чехлы для лыж,39.5,45.0,3.0,38.0,33.5,39.5
Продукты,Хлопья из полбы,4.5,4.5,3.0,30.0,25.5,4.5
Аксессуары для малышей,Банданы для малышей,44.5,45.0,3.0,44.0,39.5,44.5
Автозапчасти,Трапеции стеклоочистителя,36.5,45.0,3.0,36.0,31.5,36.5
Автозапчасти,Датчики температуры отработанных газов,36.5,45.0,3.0,36.0,31.5,36.5
Декор интерьера,Топливо для биокаминов,39.5,45.0,3.0,38.0,33.5,39.5
Аксессуары для малышей,Аксессуары для малышей,44.5,45.0,3.0,48.0,43.5,44.5
Автозапчасти,Комплектующие двигателя,36.5,45.0,3.0,36.0,31.5,36.5
Инвестиционные драгоценные металлы,Инвестиционные драгоценные металлы,24.5,29.5,5.0,29.5,29.5,24.5
Спецодежда и СИЗы,Платья рабочие,44.5,45.0,3.0,44.0,39.5,44.5
Аксессуары для обуви,Автопятки,44.5,45.0,3.0,48.0,43.5,44.5
Аксессуары для электроники,USB-инжекторы,42.5,45.0,3.0,35.0,30.5,42.5
Спецодежда и СИЗы,Нарукавники рабочие,38.5,45.0,3.0,42.0,37.5,38.5
Электроинструмент и оборудование,Видеоэндоскопы,41.5,45.0,3.0,43.0,38.5,41.5
Продукты,Замороженная пицца,4.5,4.5,3.0,26.0,21.5,4.5
Аксессуары для электроники,Чехлы-книжки для телефонов,44.5,45.0,3.0,43.0,38.5,44.5
Спортивные аксессуары,Вратарские перчатки,39.5,45.0,3.0,39.0,34.5,39.5
Аксессуары для обуви,Растяжители для обуви,44.5,45.0,3.0,48.0,43.5,44.5
Алкогольная продукция,Виски,4.5,4.5,3.0,9.5,9.5,4.5
Здоровье,Манжеты для тонометров,35.5,45.0,3.0,39.0,34.5,35.5
Автохимия и автокосметика,Преобразователи ржавчины,36.5,45.0,3.0,36.0,31.5,36.5
Товары для животных,Охладители воды для аквариума,31.5,35.0,3.0,31.0,26.5,31.5
Спортивные аксессуары,Меховушки,39.5,45.0,3.0,39.0,34.5,39.5
Сантехника,Поддоны для душа,37.5,45.0,3.0,41.0,36.5,37.5
Обувь,Босоножки,44.5,45.0,3.0,43.0,38.5,44.5
Продукты,Коктейли злаковые,4.5,4.5,3.0,35.0,30.5,4.5
Белье,Чашки для бюстгальтера,44.5,45.0,3.0,40.0,35.5,44.5
Мебель корпусная и мебель для хранения,Шкафы-купе,36.5,45.0,3.0,30.0,25.5,36.5
Ручной инструмент и оснастка,Комплектующие для ЧПУ,41.5,45.0,3.0,41.0,36.5,41.5
Электрика,Интерфейсы для микроэлектроники,38.5,45.0,3.0,35.0,30.5,38.5
Автоаксессуары и дополнительное оборудование,Оправки,36.5,45.0,3.0,36.0,31.5,36.5
Спортивные аксессуары,Фартуки рыболовные,39.5,45.0,3.0,43.0,38.5,39.5
Спортивный товар,Комплектующие к ободным тормозам,37.5,45.0,3.0,37.0,32.5,37.5
Фарма,Антигистаминные препараты,3.0,3.0,3.0,3.0,3.0,3.0
Сантехника,Заглушки для ванны и раковины,37.5,45.0,3.0,25.0,20.5,37.5
Техника для красоты и здоровья,Эпиляторы,35.5,35.0,3.0,33.0,28.5,35.5
Спортивный товар,Воблеры,37.5,45.0,3.0,41.0,36.5,37.5
Красота,Пены для бритья,42.5,45.0,3.0,46.0,41.5,42.5
Посуда и инвентарь,Корзинки для фритюра,39.5,45.0,3.0,39.0,34.5,39.5
Автозапчасти,Сдвигаемые панели крыши,36.5,45.0,3.0,39.5,35.0,36.5
Посуда и инвентарь,Фондю,39.5,45.0,3.0,43.0,38.5,39.5
Спортивный товар,Весла,37.5,45.0,3.0,36.0,31.5,37.5
Ручной инструмент и оснастка,Инструменты для выравнивания плитки,41.5,45.0,3.0,40.0,35.5,41.5
Товары для малышей,Пеленки,36.5,45.0,3.0,36.0,31.5,36.5
Спортивный товар,Поисковые магниты,37.5,45.0,3.0,41.0,36.5,37.5
Текстиль для дома,Простыни одноразовые,39.5,45.0,3.0,39.0,34.5,39.5
Белье для малышей,Термошорты для малышей,44.5,45.0,3.0,37.0,32.5,44.5
Спортивные аксессуары,Накомарники,39.5,45.0,3.0,35.0,30.5,39.5
Товары для взрослых,Насадки на мастурбатор,39.5,45.0,3.0,43.0,38.5,39.5
Строительные материалы,Плитка фасадная,38.5,45.0,3.0,32.0,27.5,38.5
Бытовая химия,Отбеливатели,39.5,45.0,3.0,39.0,34.5,39.5
Техника для кухни,Электрические ножи,34.5,35.0,3.0,38.0,33.5,34.5
Продукты,Пироги,4.5,4.5,3.0,20.0,15.5,4.5
Автозапчасти,Комплектующие регуляторов давления,36.5,45.0,3.0,36.0,31.5,36.5
Автозапчасти,Генераторы в сборе,36.5,45.0,3.0,40.0,35.5,36.5
Товары для взрослых,Уходовые средства эротик,39.5,45.0,3.0,33.0,28.5,39.5
Мебель мягкая,Диваны бескаркасные,36.5,45.0,3.0,31.0,26.5,36.5
Сантехника,Комплектующие к полотенцесушителям,37.5,45.0,3.0,37.0,32.5,37.5
Автозапчасти,Бамперы автомобильные,36.5,45.0,3.0,31.0,26.5,36.5
Умный дом и безопасность,Датчики для умного дома и систем безопасности,34.5,35.0,3.0,32.0,27.5,34.5
Посуда и инвентарь,Половники,39.5,45.0,3.0,42.0,37.5,39.5
Спортивный товар,Наборы для слэклайна,37.5,45.0,3.0,37.0,32.5,37.5
Сантехника,Ванны,37.5,45.0,3.0,31.0,26.5,37.5
Автозапчасти,Крышки коренного подшипника,36.5,45.0,3.0,40.0,35.5,36.5
Профессиональные музыкальные инструменты,Барабанные палочки,38.5,45.0,3.0,42.0,37.5,38.5
Аксессуары для электроники,Генераторы мыльных пузырей,42.5,45.0,3.0,41.0,36.5,42.5
Масла и технические жидкости,Масла трансмиссионные,36.5,45.0,3.0,38.0,33.5,36.5
Профессиональные музыкальные инструменты,Пианино цифровое,38.5,45.0,3.0,38.0,33.5,38.5
Спортивный товар,Станки для хореографии,37.5,45.0,3.0,38.0,33.5,37.5
Автохимия и автокосметика,Эмали для автомобиля,36.5,45.0,3.0,40.0,35.5,36.5
Красота,Соль для ванн,42.5,45.0,3.0,39.0,34.5,42.5
Все для садоводства,Луковичные растения,39.5,45.0,3.0,39.5,38.5,39.5
Ноутбуки и компьютеры,Внутренние SSD-накопители,31.5,35.0,3.0,35.0,30.5,31.5
Отделочные материалы,Эмали строительные,38.5,45.0,3.0,42.0,37.5,38.5
Здоровье,Инфузионные системы,42.5,45.0,3.0,39.0,34.5,42.5
Рукоделие,Коврики для раскройных ножей,39.5,45.0,3.0,40.0,35.5,39.5
Декор интерьера,Благовония,39.5,45.0,3.0,43.0,38.5,39.5
Все для садоводства,Светильники уличные,39.5,45.0,3.0,39.5,38.5,39.5
Продукты,Пасты ореховые,4.5,4.5,3.0,35.0,30.5,4.5
Автозапчасти,Центральные замки,36.5,45.0,3.0,36.0,31.5,36.5
Мототовары,Аксессуары и комплектующие для яхт,36.5,45.0,3.0,31.0,26.5,36.5
Шторы и аксессуары,Фототюль,39.5,45.0,3.0,43.0,38.5,39.5
Одежда для малышей,Карнавальные костюмы для малышей,44.5,45.0,3.0,44.0,39.5,44.5
Декор интерьера,Цифры дверные,39.5,45.0,3.0,32.0,27.5,39.5
Белье,Термоводолазки,44.5,45.0,3.0,42.0,37.5,44.5
Все для садоводства,Заборчики садовые,39.5,45.0,3.0,34.5,33.5,39.5
Отделочные материалы,Нейтрализаторы ржавчины,38.5,45.0,3.0,38.0,33.5,38.5
Автохимия и автокосметика,Средства для ремонта царапин,36.5,45.0,3.0,36.0,31.5,36.5
Аксессуары для обуви,Подкладки для обуви,44.5,45.0,3.0,39.0,34.5,44.5
Канцелярские товары,Глобусы,39.5,45.0,3.0,33.0,28.5,39.5
Ноутбуки и компьютеры,Картридеры,34.5,35.0,3.0,38.0,33.5,34.5
Спортивный товар,Тормоза ободные,37.5,45.0,3.0,37.0,32.5,37.5
Одежда для малышей,Дождевики для малышей,44.5,45.0,3.0,48.0,43.5,44.5
Алкогольная продукция,Пунш,4.5,4.5,3.0,4.5,4.5,4.5
Товары для отдыха и кемпинга,Хозблоки и сараи,38.5,45.0,3.0,38.0,33.5,38.5
Спортивная одежда,Велошорты,44.5,45.0,3.0,44.0,39.5,44.5
Красота,Активаторы клея для ресниц,42.5,45.0,3.0,46.0,41.5,42.5
Электрика,Сигнальные приборы,42.5,45.0,3.0,35.0,30.5,42.5
Автозапчасти,Бачки расширительные,36.5,45.0,3.0,39.0,34.5,36.5
Автоаксессуары и дополнительное оборудование,Устройства запирания автомобильные,36.5,45.0,3.0,36.0,31.5,36.5
Товары для малышей,Пустышки,36.5,45.0,3.0,40.0,35.5,36.5
Хозяйственные товары,Покрытия для унитаза,39.5,45.0,3.0,43.0,38.5,39.5
Все для садоводства,Рассада и саженцы,39.5,45.0,3.0,39.5,38.5,39.5
Продукты,Ягоды свежие,4.5,4.5,3.0,26.0,21.5,4.5
Продукты,Нектары,4.5,4.5,3.0,35.0,30.5,4.5
Автозапчасти,Подъемные панели крыши,36.5,45.0,3.0,31.0,26.5,36.5
Отделочные материалы,Лепнина,38.5,45.0,3.0,42.0,37.5,38.5
Красота,Атомайзеры,42.5,45.0,3.0,42.0,37.5,42.5
Канцелярские товары,Брошюровщики,39.5,45.0,3.0,43.0,38.5,39.5
Техника для кухни,Ростеры для обжарки кофе,34.5,35.0,3.0,32.0,27.5,34.5
Декор интерьера,Фоторамки магнитные,39.5,45.0,3.0,43.0,38.5,39.5
Продукты,Соль,4.5,4.5,3.0,30.0,25.5,4.5
Посуда и инвентарь,Наборы для карвинга,39.5,45.0,3.0,43.0,38.5,39.5
Все для садоводства,Мульча,39.5,45.0,3.0,38.5,37.5,39.5
Спортивный товар,Чехлы для спортивных утюгов,37.5,45.0,3.0,37.0,32.5,37.5
Спортивный товар,Ножи для ледобуров,37.5,45.0,3.0,37.0,32.5,37.5
Периферия и аксессуары,Flash-накопители,34.5,35.0,3.0,38.0,33.5,34.5
Техника для кухни,Капучинаторы,34.5,35.0,3.0,38.0,33.5,34.5
Товары для взрослых,Топы эротик,39.5,45.0,3.0,43.0,38.5,39.5
Ручной инструмент и оснастка,Кабельные чулки,41.5,45.0,3.0,45.0,40.5,41.5
Спортивный товар,Тормоза гидравлические дисковые,37.5,45.0,3.0,37.0,32.5,37.5
Рукоделие,Трафареты для творчества,39.5,45.0,3.0,39.0,34.5,39.5
Товары для взрослых,Секс качели,39.5,45.0,3.0,39.0,34.5,39.5
Строительные материалы,Фанера строительная,38.5,45.0,3.0,25.0,20.5,38.5
Посуда и инвентарь,Блюда-этажерки,39.5,45.0,3.0,43.0,38.5,39.5
Продукты,Орехи в глазури,4.5,4.5,3.0,35.0,30.5,4.5
Канцелярские товары,Сейф-пакеты,39.5,45.0,3.0,33.0,28.5,39.5
Здоровье,Майки послеоперационные,42.5,45.0,3.0,39.0,34.5,42.5
Одежда,Леггинсы,44.5,45.0,3.0,48.0,43.5,44.5
Аксессуары для обуви,Накладки для обуви,44.5,45.0,3.0,44.0,39.5,44.5
Спортивная одежда,Джемперы спортивные,44.5,45.0,3.0,48.0,43.5,44.5
Автозапчасти,Трубки забора топлива,36.5,45.0,3.0,36.0,31.5,36.5
Ручной инструмент и оснастка,Кельмы,41.5,45.0,3.0,41.0,36.5,41.5
Аксессуары для малышей,Повязки на голову для малышей,44.5,45.0,3.0,48.0,43.5,44.5
Автоаксессуары и дополнительное оборудование,Проушины буксирные,36.5,45.0,3.0,40.0,35.5,36.5
Посуда и инвентарь,Пароварки для плиты,39.5,45.0,3.0,43.0,38.5,39.5
Умный дом и безопасность,Системы охранной сигнализации,34.5,35.0,3.0,38.0,33.5,34.5
Красота,Палочки для маникюра,42.5,45.0,3.0,30.0,25.5,42.5
Все для садоводства,Грунты для растений,39.5,45.0,3.0,29.5,28.5,39.5
Автозапчасти,Переключатели автомобильные,36.5,45.0,3.0,40.0,35.5,36.5
Канцелярские товары,Дневники,39.5,45.0,3.0,32.0,27.5,39.5
Аксессуары для волос,Сетки для волос,44.5,45.0,3.0,38.0,33.5,44.5
Электрика,Шинопроводы,38.5,45.0,3.0,35.0,30.5,38.5
Спортивный товар,Наклейки спортивные,37.5,45.0,3.0,37.0,32.5,37.5
Продукты,Кофе растворимый,4.5,4.5,3.0,35.0,30.5,4.5
Посуда и инвентарь,Сумки для ланчбоксов,39.5,45.0,3.0,39.0,34.5,39.5
Электрика,Светодиоды,38.5,45.0,3.0,35.0,30.5,38.5
Для праздника,Подарочные сумки,42.5,45.0,3.0,42.0,37.5,42.5
Детское питание,Масло пищевое детское,4.5,4.5,3.0,35.5,31.0,4.5
Страхование,Страхование,18.5,25.0,3.0,23.5,23.5,18.5
Аксессуары,Чехлы для зонтов,44.5,45.0,3.0,38.0,33.5,44.5
Красота,Кусачки маникюрные,42.5,45.0,3.0,46.0,41.5,42.5
Спортивный товар,Лыжи детские,37.5,45.0,3.0,31.0,26.5,37.5
Аксессуары для малышей,Шапки для малышей,44.5,45.0,3.0,44.0,39.5,44.5
Алкогольная продукция,Граппа,4.5,4.5,3.0,4.5,4.5,4.5
Спортивный товар,Кассеты велосипедные,37.5,45.0,3.0,41.0,36.5,37.5
Ювелирные украшения,Ювелирные шнурки,43.0,45.0,3.0,43.0,42.0,43.0
Телевизоры и аудиотехника,AV-ресиверы,39.5,45.0,3.0,33.5,29.0,39.5
Электрика,Корпусы под газовые счетчики,38.5,45.0,3.0,35.0,30.5,38.5
Автохимия и автокосметика,Очистители дисков и шин,36.5,45.0,3.0,40.0,35.5,36.5
Спортивные аксессуары,Спреи для вратарских перчаток,39.5,45.0,3.0,43.0,38.5,39.5
Здоровье,Нагрудники защитные,42.5,45.0,3.0,39.0,34.5,42.5
Товары для отдыха и кемпинга,Полок для бани,38.5,45.0,3.0,38.0,33.5,38.5
Техника для красоты и здоровья,Аэрографы косметические,35.5,35.0,3.0,33.0,28.5,35.5
Ручной инструмент и оснастка,Спуджеры,41.5,45.0,3.0,36.0,31.5,41.5
Сантехника,Печи и комплектующие,37.5,45.0,3.0,41.0,36.5,37.5
Автозапчасти,Двери автомобильные,36.5,45.0,3.0,36.0,31.5,36.5
Садовые инструменты и полив,Пропалыватели,39.5,45.0,3.0,39.0,34.5,39.5
Красота,Воск для бровей,42.5,45.0,3.0,46.0,41.5,42.5
Спортивный товар,Снаряды для единоборств,37.5,45.0,3.0,41.0,36.5,37.5
Спортивный товар,Адаптеры велосипедные,37.5,45.0,3.0,37.0,32.5,37.5
Мототовары,Ремкомплекты для мототехники,36.5,45.0,3.0,40.0,35.5,36.5
Хозяйственные товары,Фильтры-кувшины для воды,39.5,45.0,3.0,36.0,31.5,39.5
Одежда,Дафлкоты,44.5,45.0,3.0,43.0,38.5,44.5
Для праздника,Снег декоративный,42.5,45.0,3.0,36.0,31.5,42.5
Здоровье,Нити для подтяжки лица,42.5,45.0,3.0,35.0,30.5,42.5
Все для садоводства,Гидрогель для растений,39.5,45.0,3.0,34.5,33.5,39.5
Товары для отдыха и кемпинга,Водонагреватели для бассейнов,38.5,45.0,3.0,42.0,37.5,38.5
Посуда и инвентарь,Коврики под разделочные доски,39.5,45.0,3.0,42.0,37.5,39.5
Отделочные материалы,Краски по металлу,38.5,45.0,3.0,42.0,37.5,38.5
Электрика,Коробки монтажные,38.5,45.0,3.0,35.0,30.5,38.5
Аксессуары для электроники,Ванночки парафиновые,42.5,45.0,3.0,38.0,33.5,42.5
Сантехника,Решетки вентиляционные,37.5,45.0,3.0,40.0,35.5,37.5
Электрика,Кварцевые генераторы,38.5,45.0,3.0,35.0,30.5,38.5
Продукты,Фрукты свежие,4.5,4.5,3.0,30.0,25.5,4.5
Ювелирные украшения,Ювелирные четки,43.0,45.0,3.0,43.0,42.0,43.0
Мебель для сна,Основания для кроватей,36.5,45.0,3.0,36.0,31.5,36.5
Автозапчасти,Прокладки впускного коллектора,36.5,45.0,3.0,40.0,35.5,36.5
Здоровье,Дерматоскопы,35.5,45.0,3.0,39.0,34.5,35.5
Автозапчасти,Усилители искры в системе зажигания,36.5,45.0,3.0,36.0,31.5,36.5
Декор интерьера,Картины в рамах,39.5,45.0,3.0,43.0,38.5,39.5
Аксессуары,Держатели для масок,44.5,45.0,3.0,44.0,39.5,44.5
Техника для кухни,Дымогенераторы для копчения,34.5,35.0,3.0,38.0,33.5,34.5
Мебель малых форм,Стулья барные,36.5,45.0,3.0,30.0,25.5,36.5
Автохимия и автокосметика,Жидкая резина,36.5,45.0,3.0,36.0,31.5,36.5
Спортивный товар,Биты спортивные,37.5,45.0,3.0,41.0,36.5,37.5
Посуда и инвентарь,Терки,39.5,45.0,3.0,39.0,34.5,39.5
Автоаксессуары и дополнительное оборудование,Дефлекторы,36.5,45.0,3.0,37.0,32.5,36.5
Продукты,Молоко сухое,4.5,4.5,3.0,35.0,30.5,4.5
Все для садоводства,Ленты для растений,39.5,45.0,3.0,34.5,33.5,39.5
Бытовая химия,Таблетки для посудомоечных машин,39.5,45.0,3.0,43.0,38.5,39.5
Ручной инструмент и оснастка,Лезвия для пистолетных ножей,41.5,45.0,3.0,44.0,39.5,41.5
Продукты,Васаберы,4.5,4.5,3.0,26.0,21.5,4.5
Строительные материалы,Зажимы для опалубки,38.5,45.0,3.0,38.0,33.5,38.5
Продукты,Макаруны,4.5,4.5,3.0,26.0,21.5,4.5
Спортивный товар,Садху-доски,37.5,45.0,3.0,41.0,36.5,37.5
Сантехника,Фитинги канализационные,37.5,45.0,3.0,26.0,21.5,37.5
Автозапчасти,Провода автомобильные,36.5,45.0,3.0,36.0,31.5,36.5
Автоаксессуары и дополнительное оборудование,Велобагажники на авто,36.5,45.0,3.0,40.0,35.5,36.5
Продукты,Наборы для приготовления выпечки,4.5,4.5,3.0,35.0,30.5,4.5
Продукты,Крабовые палочки,4.5,4.5,3.0,26.0,21.5,4.5
Ручной инструмент и оснастка,Захваты для блоков,41.5,45.0,3.0,39.5,35.0,41.5
Сантехника,Краны шаровые,37.5,45.0,3.0,41.0,36.5,37.5
Профессиональные музыкальные инструменты,Чаймсы,38.5,45.0,3.0,41.0,36.5,38.5
Рукоделие,Песок для творчества,39.5,45.0,3.0,39.0,34.5,39.5
Товары для животных,Юбки для животных,31.5,35.0,3.0,35.0,30.5,31.5
Садовые инструменты и полив,Урны уличные,39.5,45.0,3.0,36.0,31.5,39.5
Красота,Трансферные материалы для тату,42.5,45.0,3.0,41.0,36.5,42.5
Продукты,Котлеты,4.5,4.5,3.0,26.0,21.5,4.5
Автозапчасти,Валы распределительные,36.5,45.0,3.0,40.0,35.5,36.5
Фото и Видеотехника,Крепления для камер,38.5,45.0,3.0,42.0,37.5,38.5
Красота,Ванночки для маникюра,42.5,45.0,3.0,37.0,32.5,42.5
Спортивный товар,Батуты,37.5,45.0,3.0,37.0,32.5,37.5
Игрушки,Аксессуары для пазлов,38.5,45.0,3.0,34.0,29.5,38.5
Мебель мягкая,Кресла-кровати,36.5,45.0,3.0,25.0,20.5,36.5
Аксессуары для электроники,Бортовые компьютеры,42.5,45.0,3.0,35.0,30.5,42.5
Продукты,Масло сливочное,4.5,4.5,3.0,31.0,26.5,4.5
Посуда и инвентарь,Мешки кондитерские,39.5,45.0,3.0,43.0,38.5,39.5
Продукты,Замороженные супы,4.5,4.5,3.0,26.0,21.5,4.5
Аксессуары для обуви,Гели для обуви,44.5,45.0,3.0,41.0,36.5,44.5
Спортивные аксессуары,Маски для лошадей,39.5,45.0,3.0,39.0,34.5,39.5
Обувь,Кеды,44.5,45.0,3.0,45.0,40.5,44.5
Продукты,Сухие завтраки,4.5,4.5,3.0,25.0,20.5,4.5
Товары для взрослых,Колеса Вартенберга,39.5,45.0,3.0,38.0,33.5,39.5
Спортивный товар,Лодки надувные,37.5,45.0,3.0,39.0,34.5,37.5
Посуда и инвентарь,Молоковарки,39.5,45.0,3.0,43.0,38.5,39.5
Спортивные аксессуары,Чумбуры,39.5,45.0,3.0,43.0,38.5,39.5
Автозапчасти,Приводы автомобильные,36.5,45.0,3.0,40.0,35.5,36.5
Продукты,Сахарная пудра,4.5,4.5,3.0,30.0,25.5,4.5
Здоровье,Аппликаторы Кузнецова,42.5,45.0,3.0,36.0,31.5,42.5
Аксессуары для электроники,Матрицы для ноутбуков,42.5,45.0,3.0,37.0,32.5,42.5
Телевизоры и аудиотехника,Колонки,31.5,35.0,3.0,32.0,25.5,31.5
Ручной инструмент и оснастка,Наборы инструментов,41.5,45.0,3.0,42.0,37.5,41.5
Красота,Шампуни сухие,42.5,45.0,3.0,46.0,41.5,42.5
Бытовая техника,Пакеты для вакууматора,35.5,35.0,3.0,39.0,34.5,35.5
Автоаксессуары и дополнительное оборудование,Стяжные ремни,36.5,45.0,3.0,40.0,35.5,36.5
Профессиональные музыкальные инструменты,Мостики для скрипки,38.5,45.0,3.0,42.0,37.5,38.5
Спортивный товар,Шары для бампербола,37.5,45.0,3.0,36.0,31.5,37.5
Ветаптека,Заживление ран и порезов у животных,31.5,35.0,3.0,24.0,19.5,31.5
Товары для малышей,Нагрудники,36.5,45.0,3.0,40.0,35.5,36.5
Спортивные аксессуары,Зажимы рыболовные,39.5,45.0,3.0,39.0,34.5,39.5
Строительные материалы,Шпильки крепежные,38.5,45.0,3.0,38.0,33.5,38.5
Рукоделие,Чехлы для рукоделия,39.5,45.0,3.0,39.0,34.5,39.5
Здоровье,Иглы инъекционные,42.5,45.0,3.0,41.5,37.0,42.5
Спортивные аксессуары,Уздечки,39.5,45.0,3.0,43.0,38.5,39.5
Отделочные материалы,Пружинные узлы,38.5,45.0,3.0,42.0,37.5,38.5
Автозапчасти,Прокладки осевого шенкеля,36.5,45.0,3.0,31.0,26.5,36.5
Мебель мягкая,Диваны,36.5,45.0,3.0,25.0,20.5,36.5
Здоровье,Лестницы реабилитационные,42.5,45.0,3.0,39.0,34.5,42.5
Мебель офисная и торговое оборудование,Шканты мебельные,36.5,45.0,3.0,36.0,31.5,36.5
Автозапчасти,Регуляторы увеличения силы пружины,36.5,45.0,3.0,39.5,35.0,36.5
Хранение вещей,Вакуумные пакеты,36.5,45.0,3.0,40.0,35.5,36.5
Бытовая химия,Гигиенические освежители для унитаза,39.5,45.0,3.0,39.0,34.5,39.5
Техника для кухни,Насадки для миксеров,34.5,35.0,3.0,38.0,33.5,34.5
Одежда для малышей,Ветровки для малышей,44.5,45.0,3.0,48.0,43.5,44.5
Мототовары,Свечи зажигания для мототехники,36.5,45.0,3.0,36.0,31.5,36.5
Товары для малышей,Санки-коляски,36.5,45.0,3.0,40.0,35.5,36.5
Ручной инструмент и оснастка,Ножи монтерские,41.5,45.0,3.0,45.0,40.5,41.5
Ноутбуки и компьютеры,Блоки питания для ноутбуков,34.5,35.0,3.0,32.0,27.5,34.5
Мебель малых форм,Стулья складные,36.5,45.0,3.0,33.0,28.5,36.5
Игрушки,Игрушки-подвески,38.5,45.0,3.0,42.0,37.5,38.5
Спортивная одежда,Костюмы маскировочные,44.5,45.0,3.0,48.0,43.5,44.5
Аксессуары для электроники,Чехлы для игровых консолей,44.5,45.0,3.0,48.0,43.5,44.5
Здоровье,Хирургические тренажеры,42.5,45.0,3.0,41.0,36.5,42.5
Спортивный товар,Топоры метательные,37.5,45.0,3.0,41.0,36.5,37.5
Товары для животных,Генераторы импульсов,31.5,35.0,3.0,35.0,30.5,31.5
Товары для курения,Фильтры для курительных трубок,38.5,45.0,3.0,38.0,33.5,38.5
Отделочные материалы,Виниловые полы,38.5,45.0,3.0,36.0,31.5,38.5
Мебель мягкая,Мебель мягкая,36.5,45.0,3.0,35.0,30.5,36.5
Одежда,Бриджи,44.5,45.0,3.0,48.0,43.5,44.5
Одежда,Халаты банные,44.5,45.0,3.0,43.0,38.5,44.5
Красота,Пакеты для педикюрных ванн,42.5,45.0,3.0,42.0,37.5,42.5
Электрика,Трансиверы,42.5,45.0,3.0,33.5,29.0,42.5
Аксессуары для электроники,Чехлы для DJ оборудования,44.5,45.0,3.0,46.0,41.5,44.5
Аксессуары для электроники,Аксессуары для духовок,34.5,35.0,3.0,38.0,33.5,34.5
Спортивный товар,Тренчики для шпор,37.5,45.0,3.0,41.0,36.5,37.5
Для праздника,Аксессуары для конкурсов,42.5,45.0,3.0,45.0,40.5,42.5
Все для садоводства,Аксессуары для пруда,39.5,45.0,3.0,39.5,38.5,39.5
Профессиональные музыкальные инструменты,MIDI-контроллеры,38.5,45.0,3.0,41.5,37.0,38.5
Спортивная обувь,Сапожки для разогрева,44.5,45.0,3.0,48.0,43.5,44.5
Одежда для малышей,Кофточки для малышей,44.5,45.0,3.0,48.0,43.5,44.5
Оргтехника,Фотобарабаны,34.5,35.0,3.0,31.0,26.5,34.5
Товары для взрослых,Вакуумные помпы эротик,39.5,45.0,3.0,39.0,34.5,39.5
Спортивный товар,Петли Береша,37.5,45.0,3.0,41.0,36.5,37.5
Садовая техника,Ремни для триммеров,38.5,45.0,3.0,39.0,34.5,38.5
Канцелярские товары,Пакеты почтовые,39.5,45.0,3.0,25.0,20.5,39.5
Рукоделие,Наборы для лепки,39.5,45.0,3.0,41.0,36.5,39.5
Товары для отдыха и кемпинга,Коптильни,38.5,45.0,3.0,36.5,32.0,38.5
Рукоделие,Маркеры для ткани,39.5,45.0,3.0,34.0,29.5,39.5
Ручной инструмент и оснастка,Круглогубцы,41.5,45.0,3.0,41.0,36.5,41.5
Страхование,Автострахование,18.5,25.0,3.0,23.5,23.5,18.5
Мебель малых форм,Столы-трансформеры,36.5,45.0,3.0,34.0,29.5,36.5
Автозапчасти,Корпусы сцепления,36.5,45.0,3.0,40.0,35.5,36.5
Автозапчасти,Бачки автомобильные,36.5,45.0,3.0,35.0,30.5,36.5
Одежда,Шубы натуральные,44.5,45.0,3.0,47.0,42.5,44.5
Одежда,Кейпы,44.5,45.0,3.0,48.0,43.5,44.5
Сантехника,Переходы вентиляционные,37.5,45.0,3.0,37.0,32.5,37.5
Все для садоводства,Теплицы,39.5,45.0,3.0,34.5,33.5,39.5
Шины и диски,Шины для мототехники,29.5,35.0,3.0,21.5,20.5,29.5
Ручной инструмент и оснастка,Ключи гаечные,41.5,45.0,3.0,45.0,40.5,41.5
Товары для животных,Сумки для лакомств,31.5,35.0,3.0,31.0,26.5,31.5
Продукты,Кетчупы,4.5,4.5,3.0,30.0,25.5,4.5
Спортивный товар,Вилки амортизационные,37.5,45.0,3.0,41.0,36.5,37.5
Спортивный товар,Якоря,37.5,45.0,3.0,41.0,36.5,37.5
Продукты,Куличи,4.5,4.5,3.0,26.0,21.5,4.5
Мототовары,Подкатные тележки для снегохода,36.5,45.0,3.0,40.0,35.5,36.5
Мебель для сна,Наматрасники детские,36.5,45.0,3.0,36.0,31.5,36.5
Текстиль для дома,Покрывала,39.5,45.0,3.0,37.0,32.5,39.5
Игрушки,Качалки,38.5,45.0,3.0,32.0,27.5,38.5
Спортивный товар,Картмашинки,40.5,45.0,3.0,43.5,35.0,40.5
Одежда для малышей,Пуловеры для малышей,44.5,45.0,3.0,44.0,39.5,44.5
Электроинструмент и оборудование,Пневмоножницы,41.5,45.0,3.0,38.0,33.5,41.5
Аксессуары для электроники,Аксессуары для мясорубок,34.5,35.0,3.0,30.0,25.5,34.5
Автоаксессуары и дополнительное оборудование,Составляющие автомобильных ламелей,36.5,45.0,3.0,31.0,26.5,36.5
Канцелярские товары,Ластики,39.5,45.0,3.0,28.0,23.5,39.5
Товары для животных,Краски для животных,31.5,35.0,3.0,26.0,21.5,31.5
Посуда и инвентарь,Бочки дубовые,39.5,45.0,3.0,37.0,32.5,39.5
Спортивные аксессуары,Гермоаптечки,39.5,45.0,3.0,38.5,34.0,39.5
Белье,Ленты для груди,44.5,45.0,3.0,48.0,43.5,44.5
Строительные материалы,Квадраты металлические,38.5,45.0,3.0,42.0,37.5,38.5
Продукты,Замороженные хлебобулочные изделия,4.5,4.5,3.0,26.0,21.5,4.5
Автозапчасти,Датчики фаз,36.5,45.0,3.0,36.0,31.5,36.5
Электрика,Изоляторы электрические,38.5,45.0,3.0,35.0,30.5,38.5
Товары для отдыха и кемпинга,Уголь древесный,38.5,45.0,3.0,38.0,33.5,38.5
Автохимия и автокосметика,Краски для автомобиля,36.5,45.0,3.0,40.0,35.5,36.5
Автоаксессуары и дополнительное оборудование,Пленки защитные для авто,36.5,45.0,3.0,36.0,31.5,36.5
Продукты,Шашлык,4.5,4.5,3.0,26.0,21.5,4.5
Сантехника,Канализационные установки,37.5,45.0,3.0,39.0,34.5,37.5
Спортивный товар,Трапеции спортивные,37.5,45.0,3.0,41.0,36.5,37.5
Мебель для сна,Раскладушки,36.5,45.0,3.0,31.0,26.5,36.5
Здоровье,Круги противопролежневые,42.5,45.0,3.0,35.0,30.5,42.5
Посуда и инвентарь,Сушилки для посуды,39.5,45.0,3.0,34.0,29.5,39.5
Продукты,Замороженные вторые блюда,4.5,4.5,3.0,26.0,21.5,4.5
Книжная продукция и диски,Газеты,39.5,45.0,3.0,33.0,28.5,39.5
Фото и Видеотехника,Переключатели видеосигнала,38.5,45.0,3.0,41.5,37.0,38.5
Спортивный товар,Шары для пейнтбола,37.5,45.0,3.0,41.0,36.5,37.5
Сантехника,Промывочные насосы для систем отопления,37.5,45.0,3.0,36.5,32.0,37.5
Автозапчасти,Датчики ABS,36.5,45.0,3.0,36.0,31.5,36.5
Спортивный товар,Фонари спортивные,37.5,45.0,3.0,41.0,36.5,37.5
Товары для животных,Пледы для животных,31.5,35.0,3.0,35.0,30.5,31.5
Товары для отдыха и кемпинга,Картриджи для насоса,38.5,45.0,3.0,36.0,31.5,38.5
Автоаксессуары и дополнительное оборудование,Салфетки для авто,36.5,45.0,3.0,40.0,35.5,36.5
Спортивные аксессуары,Напальчники спортивные,39.5,45.0,3.0,35.0,30.5,39.5
Здоровье,Столы массажные,42.5,45.0,3.0,35.0,30.5,42.5
Ручной инструмент и оснастка,Гайколомы,41.5,45.0,3.0,41.0,36.5,41.5
Рукоделие,Распарыватели,39.5,45.0,3.0,28.0,23.5,39.5
Ручной инструмент и оснастка,Плоскогубцы,41.5,45.0,3.0,41.0,36.5,41.5
Садовые инструменты и полив,Пульверизаторы для растений,39.5,45.0,3.0,29.0,24.5,39.5
Красота,Экстракты для купания,42.5,45.0,3.0,42.0,37.5,42.5
Спортивный товар,Наклейки на кий,37.5,45.0,3.0,37.0,32.5,37.5
Ручной инструмент и оснастка,Шилья,41.5,45.0,3.0,31.0,26.5,41.5
Декор интерьера,Еда искусственная,39.5,45.0,3.0,34.0,29.5,39.5
Автозапчасти,Фары автомобильные,36.5,45.0,3.0,37.0,32.5,36.5
Электротранспорт,Электротранспорт,40.5,45.0,3.0,43.5,39.0,40.5
Ручной инструмент и оснастка,Магниты бытовые,41.5,45.0,3.0,40.5,36.0,41.5
Продукты,Йогурты,4.5,4.5,3.0,31.0,26.5,4.5
Здоровье,Лабораторное оборудование,42.5,45.0,3.0,43.0,38.5,42.5
Канцелярские товары,Резаки для бумаги,39.5,45.0,3.0,41.5,37.0,39.5
Техника для красоты и здоровья,Стерилизаторы косметологические,35.5,35.0,3.0,33.0,28.5,35.5
Спецодежда и СИЗы,Комбинезоны медицинские,44.5,45.0,3.0,47.0,42.5,44.5
Отделочные материалы,Колеры для краски,38.5,45.0,3.0,35.0,30.5,38.5
Автоаксессуары и дополнительное оборудование,Сервисные книжки автомобиля,36.5,45.0,3.0,40.0,35.5,36.5
Ноутбуки и компьютеры,Внешние жесткие диски,34.5,35.0,3.0,32.0,27.5,34.5
Строительные материалы,Сетки строительные,38.5,45.0,3.0,32.0,27.5,38.5
Электроинструмент и оборудование,Бетономешалки,41.5,45.0,3.0,33.0,28.5,41.5
Строительные материалы,Арматура строительная,38.5,45.0,3.0,32.0,27.5,38.5
Красота,Аксессуары для парикмахеров,42.5,45.0,3.0,42.0,37.5,42.5
Посуда и инвентарь,Контейнеры неполимерные,39.5,45.0,3.0,38.0,33.5,39.5
Бытовая химия,Стиральные порошки,39.5,45.0,3.0,38.0,33.5,39.5
Посуда и инвентарь,Машинки для лапши,39.5,45.0,3.0,43.0,38.5,39.5
Продукты,Фруктовые пастилки,4.5,4.5,3.0,35.0,30.5,4.5
Аксессуары для электроники,Зарядные устройства для аккумуляторов,42.5,45.0,3.0,41.0,36.5,42.5
Страхование,Страхование техники,18.5,25.0,3.0,23.5,23.5,18.5
Профессиональные музыкальные инструменты,Лиры,38.5,45.0,3.0,36.0,31.5,38.5
Здоровье,Обувь послеоперационная,42.5,45.0,3.0,41.0,36.5,42.5
Ювелирные украшения,Ювелирные браслеты,43.0,45.0,3.0,43.0,42.0,43.0
Одежда,Бермуды,44.5,45.0,3.0,44.0,39.5,44.5
Аксессуары для электроники,Поисковые устройства,42.5,45.0,3.0,41.0,36.5,42.5
Все для садоводства,Подвязки для растений,39.5,45.0,3.0,37.5,36.5,39.5
Автоаксессуары и дополнительное оборудование,Накладки на пороги,36.5,45.0,3.0,36.0,31.5,36.5
Бытовая техника,Педали для швейных машин,35.5,35.0,3.0,33.0,28.5,35.5
Спортивные аксессуары,Накладки для лошадей,39.5,45.0,3.0,42.5,38.0,39.5
Автозапчасти,Стойки автомобильных крыш,36.5,45.0,3.0,36.0,31.5,36.5
Посуда и инвентарь,Сковороды,39.5,45.0,3.0,41.0,36.5,39.5
Техника для красоты и здоровья,Аппараты для фототерапии,35.5,35.0,3.0,33.0,28.5,35.5
Техника для красоты и здоровья,Наборы для укладки волос,35.5,35.0,3.0,33.0,28.5,35.5
Спортивные аксессуары,Ведра для теннисных мячей,39.5,45.0,3.0,38.0,33.5,39.5
Автозапчасти,Тросики рычагов,36.5,45.0,3.0,36.0,31.5,36.5
Автозапчасти,Датчики контроля массы и объема воздуха,36.5,45.0,3.0,36.0,31.5,36.5
Товары для животных,Ванны для груминга,31.5,35.0,3.0,35.0,30.5,31.5
Продукты,Сухофрукты,4.5,4.5,3.0,35.0,30.5,4.5
Товары для животных,Мыло для животных,31.5,35.0,3.0,35.0,30.5,31.5
Белье,Косточки для бюстгальтера,44.5,45.0,3.0,38.0,33.5,44.5
Посуда и инвентарь,Лотки хлебные,39.5,45.0,3.0,43.0,38.5,39.5
Автозапчасти,Прокладки масляных фильтров,36.5,45.0,3.0,40.0,35.5,36.5
Мототовары,Дуги безопасности,36.5,45.0,3.0,33.0,28.5,36.5
Рукоделие,Ленты измерительные,39.5,45.0,3.0,28.0,23.5,39.5
Крупная бытовая техника,Вытяжки кухонные,29.5,35.0,3.0,19.5,18.5,29.5
Автоаксессуары и дополнительное оборудование,Накладки на багажник,36.5,45.0,3.0,40.0,35.5,36.5
Спортивный товар,Сигвеи,40.5,45.0,3.0,43.0,38.5,40.5
Декор интерьера,Рамы для постеров,39.5,45.0,3.0,43.0,38.5,39.5
Красота,Футляры для тампонов и прокладок,42.5,45.0,3.0,46.0,41.5,42.5
Товары для отдыха и кемпинга,Аксессуары для садовой мебели,38.5,45.0,3.0,42.0,37.5,38.5
Мебель офисная и торговое оборудование,Сканеры штрих-кода,36.5,45.0,3.0,40.0,35.5,36.5
Автозапчасти,Датчики уровня топлива,36.5,45.0,3.0,36.0,31.5,36.5
Аксессуары для электроники,Чехлы для трекеров,44.5,45.0,3.0,44.0,39.5,44.5
Мебель садовая,Обеденные группы плетеные,36.5,45.0,3.0,30.0,25.5,36.5
Автозапчасти,Насосы ГУР,36.5,45.0,3.0,36.0,31.5,36.5
Игрушки,Радиоуправляемые игрушки,38.5,45.0,3.0,42.0,37.5,38.5
Посуда и инвентарь,Крышки,39.5,45.0,3.0,39.0,34.5,39.5
Красота,Глиттеры,42.5,45.0,3.0,42.0,37.5,42.5
Товары для животных,Чехлы для переносок,31.5,35.0,3.0,31.0,26.5,31.5
Товары для малышей,Простыни для малышей,36.5,45.0,3.0,36.0,31.5,36.5
Фото и Видеотехника,Репитеры видеосигнала,38.5,45.0,3.0,42.0,31.5,38.5
Автоаксессуары и дополнительное оборудование,Рассухариватели клапанов,36.5,45.0,3.0,36.0,31.5,36.5
Здоровье,Боди послеоперационные,42.5,45.0,3.0,35.0,30.5,42.5
Спортивный товар,Ватрушки,37.5,45.0,3.0,37.0,32.5,37.5
Аксессуары для электроники,Чехлы для смарт-часов,44.5,45.0,3.0,37.0,32.5,44.5
Электроинструмент и оборудование,Пневмопистолеты,41.5,45.0,3.0,44.0,39.5,41.5
Спортивная одежда,Джаммеры,44.5,45.0,3.0,44.0,39.5,44.5
Канцелярские товары,Насосы для распыления фломастеров,39.5,45.0,3.0,43.0,38.5,39.5
Автоаксессуары и дополнительное оборудование,Подпятники автомобильные,36.5,45.0,3.0,40.0,35.5,36.5
Спортивные аксессуары,Наклейки на ступни ног,39.5,45.0,3.0,34.0,29.5,39.5
Здоровье,Очки защитные медицинские,42.5,45.0,3.0,43.5,39.0,42.5
Периферия и аксессуары,Клавиатуры,34.5,35.0,3.0,38.0,33.5,34.5
Хозяйственные товары,Подложки для раковины,39.5,45.0,3.0,34.0,29.5,39.5
Спортивный товар,Питьевые системы,37.5,45.0,3.0,41.0,36.5,37.5
Канцелярские товары,Оснастки для печатей,39.5,45.0,3.0,39.0,34.5,39.5
Хозяйственные товары,Тележки уборочные,39.5,45.0,3.0,38.0,33.5,39.5
Спортивные аксессуары,Краги конные,39.5,45.0,3.0,43.0,38.5,39.5
Фарма,Противоварикозные препараты,3.0,3.0,3.0,3.0,3.0,3.0
Готовая еда,Пицца,4.5,4.5,3.0,20.0,16.5,4.5
Посуда и инвентарь,Графины,39.5,45.0,3.0,38.0,33.5,39.5
Товары для малышей,Ножницы детские,36.5,45.0,3.0,36.0,31.5,36.5
Строительные материалы,Строительные материалы,42.5,45.0,3.0,42.0,37.5,42.5
Хранение вещей,Держатели для медалей,36.5,45.0,3.0,40.0,35.5,36.5
Аксессуары для электроники,Запчасти для кулеров воды,34.5,35.0,3.0,32.0,27.5,34.5
Товары для животных,Ниппельные поилки,31.5,35.0,3.0,31.0,26.5,31.5
Автозапчасти,Прокладки картера,36.5,45.0,3.0,40.0,35.5,36.5
Автозапчасти,Коробки раздаточные,36.5,45.0,3.0,40.0,35.5,36.5
Игровые консоли и игры,Геймпады,31.5,35.0,3.0,35.0,30.5,31.5
Канцелярские товары,Точилки,39.5,45.0,3.0,31.0,26.5,39.5
Игрушки,Совочки,38.5,45.0,3.0,37.0,32.5,38.5
Посуда и инвентарь,Гусятницы,39.5,45.0,3.0,39.0,34.5,39.5
Аксессуары для электроники,Корректоры осанки электронные,42.5,45.0,3.0,41.0,36.5,42.5
Все для садоводства,Клумбы садовые,39.5,45.0,3.0,37.5,36.5,39.5
Автозапчасти,Стопорные механизмы,36.5,45.0,3.0,31.0,26.5,36.5
Посуда и инвентарь,Ситечки для заваривания,39.5,45.0,3.0,38.0,33.5,39.5
Аксессуары,Багажные бирки,44.5,45.0,3.0,46.0,41.5,44.5
Одежда,Шубы искусственные,44.5,45.0,3.0,38.0,33.5,44.5
Спортивный товар,Шатуны велосипедные,37.5,45.0,3.0,41.0,36.5,37.5
Крупная бытовая техника,Морозильные камеры,29.5,35.0,3.0,19.5,18.5,29.5
Бытовая техника,Маслопрессы,35.5,35.0,3.0,39.0,34.5,35.5
Автоаксессуары и дополнительное оборудование,Накладки на колесные арки,36.5,45.0,3.0,40.0,35.5,36.5
Автоаксессуары и дополнительное оборудование,Расширители колесных арок,36.5,45.0,3.0,40.0,35.5,36.5
Мебель офисная и торговое оборудование,Счетчики банкнот,36.5,45.0,3.0,36.0,31.5,36.5
Бижутерия,Аксессуары для бижутерии,38.5,45.0,3.0,38.0,33.5,38.5
Здоровье,Вкладыши после мастэктомии,42.5,45.0,3.0,46.0,41.5,42.5
Отделочные материалы,Отливы для окон,38.5,45.0,3.0,38.0,33.5,38.5
Масла и технические жидкости,Масла вилочные,36.5,45.0,3.0,40.0,35.5,36.5
Книжная продукция и диски,Цветовые каталоги и палитры,39.5,45.0,3.0,39.0,34.5,39.5
Электрика,Панели оператора,38.5,45.0,3.0,30.0,25.5,38.5
Строительные материалы,Винты-конфирматы,38.5,45.0,3.0,32.0,27.5,38.5
Белье,Гольфы,44.5,45.0,3.0,46.0,41.5,44.5
Фарма,Неврологические препараты,3.0,3.0,3.0,3.0,3.0,3.0
Строительные материалы,Формы для плитки,38.5,45.0,3.0,38.0,33.5,38.5
Товары для животных,Растения для террариумов,31.5,35.0,3.0,31.0,26.5,31.5
Хозяйственные товары,Ленты клипсаторные,39.5,45.0,3.0,31.0,26.5,39.5
Здоровье,Подвесы для подъемников,42.5,45.0,3.0,37.0,32.5,42.5
Мебель малых форм,Столики туалетные,36.5,45.0,3.0,31.0,26.5,36.5
Масла и технические жидкости,Тормозные жидкости,36.5,45.0,3.0,35.0,30.5,36.5
Хозяйственные товары,Мусорные ведра,39.5,45.0,3.0,33.0,28.5,39.5
Аксессуары для электроники,Запчасти для СВЧ,34.5,35.0,3.0,27.0,22.5,34.5
Здоровье,Спейсеры,35.5,45.0,3.0,34.5,30.0,35.5
Ручной инструмент и оснастка,Аксессуары для компрессоров,41.5,45.0,3.0,41.0,36.5,41.5
Продукты,Зразы,4.5,4.5,3.0,25.0,20.5,4.5
Садовые инструменты и полив,Скреперы снегоуборочные,39.5,45.0,3.0,34.0,29.5,39.5
Мебель офисная и торговое оборудование,Стеллажи торговые,36.5,45.0,3.0,40.0,35.5,36.5
Спортивный товар,Бронеодежда,37.5,45.0,3.0,36.0,31.5,37.5
Фарма,Противогрибковые препараты,3.0,3.0,3.0,3.0,3.0,3.0
Здоровье,Стоматологические наборы,42.5,45.0,3.0,42.5,38.0,42.5
Канцелярские товары,Пленки для ламинирования,39.5,45.0,3.0,43.0,38.5,39.5
Аксессуары для электроники,Генераторы снега,42.5,45.0,3.0,36.0,31.5,42.5
Посуда и инвентарь,Термометры для холодильников,39.5,45.0,3.0,43.0,38.5,39.5
Фарма,Препараты для пищеварительной системы,3.0,3.0,3.0,3.0,3.0,3.0
Спортивный товар,Стулья для йоги,37.5,45.0,3.0,41.0,36.5,37.5
Строительные материалы,Мел,38.5,45.0,3.0,39.0,34.5,38.5
Товары для малышей,Шезлонги детские,36.5,45.0,3.0,35.0,30.5,36.5
Красота,Хайлайтеры,42.5,45.0,3.0,46.0,41.5,42.5
Канцелярские товары,Фартуки художественные,39.5,45.0,3.0,39.0,34.5,39.5
Крупная бытовая техника,Холодильные витрины,29.5,35.0,3.0,23.5,22.5,29.5
Спортивные аксессуары,Аккумуляторы для велосипедных фонарей,39.5,45.0,3.0,43.0,38.5,39.5
Профессиональные музыкальные инструменты,Напальчники для игры на гитаре,38.5,45.0,3.0,27.0,22.5,38.5
Спортивные аксессуары,Ножницы рыболовные,39.5,45.0,3.0,33.0,28.5,39.5
Садовые инструменты и полив,Лейки комнатные,39.5,45.0,3.0,34.0,29.5,39.5
Аксессуары для электроники,Аксессуары для косметических аппаратов,35.5,35.0,3.0,33.0,28.5,35.5
Спецодежда и СИЗы,Шапочки одноразовые,38.5,45.0,3.0,27.0,22.5,38.5
Красота,Таблетки для индикации зубного налета,42.5,45.0,3.0,45.0,40.5,42.5
Спецодежда и СИЗы,Очки защитные,38.5,45.0,3.0,42.0,37.5,38.5
Ручной инструмент и оснастка,Комплектующие для шнеков,41.5,45.0,3.0,45.0,40.5,41.5
Товары для взрослых,Бандажи эротик,39.5,45.0,3.0,43.0,38.5,39.5
Посуда и инвентарь,Воронки для кофе,39.5,45.0,3.0,39.0,34.5,39.5
Спортивная одежда,Капри спортивные,44.5,45.0,3.0,44.0,39.5,44.5
Аксессуары для обуви,Дезодоранты для обуви,44.5,45.0,3.0,48.0,43.5,44.5
Посуда и инвентарь,Сотейники,39.5,45.0,3.0,43.0,38.5,39.5
Профессиональные музыкальные инструменты,Тюнеры для гитары,38.5,45.0,3.0,42.0,37.5,38.5
Аксессуары для электроники,Цифровые ручки,34.5,35.0,3.0,33.0,28.5,34.5
Канцелярские товары,Ленты для печатных машинок,39.5,45.0,3.0,39.0,34.5,39.5
Аксессуары для электроники,Насадки для утюгов,35.5,35.0,3.0,29.0,24.5,35.5
Мебель корпусная и мебель для хранения,Системы Джокер,36.5,45.0,3.0,40.0,35.5,36.5
Рукоделие,Штампы для творчества,39.5,45.0,3.0,39.0,34.5,39.5
Аксессуары для электроники,Чехлы для телефонов,44.5,45.0,3.0,43.0,38.5,44.5
Товары для взрослых,Утяжелители эротик,39.5,45.0,3.0,34.0,29.5,39.5
Продукты,Бекон,4.5,4.5,3.0,26.0,21.5,4.5
Садовая техника,Средства для моек высокого давления,38.5,45.0,3.0,38.0,33.5,38.5
Строительные материалы,Мембраны кровельные,38.5,45.0,3.0,23.0,18.5,38.5
Автозапчасти,Балки моста,36.5,45.0,3.0,40.0,35.5,36.5
Автозапчасти,Крышки головок цилиндра,36.5,45.0,3.0,40.0,35.5,36.5
Автозапчасти,Насосы воздушные,36.5,45.0,3.0,36.0,31.5,36.5
Аксессуары для электроники,Эхолоты,42.5,45.0,3.0,41.0,36.5,42.5
Профессиональные музыкальные инструменты,Тамбурины,38.5,45.0,3.0,36.0,31.5,38.5
Крупная бытовая техника,Винные шкафы,29.5,35.0,3.0,19.5,18.5,29.5
Рукоделие,Фигурные дыроколы,39.5,45.0,3.0,39.0,34.5,39.5
Строительные материалы,Термошайбы,38.5,45.0,3.0,38.0,33.5,38.5
Фото и Видеотехника,Переходные кольца,38.5,45.0,3.0,35.5,31.0,38.5
Отделочные материалы,Самоклеящиеся напольные покрытия,38.5,45.0,3.0,36.5,32.0,38.5
Автозапчасти,Тяги соединительные,36.5,45.0,3.0,40.0,35.5,36.5
Одежда,Бомберы,44.5,45.0,3.0,47.0,42.5,44.5
Хранение вещей,Разделители для ящиков,36.5,45.0,3.0,40.0,35.5,36.5
Автозапчасти,Сайлентблоки,36.5,45.0,3.0,40.0,35.5,36.5
Товары для животных,Запчасти для переносок,31.5,35.0,3.0,25.0,20.5,31.5
Садовая техника,Двигатели для садовой техники,29.5,35.0,3.0,33.0,28.5,29.5
Профессиональные музыкальные инструменты,Мандолины,38.5,45.0,3.0,42.0,37.5,38.5
Аксессуары для электроники,Другие аксессуары для техники,35.5,35.0,3.0,39.0,34.5,35.5
Автоаксессуары и дополнительное оборудование,Системы очистки окон,36.5,45.0,3.0,40.0,35.5,36.5
Техника для красоты и здоровья,Массажеры электрические,35.5,35.0,3.0,33.0,28.5,35.5
Аксессуары для обуви,Гелевые вставки,44.5,45.0,3.0,39.0,34.5,44.5
Техника для кухни,Упаковщики вакуумные,34.5,35.0,3.0,38.0,33.5,34.5
Аксессуары,Накладные плечи,44.5,45.0,3.0,44.0,39.5,44.5
Товары для малышей,Электро-качели,36.5,45.0,3.0,40.0,35.5,36.5
Спецодежда и СИЗы,Фартуки медицинские,44.5,45.0,3.0,44.0,39.5,44.5
Декор интерьера,Гобелены,39.5,45.0,3.0,43.0,38.5,39.5
Красота,Уход за зубными протезами,42.5,45.0,3.0,37.0,32.5,42.5
Книжная продукция и диски,Медиа на USB-накопителе,39.5,45.0,3.0,39.0,34.5,39.5
Красота,Патчи,42.5,45.0,3.0,46.0,41.5,42.5
Ручной инструмент и оснастка,Ванночки малярные,41.5,45.0,3.0,35.0,30.5,41.5
Спортивные аксессуары,Ленты для пуант,39.5,45.0,3.0,43.0,38.5,39.5
Спортивный товар,Аксессуары для оружия,37.5,45.0,3.0,41.0,36.5,37.5
Хозяйственные товары,Складные мусорные корзины,39.5,45.0,3.0,39.0,34.5,39.5
Товары для отдыха и кемпинга,Умывальники садовые,38.5,45.0,3.0,36.0,31.5,38.5
Спортивный товар,Чучела охотничьи,37.5,45.0,3.0,41.0,36.5,37.5
Фото и Видеотехника,Карты видеозахвата,38.5,45.0,3.0,41.0,36.5,38.5
Аксессуары для электроники,NFC наклейки,42.5,45.0,3.0,41.0,36.5,42.5
Спецодежда и СИЗы,Коврики диэлектрические,38.5,45.0,3.0,42.0,37.5,38.5
Мебель на заказ,Модули кухонные,36.5,45.0,3.0,32.0,27.5,36.5
Мебель корпусная и мебель для хранения,Корзины встраиваемые,36.5,45.0,3.0,36.0,31.5,36.5
Автоаксессуары и дополнительное оборудование,Хабы колесные,36.5,45.0,3.0,40.0,35.5,36.5
Ручной инструмент и оснастка,Ключи трещоточные,41.5,45.0,3.0,45.0,40.5,41.5
Аксессуары,Монетницы,44.5,45.0,3.0,48.0,43.5,44.5
Красота,Средства для удаления кутикулы,42.5,45.0,3.0,45.5,41.0,42.5
Аксессуары для электроники,Трекеры световые,42.5,45.0,3.0,31.0,26.5,42.5
Спортивные аксессуары,Трензели,39.5,45.0,3.0,43.0,38.5,39.5
Автозапчасти,Тормозные барабаны,36.5,45.0,3.0,40.0,35.5,36.5
Мебель офисная и торговое оборудование,Магниты мебельные,36.5,45.0,3.0,40.0,35.5,36.5
Автохимия и автокосметика,Стеклоомывающие жидкости,36.5,45.0,3.0,34.0,29.5,36.5
Аксессуары для обуви,Жиры для обуви,44.5,45.0,3.0,48.0,43.5,44.5
Товары для малышей,Корзины для игрушек,36.5,45.0,3.0,40.0,35.5,36.5
Декор интерьера,Декоративные полотна,39.5,45.0,3.0,34.0,29.5,39.5
Автоаксессуары и дополнительное оборудование,Чехлы для багажников,36.5,45.0,3.0,36.0,31.5,36.5
Одежда для малышей,Велосипедки для малышей,44.5,45.0,3.0,48.0,43.5,44.5
Автозапчасти,Кабины автомобильные,36.5,45.0,3.0,35.5,31.0,36.5
Автозапчасти,Валы промежуточные,36.5,45.0,3.0,40.0,35.5,36.5
Здоровье,Пастилки для горла,42.5,45.0,3.0,39.0,34.5,42.5
Одежда,Жилеты,44.5,45.0,3.0,44.0,39.5,44.5
Хозяйственные товары,Стаканы для зубных щеток,39.5,45.0,3.0,42.0,37.5,39.5
Книжная продукция и диски,Учебники,39.5,45.0,3.0,35.0,30.5,39.5
Канцелярские товары,Бумага миллиметровая,39.5,45.0,3.0,39.0,34.5,39.5
Канцелярские товары,Грунты художественные,39.5,45.0,3.0,43.0,38.5,39.5
Профессиональные музыкальные инструменты,Электрогитары,38.5,45.0,3.0,35.0,30.5,38.5
Автоаксессуары и дополнительное оборудование,Колеса опорные для прицепов,36.5,45.0,3.0,28.0,23.5,36.5
Продукты,Зелень и салаты,4.5,4.5,3.0,26.0,21.5,4.5
Спортивный товар,Кинезио тейпы,37.5,45.0,3.0,41.0,36.5,37.5
Товары для животных,Напитки для животных,31.5,35.0,3.0,35.0,30.5,31.5
Здоровье,Пикфлоуметры,42.5,45.0,3.0,41.0,36.5,42.5
Фарма,"Препараты от простуды, гриппа и ОРВИ",3.0,3.0,3.0,3.0,3.0,3.0
Товары для отдыха и кемпинга,Шатры и беседки,38.5,45.0,3.0,37.0,32.5,38.5
Профессиональные музыкальные инструменты,Ханги,38.5,45.0,3.0,36.0,31.5,38.5
Автозапчасти,AKF системы,36.5,45.0,3.0,40.0,35.5,36.5
Все для садоводства,Агрохимикаты,39.5,45.0,3.0,35.5,34.5,39.5
Игрушки,Игрушечные музыкальные инструменты,38.5,45.0,3.0,38.0,33.5,38.5
Аксессуары,Портупеи,44.5,45.0,3.0,48.0,43.5,44.5
Хозяйственные товары,Бумага пищевая,39.5,45.0,3.0,43.0,38.5,39.5
Товары для малышей,Чехлы для детских автокресел,36.5,45.0,3.0,40.0,35.5,36.5
Продукты,Хлопья чечевичные,4.5,4.5,3.0,35.0,30.5,4.5
Товары для взрослых,Дезодоранты эротик,39.5,45.0,3.0,43.0,38.5,39.5
Ручной инструмент и оснастка,Комплектующие для плиткореза,41.5,45.0,3.0,45.0,40.5,41.5
Все для садоводства,Горшки для рассады,39.5,45.0,3.0,35.5,34.5,39.5
Все для садоводства,Комплектующие для теплиц,39.5,45.0,3.0,35.5,34.5,39.5
Здоровье,Оборудование зуботехническое,35.5,45.0,3.0,39.0,34.5,35.5
Товары для животных,Снуды для собак,31.5,35.0,3.0,35.0,30.5,31.5
Автозапчасти,Элементы подвески,36.5,45.0,3.0,40.0,35.5,36.5
Отделочные материалы,Кирпичи гибкие,38.5,45.0,3.0,38.0,33.5,38.5
Товары для животных,Товары для животных,31.5,35.0,3.0,35.0,30.5,31.5
Спортивные аксессуары,Маски спортивные,39.5,45.0,3.0,39.0,34.5,39.5
Посуда и инвентарь,Ложки поварские,39.5,45.0,3.0,39.0,34.5,39.5
Товары для животных,Тримминги,31.5,35.0,3.0,31.0,26.5,31.5
Товары для животных,Душевые лейки для животных,31.5,35.0,3.0,35.0,30.5,31.5
Продукты,Концентраты чайного гриба,4.5,4.5,3.0,30.0,25.5,4.5
Одежда для малышей,Плащи для малышей,44.5,45.0,3.0,48.0,43.5,44.5
Белье для малышей,Термотрусы для малышей,44.5,45.0,3.0,48.0,39.5,44.5
Спортивная обувь,Бутсы,44.5,45.0,3.0,48.0,43.5,44.5
Аксессуары,Снуды,44.5,45.0,3.0,48.0,43.5,44.5
Бытовая техника,Навигация для робот-пылесосов,35.5,35.0,3.0,33.0,28.5,35.5
Спортивный товар,Колодки стартовые,37.5,45.0,3.0,32.0,27.5,37.5
Мебель садовая,Кресла садовые,36.5,45.0,3.0,30.0,25.5,36.5
Сантехника,Дефлекторы вентиляционные,37.5,45.0,3.0,37.0,32.5,37.5
Игрушки,Запчасти для игровых палаток,38.5,45.0,3.0,42.0,37.5,38.5
Здоровье,Контейнеры для линз,42.5,45.0,3.0,41.0,36.5,42.5
Мебель малых форм,Стулья,36.5,45.0,3.0,31.0,26.5,36.5
Техника для красоты и здоровья,Фотоэпиляторы,35.5,35.0,3.0,33.0,28.5,35.5
Электроинструмент и оборудование,Аккумуляторы для электроинструмента,41.5,45.0,3.0,45.0,40.5,41.5
Продукты,Сыры сухие,4.5,4.5,3.0,35.0,30.5,4.5
Товары для курения,Товары для курения,38.5,45.0,3.0,42.0,37.5,38.5
Спецодежда и СИЗы,Стекла для сварочных масок,38.5,45.0,3.0,38.0,33.5,38.5
Спортивные аксессуары,Груз для погружения,39.5,45.0,3.0,43.0,38.5,39.5
Книжная продукция и диски,Журналы,39.5,45.0,3.0,43.0,38.5,39.5
Аксессуары для электроники,Внешние аккумуляторы,44.5,45.0,3.0,43.0,38.5,44.5
Посуда и инвентарь,Разделочные доски,39.5,45.0,3.0,43.0,38.5,39.5
Спортивный товар,Шары для бильярда,37.5,45.0,3.0,41.0,36.5,37.5
Товары для малышей,Пакеты для стерилизатора,36.5,45.0,3.0,40.0,35.5,36.5
Красота,Аппликаторы,42.5,45.0,3.0,37.0,32.5,42.5
Игрушки,Рамки-вкладыши,38.5,45.0,3.0,38.0,33.5,38.5
Алкогольная продукция,Настойки,4.5,4.5,3.0,4.5,4.5,4.5
Декор интерьера,Фотоальбомы,39.5,45.0,3.0,43.0,38.5,39.5
Красота,Межзубные ершики,42.5,45.0,3.0,46.0,41.5,42.5
Мебель офисная и торговое оборудование,Накладки-протекторы для мебели,36.5,45.0,3.0,30.0,25.5,36.5
Профессиональные музыкальные инструменты,Усилители мощности,38.5,45.0,3.0,36.0,31.5,38.5
Аксессуары для электроники,Катушки для металлоискателя,42.5,45.0,3.0,35.0,30.5,42.5
Автозапчасти,Регуляторы нагнетаемого воздуха,36.5,45.0,3.0,36.0,31.5,36.5
Аксессуары для волос,Крабы,44.5,45.0,3.0,41.0,36.5,44.5
Мебель офисная и торговое оборудование,Парты детские,36.5,45.0,3.0,36.0,31.5,36.5
Спортивный товар,Полировальные камни,37.5,45.0,3.0,32.0,27.5,37.5
Ручной инструмент и оснастка,Светофильтры сварочные,41.5,45.0,3.0,38.0,33.5,41.5
Ручной инструмент и оснастка,Хоны для расточки,41.5,45.0,3.0,41.0,36.5,41.5
Красота,Манекены для парикмахеров,42.5,45.0,3.0,38.0,33.5,42.5
Аксессуары для электроники,Умные горшки,42.5,45.0,3.0,35.0,30.5,42.5
Фото и Видеотехника,Фотовспышки,38.5,45.0,3.0,36.0,31.5,38.5
Одежда,Пуховики,44.5,45.0,3.0,38.0,33.5,44.5
Аксессуары для электроники,Антенны телевизионные,39.5,45.0,3.0,32.0,27.5,39.5
Бижутерия,Зажимы для платков,38.5,45.0,3.0,38.0,33.5,38.5
Красота,Праймеры для ногтей,42.5,45.0,3.0,46.0,41.5,42.5
Спортивный товар,Валики спортивные,37.5,45.0,3.0,37.0,32.5,37.5
Бытовая техника,Вязальные машины,35.5,35.0,3.0,39.0,34.5,35.5
Аксессуары для электроники,Запчасти для кондиционеров,38.5,45.0,3.0,41.0,36.5,38.5
Для праздника,Букеты живых цветов,42.5,45.0,3.0,45.0,40.5,42.5
Спортивный товар,Клюшки,37.5,45.0,3.0,41.0,36.5,37.5
Спортивный товар,Подушки балансировочные,37.5,45.0,3.0,32.0,27.5,37.5
Детское питание,Сухарики детские,4.5,4.5,3.0,35.0,26.5,4.5
Садовые инструменты и полив,Коннекторы и штуцеры садовые,39.5,45.0,3.0,36.0,31.5,39.5
Мототовары,Другие запчасти для снегоходов,36.5,45.0,3.0,40.0,35.5,36.5
Автозапчасти,Прерыватели указателей поворота,36.5,45.0,3.0,36.0,31.5,36.5
Автозапчасти,Вставки в противотуманные фары,36.5,45.0,3.0,36.0,31.5,36.5
Мототовары,Рули для мототехники,36.5,45.0,3.0,40.0,35.5,36.5
Канцелярские товары,Папки-сумки,39.5,45.0,3.0,40.0,35.5,39.5
Техника для кухни,Электрические мельницы,34.5,35.0,3.0,32.0,27.5,34.5
Товары для отдыха и кемпинга,Шампуры,38.5,45.0,3.0,38.0,33.5,38.5
Рукоделие,Доски для биговки,39.5,45.0,3.0,35.0,30.5,39.5
Здоровье,Презервативы,42.5,45.0,3.0,45.0,40.5,42.5
Мебель офисная и торговое оборудование,Замки и защелки мебельные,36.5,45.0,3.0,40.0,35.5,36.5
Сантехника,Баки для подачи воды,37.5,45.0,3.0,37.0,32.5,37.5
Автозапчасти,Шарниры автомобильные,36.5,45.0,3.0,40.0,35.5,36.5
Игрушки,Мобили,38.5,45.0,3.0,42.0,37.5,38.5
Хозяйственные товары,Держатели для ванной,39.5,45.0,3.0,43.0,38.5,39.5
Книжная продукция и диски,Книги-комиксы,39.5,45.0,3.0,43.0,38.5,39.5
Спецодежда и СИЗы,Наколенники строительные,38.5,45.0,3.0,39.0,34.5,38.5
Посуда и инвентарь,Ложки десертные,39.5,45.0,3.0,39.0,34.5,39.5
Мототовары,Фильтры масляные для мототехники,36.5,45.0,3.0,35.0,30.5,36.5
Товары для отдыха и кемпинга,Жидкости для розжига,38.5,45.0,3.0,27.0,21.5,38.5
Красота,Маски косметические,42.5,45.0,3.0,45.5,41.0,42.5
Спортивное питание и косметика,Смеси для напитков,35.5,45.0,3.0,38.0,33.5,35.5
Продукты,Горох,4.5,4.5,3.0,30.0,25.5,4.5
Ручной инструмент и оснастка,Круги полировальные,41.5,45.0,3.0,40.0,35.5,41.5
Одежда для малышей,Пуховики для малышей,44.5,45.0,3.0,45.0,40.5,44.5
Спортивная обувь,Носки для грепплинга,44.5,45.0,3.0,44.0,39.5,44.5
Текстиль для дома,Крепления для гамаков,39.5,45.0,3.0,43.0,38.5,39.5
Продукты,Кофе в капсулах,4.5,4.5,3.0,35.0,30.5,4.5
Техника для кухни,Блендеры,34.5,35.0,3.0,38.0,33.5,34.5
Игрушки,Фрисби,38.5,45.0,3.0,42.0,37.5,38.5
Смартфоны и гаджеты,Фитнес-браслеты,34.5,35.0,3.0,37.0,32.5,34.5
Красота,Фиксаторы макияжа,42.5,45.0,3.0,46.0,41.5,42.5
Красота,Ванночки для ног,42.5,45.0,3.0,39.0,34.5,42.5
Спортивный товар,Системы страховочные,37.5,45.0,3.0,41.0,36.5,37.5
Ручной инструмент и оснастка,Щетки по металлу,41.5,45.0,3.0,40.0,35.5,41.5
Садовая техника,Аксессуары и запчасти для моек высокого давления,38.5,45.0,3.0,42.0,37.5,38.5
Аксессуары для обуви,Губки для обуви,44.5,45.0,3.0,48.0,43.5,44.5
Спортивный товар,Велосипеды двухколесные,37.5,45.0,3.0,31.0,26.5,37.5
Здоровье,Таблетницы,42.5,45.0,3.0,36.0,31.5,42.5
Товары для животных,Подгузники для животных,31.5,35.0,3.0,35.0,30.5,31.5
Посуда и инвентарь,Очки кухонные,39.5,45.0,3.0,38.5,34.0,39.5
Канцелярские товары,Пломбировочные ленты,39.5,45.0,3.0,38.0,33.5,39.5
Отделочные материалы,Жидкие обои,38.5,45.0,3.0,39.5,35.0,38.5
Мебель для сна,Матрасы-топперы,36.5,45.0,3.0,36.0,31.5,36.5
Товары для животных,Воротники для животных,31.5,35.0,3.0,35.0,30.5,31.5
Спортивные аксессуары,Чехлы на руку,39.5,45.0,3.0,39.0,34.5,39.5
Аксессуары,Подкладки для сумок,44.5,45.0,3.0,44.0,39.5,44.5
Декор интерьера,Лупы настольные,39.5,45.0,3.0,43.0,38.5,39.5
Красота,Футляры для помад,42.5,45.0,3.0,46.0,41.5,42.5
Красота,Закрепители для гель-лака,42.5,45.0,3.0,45.0,40.5,42.5
Продукты,Замороженные морепродукты,4.5,4.5,3.0,26.0,21.5,4.5
Посуда и инвентарь,Пинцеты кулинарные,39.5,45.0,3.0,35.0,30.5,39.5
Товары для животных,Клетки для животных,31.5,35.0,3.0,25.0,20.5,31.5
Профессиональные музыкальные инструменты,Обручи для барабанов,38.5,45.0,3.0,42.0,31.5,38.5
Профессиональные музыкальные инструменты,Колокольчики музыкальные,38.5,45.0,3.0,42.0,37.5,38.5
Аксессуары для электроники,NFC-браслеты,42.5,45.0,3.0,41.0,36.5,42.5
Здоровье,Марли медицинские,42.5,45.0,3.0,38.0,33.5,42.5
Аксессуары для электроники,Стерилизаторы для смартфонов,44.5,45.0,3.0,43.0,32.5,44.5
Товары для отдыха и кемпинга,Ершовая загрузка,38.5,45.0,3.0,33.5,29.0,38.5
Товары для отдыха и кемпинга,Аксессуары для тандыров,38.5,45.0,3.0,38.0,33.5,38.5
Телевизоры и аудиотехника,Виниловые пластинки,39.5,45.0,3.0,35.5,31.0,39.5
Продукты,Заменители сухих сливок,4.5,4.5,3.0,35.0,30.5,4.5
Красота,Праймеры для ресниц,42.5,45.0,3.0,42.0,37.5,42.5
Автозапчасти,Свечи зажигания,36.5,45.0,3.0,36.0,31.5,36.5
Рукоделие,Фитили для свечей,39.5,45.0,3.0,39.0,34.5,39.5
Отделочные материалы,Заглушки для подоконника,38.5,45.0,3.0,31.0,26.5,38.5
Автозапчасти,Системы смазки распредвала,36.5,45.0,3.0,36.0,31.5,36.5
Товары для малышей,Органайзеры для подгузников,36.5,45.0,3.0,36.0,31.5,36.5
Декор интерьера,Таблички для ванны и туалета,39.5,45.0,3.0,43.0,38.5,39.5
Профессиональные музыкальные инструменты,Синтезаторы,38.5,45.0,3.0,37.0,32.5,38.5
Автозапчасти,Датчики износа тормозных колодок,36.5,45.0,3.0,36.0,31.5,36.5
Ручной инструмент и оснастка,Леса строительные,41.5,45.0,3.0,35.0,30.5,41.5
Ручной инструмент и оснастка,Оснастка для станков,41.5,45.0,3.0,41.0,36.5,41.5
Канцелярские товары,Циркули,39.5,45.0,3.0,28.0,23.5,39.5
Посуда и инвентарь,Мерные стаканы,39.5,45.0,3.0,28.0,23.5,39.5
Красота,Инструменты для чистки лица,42.5,45.0,3.0,42.5,38.0,42.5
Ручной инструмент и оснастка,Рубанки ручные,41.5,45.0,3.0,45.0,40.5,41.5
Товары для взрослых,Пояса эротик,39.5,45.0,3.0,43.0,38.5,39.5
Крупная бытовая техника,Плиты с духовкой,29.5,35.0,3.0,19.5,18.5,29.5
Здоровье,Центрифуги лабораторные,35.5,45.0,3.0,39.0,34.5,35.5
Все для садоводства,Ящики для рассады,39.5,45.0,3.0,35.5,34.5,39.5
Автохимия и автокосметика,Размораживатели замков и стекол,36.5,45.0,3.0,37.0,32.5,36.5
Спортивный товар,Наборы кемпинговой мебели,37.5,45.0,3.0,34.0,29.5,37.5
Спортивный товар,Подседельные хомуты,37.5,45.0,3.0,36.0,31.5,37.5
Климатическая техника,Кондиционеры воздуха,29.5,35.0,3.0,23.5,22.5,29.5
Сетевое оборудование,PoE инжекторы,34.5,35.0,3.0,38.0,33.5,34.5
Игровые консоли и игры,Кронштейны для геймпадов,31.5,35.0,3.0,29.0,24.5,31.5
Здоровье,Жилеты оздоровительные,42.5,45.0,3.0,35.0,30.5,42.5
Алкогольная продукция,Ликер,4.5,4.5,3.0,9.5,9.5,4.5
Спортивное питание и косметика,Спортивное питание и косметика,35.5,45.0,3.0,39.0,34.5,35.5
Аксессуары,Чехлы для радиостанций,44.5,45.0,3.0,48.0,43.5,44.5
Мебель садовая,Столы садовые,36.5,45.0,3.0,31.0,26.5,36.5
Строительные материалы,Асфальт холодный,38.5,45.0,3.0,24.0,19.5,38.5
Канцелярские товары,Подставки для маркерных досок,39.5,45.0,3.0,33.0,28.5,39.5
Автозапчасти,Рулевое управление,36.5,45.0,3.0,36.0,31.5,36.5
Мебель офисная и торговое оборудование,Плинтусы для столешниц,36.5,45.0,3.0,40.0,35.5,36.5
Продукты,Гречка,4.5,4.5,3.0,21.0,16.5,4.5
Ручной инструмент и оснастка,Диски алмазные,41.5,45.0,3.0,37.0,32.5,41.5
Автозапчасти,Фильтры топливные,36.5,45.0,3.0,40.0,35.5,36.5
Рукоделие,Иглы швейные,39.5,45.0,3.0,33.0,28.5,39.5
Автозапчасти,Головки цилиндра,36.5,45.0,3.0,40.0,35.5,36.5
Электрика,Кабель-каналы,38.5,45.0,3.0,35.0,30.5,38.5
Мототовары,Переключатели для мототехники,36.5,45.0,3.0,40.0,35.5,36.5
Автозапчасти,Крышки расширительного бачка,36.5,45.0,3.0,36.0,31.5,36.5
Спортивный товар,Аксессуары для коньков,37.5,45.0,3.0,37.0,32.5,37.5
Периферия и аксессуары,Web-камеры,34.5,35.0,3.0,32.0,27.5,34.5
Хозяйственные товары,Швабры,39.5,45.0,3.0,37.0,32.5,39.5
Декор интерьера,Механизмы для часов,39.5,45.0,3.0,43.0,38.5,39.5
Мебель мягкая,Уголки кухонные,36.5,45.0,3.0,29.0,24.5,36.5
Спортивный товар,Тормоза для роликовых коньков,37.5,45.0,3.0,37.0,32.5,37.5
Автозапчасти,Крепления радиатора,36.5,45.0,3.0,36.0,31.5,36.5
Фото и Видеотехника,Чехлы для фотоаппаратов,38.5,45.0,3.0,36.0,31.5,38.5
Спортивный товар,Электросамокаты,31.5,35.0,3.0,27.0,22.5,31.5
Все для садоводства,Средства от грызунов,39.5,45.0,3.0,39.5,38.5,39.5
Спортивный товар,Инструменты для обработки кия и наклеек,37.5,45.0,3.0,37.0,32.5,37.5
Аксессуары для электроники,Тачскрины для смартфонов,44.5,45.0,3.0,37.0,32.5,44.5
Автохимия и автокосметика,Автохимия,36.5,45.0,3.0,40.0,35.5,36.5
Техника для кухни,Попкорницы,34.5,35.0,3.0,35.0,30.5,34.5
Книжная продукция и диски,Словари,39.5,45.0,3.0,39.0,34.5,39.5
Сантехника,Изливы для смесителей,37.5,45.0,3.0,37.0,32.5,37.5
Сантехника,Трубы для водопровода,37.5,45.0,3.0,31.0,26.5,37.5
Автохимия и автокосметика,Шпатлевки для автомобиля,36.5,45.0,3.0,40.0,35.5,36.5
Красота,Манекены для косметологии,42.5,45.0,3.0,42.0,37.5,42.5
Продукты,Креветки,4.5,4.5,3.0,26.0,21.5,4.5
Освещение,Бра,39.5,45.0,3.0,43.0,38.5,39.5
Товары для малышей,Защитные барьеры детские,36.5,45.0,3.0,36.0,31.5,36.5
Красота,Чаши для бритья,42.5,45.0,3.0,42.0,37.5,42.5
Аксессуары для обуви,Масла для обуви,44.5,45.0,3.0,48.0,43.5,44.5
Спортивные аксессуары,Гидрошлемы,39.5,45.0,3.0,39.0,34.5,39.5
Спортивные аксессуары,Гидрошапки,39.5,45.0,3.0,43.0,38.5,39.5
Аксессуары для электроники,Сертификаты расширенной гарантии,22.5,25.0,3.0,31.0,27.5,22.5
Спортивные аксессуары,Кронштейны для уздечек,39.5,45.0,3.0,39.0,34.5,39.5
Электроинструмент и оборудование,Полировальные машины,41.5,45.0,3.0,41.0,36.5,41.5
Спортивные аксессуары,Чехлы на коньки,39.5,45.0,3.0,37.5,33.0,39.5
Хозяйственные товары,Подставки под гладильные прессы,39.5,45.0,3.0,43.0,34.5,39.5
Здоровье,Ортезы,42.5,45.0,3.0,39.0,34.5,42.5
Автозапчасти,Сальники КПП,36.5,45.0,3.0,36.0,31.5,36.5
Аксессуары для электроники,Держатели для наушников,39.5,45.0,3.0,34.0,29.5,39.5
Здоровье,Линейки скиаскопические,42.5,45.0,3.0,37.0,32.5,42.5
Ручной инструмент и оснастка,Поломоечные машины,41.5,45.0,3.0,40.5,36.0,41.5
Спортивный товар,Доски для плавания,37.5,45.0,3.0,39.0,34.5,37.5
Рукоделие,Пяльцы,39.5,45.0,3.0,40.0,35.5,39.5
Продукты,Попкорн,4.5,4.5,3.0,35.0,30.5,4.5
Хозяйственные товары,Масла смазочные,39.5,45.0,3.0,39.0,34.5,39.5
Мебель офисная и торговое оборудование,Трибуны офисные,36.5,45.0,3.0,36.5,32.0,36.5
Автоаксессуары и дополнительное оборудование,Канистры экспедиционные,36.5,45.0,3.0,35.0,30.5,36.5
Товары для животных,Умные устройства для животных,31.5,35.0,3.0,31.0,26.5,31.5
Красота,Пилинг,42.5,45.0,3.0,43.5,39.0,42.5
Детское питание,Смеси диетические детские,4.5,4.5,3.0,35.0,30.5,4.5
Товары для животных,Ползунки для животных,31.5,35.0,3.0,26.0,21.5,31.5
Товары для животных,Бумага для папильоток,31.5,35.0,3.0,31.0,26.5,31.5
Красота,Патчи для наращивания ресниц,42.5,45.0,3.0,39.5,35.0,42.5
Игрушки,Батуты детские,38.5,45.0,3.0,38.0,33.5,38.5
Шины и диски,Диски колесные,36.5,45.0,3.0,27.5,26.5,36.5
Техника для кухни,Шкафы расстоечные,34.5,35.0,3.0,38.0,33.5,34.5
Товары для отдыха и кемпинга,Термосумки,38.5,45.0,3.0,37.0,32.5,38.5
Посуда и инвентарь,Паштетницы,39.5,45.0,3.0,40.0,35.5,39.5
Одежда для малышей,Лонгсливы для малышей,44.5,45.0,3.0,48.0,43.5,44.5
Продукты,Тан,4.5,4.5,3.0,25.0,20.5,4.5
Техника для кухни,Техника для кухни,34.5,35.0,3.0,38.0,33.5,34.5
Сантехника,Держатели и штанги для душа,37.5,45.0,3.0,35.0,30.5,37.5
Садовая техника,Инсектицидные лампы,38.5,45.0,3.0,39.0,34.5,38.5
Все для садоводства,Проращиватели семян,39.5,45.0,3.0,39.5,38.5,39.5
Сантехника,Трапы для душа,37.5,45.0,3.0,41.0,36.5,37.5
Аксессуары для малышей,Кепи для малышей,44.5,45.0,3.0,48.0,43.5,44.5
Автозапчасти,Катализаторы автомобильные,36.5,45.0,3.0,40.0,35.5,36.5
Товары для малышей,Видеоняни,36.5,45.0,3.0,40.0,35.5,36.5
Посуда и инвентарь,Котелки,39.5,45.0,3.0,41.0,36.5,39.5
Для праздника,Активаторы для слаймов,42.5,45.0,3.0,42.0,37.5,42.5
Товары для взрослых,Маски эротик,39.5,45.0,3.0,43.0,38.5,39.5
Мототовары,Ленты капота снегохода,36.5,45.0,3.0,31.0,26.5,36.5
Мебель малых форм,Секции с зеркалом,36.5,45.0,3.0,39.5,35.0,36.5
Мебель офисная и торговое оборудование,Столы игровые,36.5,45.0,3.0,30.0,25.5,36.5
Бижутерия,Запонки,38.5,45.0,3.0,42.0,37.5,38.5
Красота,Педикюрные наборы,42.5,45.0,3.0,42.0,37.5,42.5
Декор интерьера,Масла для аромаламп,39.5,45.0,3.0,43.0,38.5,39.5
Посуда и инвентарь,Коврики для сушки посуды,39.5,45.0,3.0,39.0,34.5,39.5
Масла и технические жидкости,Масла специальные,36.5,45.0,3.0,36.0,31.5,36.5
Обувь,Сабо,44.5,45.0,3.0,42.0,37.5,44.5
Товары для животных,Штаны для животных,31.5,35.0,3.0,35.0,30.5,31.5
Хозяйственные товары,Вантузы,39.5,45.0,3.0,33.0,28.5,39.5
Электрика,Трансформаторы,38.5,45.0,3.0,35.0,30.5,38.5
Белье,Боди,44.5,45.0,3.0,48.0,43.5,44.5
Климатическая техника,Простыни электрические,35.5,35.0,3.0,33.0,28.5,35.5
Спецодежда и СИЗы,Колпаки поварские,44.5,45.0,3.0,44.5,40.0,44.5
Продукты,Сухие напитки,4.5,4.5,3.0,35.0,30.5,4.5
Садовая техника,Электротяпки,38.5,45.0,3.0,41.5,37.0,38.5
Готовая еда,Первые блюда,4.5,4.5,3.0,38.0,34.5,4.5
Автохимия и автокосметика,Очистители выхлопной системы,36.5,45.0,3.0,36.0,31.5,36.5
Канцелярские товары,Зажимы для бумаги,39.5,45.0,3.0,28.0,23.5,39.5
Продукты,Смеси круп и бобовых,4.5,4.5,3.0,30.0,25.5,4.5
Товары для отдыха и кемпинга,Лестницы для бассейнов,38.5,45.0,3.0,35.0,30.5,38.5
Отделочные материалы,Ковролин,38.5,45.0,3.0,32.0,27.5,38.5
Строительные материалы,Крепления для забора,38.5,45.0,3.0,38.0,33.5,38.5
Автозапчасти,Рессоры автомобильные,36.5,45.0,3.0,40.0,35.5,36.5
Мебель корпусная и мебель для хранения,Комплектующие для витрин,36.5,45.0,3.0,36.0,31.5,36.5
Аксессуары,Пояса,44.5,45.0,3.0,48.0,43.5,44.5
Аксессуары,Обложки,44.5,45.0,3.0,48.0,43.5,44.5
Канцелярские товары,Проволоки пломбировочные,39.5,45.0,3.0,43.0,38.5,39.5
Автоаксессуары и дополнительное оборудование,Чехлы на сиденья,36.5,45.0,3.0,35.0,30.5,36.5
Спортивный товар,Леска рыболовная,37.5,45.0,3.0,41.0,36.5,37.5
Аксессуары для электроники,Защитные кольца для смартфонов,44.5,45.0,3.0,37.0,32.5,44.5
Текстиль для дома,Зажимы для скатерти,39.5,45.0,3.0,37.0,32.5,39.5
Телевизоры и аудиотехника,Телевизоры,31.5,35.0,3.0,35.0,30.5,31.5
Продукты,Смузи,4.5,4.5,3.0,35.0,30.5,4.5
Автоаксессуары и дополнительное оборудование,Воронки автомобильные,36.5,45.0,3.0,31.0,26.5,36.5
Товары для животных,Наполнители для аквариумных фильтров,31.5,35.0,3.0,35.0,30.5,31.5
Игрушки,Головоломки,38.5,45.0,3.0,42.0,37.5,38.5
Декор интерьера,Футляры для спичек,39.5,45.0,3.0,34.0,29.5,39.5
Посуда и инвентарь,Молды,39.5,45.0,3.0,38.5,34.0,39.5
Профессиональные музыкальные инструменты,Шпильки для гитары,38.5,45.0,3.0,32.0,27.5,38.5
Декор интерьера,Ключи сувенирные,39.5,45.0,3.0,43.0,38.5,39.5
Бытовая техника,Картриджи для отпаривателей,35.5,35.0,3.0,33.0,28.5,35.5
Посуда и инвентарь,Чехлы для бутылей,39.5,45.0,3.0,39.0,34.5,39.5
Ручной инструмент и оснастка,Абразивы для пескоструйных работ,41.5,45.0,3.0,41.0,36.5,41.5
Товары для малышей,Детские горшки,36.5,45.0,3.0,30.0,25.5,36.5
Садовые инструменты и полив,Корнеудалители,39.5,45.0,3.0,42.5,38.0,39.5
Товары для животных,Кормушки-поилки для рептилий,31.5,35.0,3.0,31.0,26.5,31.5
Автозапчасти,Блоки управления,36.5,45.0,3.0,36.0,31.5,36.5
Автозапчасти,Датчики дорожного просвета,36.5,45.0,3.0,36.0,31.5,36.5
Аксессуары для электроники,Фильтры для пылесосов,35.5,35.0,3.0,39.0,34.5,35.5
Спортивный товар,Мормышки,37.5,45.0,3.0,41.0,36.5,37.5
Товары для животных,Дверцы для животных,31.5,35.0,3.0,35.0,30.5,31.5
Спортивный товар,Дорожки балансировочные,37.5,45.0,3.0,41.0,36.5,37.5
Сетевое оборудование,Powerline адаптеры,34.5,35.0,3.0,38.0,33.5,34.5
Товары для отдыха и кемпинга,Тенты универсальные,38.5,45.0,3.0,41.0,36.5,38.5
Автозапчасти,Тормозные шланги,36.5,45.0,3.0,36.0,31.5,36.5
Мебель для сна,Изголовья кроватей,36.5,45.0,3.0,35.0,30.5,36.5
Игрушки,Аксессуары для кукол,38.5,45.0,3.0,42.0,37.5,38.5
Спортивный товар,Кии бильярдные,37.5,45.0,3.0,41.0,36.5,37.5
Канцелярские товары,Бланки,39.5,45.0,3.0,39.0,34.5,39.5
Автозапчасти,Системы охлаждения,36.5,45.0,3.0,40.0,35.5,36.5
Мебель на заказ,Мебель на заказ,36.5,45.0,3.0,32.0,27.5,36.5
Хозяйственные товары,Дозаторы для ванной,39.5,45.0,3.0,43.0,38.5,39.5
Оргтехника,Контроллеры ИБП,34.5,35.0,3.0,32.0,27.5,34.5
Игрушки,Игрушечные мишени,38.5,45.0,3.0,38.0,33.5,38.5
Автоэлектроника,Видеорегистраторы для мотоциклов,36.5,45.0,3.0,36.0,31.5,36.5
Сантехника,Трубы для канализации,37.5,45.0,3.0,31.0,26.5,37.5
Посуда и инвентарь,Консервные ножи,39.5,45.0,3.0,39.0,34.5,39.5
Продукты,Квас,4.5,4.5,3.0,30.0,25.5,4.5
Продукты,Мясо растительное,4.5,4.5,3.0,35.0,30.5,4.5
Хозяйственные товары,Упаковочная пленка,39.5,45.0,3.0,39.0,34.5,39.5
Сантехника,Раковины,37.5,45.0,3.0,32.0,27.5,37.5
Здоровье,Купальники ортопедические,42.5,45.0,3.0,38.0,33.5,42.5
Техника для кухни,Автоклавы для консервирования,34.5,35.0,3.0,38.0,33.5,34.5
Рукоделие,Ножи для швейных машин,39.5,45.0,3.0,43.0,38.5,39.5
Спортивная обувь,Ботинки сноубордические,44.5,45.0,3.0,39.0,34.5,44.5
Спецодежда и СИЗы,Фильтры для респираторов,38.5,45.0,3.0,38.0,33.5,38.5
Одежда для малышей,Полукомбинезоны для малышей,44.5,45.0,3.0,48.0,43.5,44.5
Мебель офисная и торговое оборудование,Домкраты для мебели,36.5,45.0,3.0,36.0,31.5,36.5
Мебель корпусная и мебель для хранения,Ящики гардеробные,36.5,45.0,3.0,33.0,28.5,36.5
Сантехника,Фильтры для душа,37.5,45.0,3.0,41.0,36.5,37.5
Товары для отдыха и кемпинга,Качели подвесные,38.5,45.0,3.0,31.5,27.0,38.5
Продукты,Основы для пицц,4.5,4.5,3.0,35.0,30.5,4.5
Профессиональные музыкальные инструменты,Варганы,38.5,45.0,3.0,36.0,31.5,38.5
Посуда и инвентарь,Дыроколы для крышек,39.5,45.0,3.0,34.0,29.5,39.5
Спортивные аксессуары,Держатели рыболовных крючков,39.5,45.0,3.0,30.0,25.5,39.5
Мебель офисная и торговое оборудование,Стойки ресепшн,36.5,45.0,3.0,38.0,33.5,36.5
Красота,Присыпки,42.5,45.0,3.0,37.0,32.5,42.5
Спортивная обувь,Джазовки,44.5,45.0,3.0,44.0,39.5,44.5
Здоровье,Контейнеры медицинские,42.5,45.0,3.0,40.0,35.5,42.5
Ручной инструмент и оснастка,Толщиномеры,41.5,45.0,3.0,45.0,40.5,41.5
Товары для животных,Террариумы,31.5,35.0,3.0,35.0,30.5,31.5
Товары для взрослых,Пэстис эротик,39.5,45.0,3.0,36.0,31.5,39.5
Автозапчасти,Амортизаторы автомобильные,36.5,45.0,3.0,40.0,35.5,36.5
Техника для кухни,Шестерни для мясорубок,34.5,35.0,3.0,32.0,27.5,34.5
Товары для взрослых,Пояса верности,39.5,45.0,3.0,43.0,38.5,39.5
Сантехника,Соединители вентканалов,37.5,45.0,3.0,37.0,32.5,37.5
Товары для животных,Корм фермерский,31.5,35.0,3.0,31.0,26.5,31.5
Автозапчасти,Муфты сцепления,36.5,45.0,3.0,40.0,35.5,36.5
Мебель корпусная и мебель для хранения,Витрины,36.5,45.0,3.0,39.5,35.0,36.5
Транспортные средства,Снегоходы,0.5,0.5,0.5,0.5,0.5,0.5
Рукоделие,Гипс скульптурный,39.5,45.0,3.0,34.0,29.5,39.5
Посуда и инвентарь,Наборы для чаепития,39.5,45.0,3.0,43.0,38.5,39.5
Спортивный товар,Цепи велосипедные,37.5,45.0,3.0,41.0,36.5,37.5
Автоаксессуары и дополнительное оборудование,Защита радиатора,36.5,45.0,3.0,40.0,35.5,36.5
Товары для животных,Лапомойки,31.5,35.0,3.0,35.0,30.5,31.5
Продукты,Отруби,4.5,4.5,3.0,26.0,21.5,4.5
Аксессуары для электроники,Медиаконвертеры,42.5,45.0,3.0,41.0,36.5,42.5
Автоаксессуары и дополнительное оборудование,Знаки для автомобиля,36.5,45.0,3.0,36.0,31.5,36.5
Строительные материалы,Плиты пазогребневые,38.5,45.0,3.0,32.0,27.5,38.5
Бижутерия,Бижутерия,38.5,45.0,3.0,42.0,37.5,38.5
Спортивный товар,Сиденья для плавания,37.5,45.0,3.0,40.0,35.5,37.5
Садовая техника,Садовая техника,38.5,45.0,3.0,42.0,37.5,38.5
Электроинструмент и оборудование,Пылесосы строительные,41.5,45.0,3.0,35.5,31.0,41.5
Ручной инструмент и оснастка,Шины для пил,41.5,45.0,3.0,45.0,40.5,41.5
Хозяйственные товары,Держатели для шубок,39.5,45.0,3.0,33.0,28.5,39.5
Здоровье,Термопеналы для инсулина,42.5,45.0,3.0,41.0,36.5,42.5
Товары для животных,Экспресс-тесты для животных,31.5,35.0,3.0,35.0,30.5,31.5
Автозапчасти,Датчики давления,36.5,45.0,3.0,36.0,31.5,36.5
Спортивный товар,Ремешки для высотомеров,37.5,45.0,3.0,28.0,23.5,37.5
Мебель офисная и торговое оборудование,Подставки под мониторы,36.5,45.0,3.0,39.0,34.5,36.5
Фото и Видеотехника,Кейсы для камер,38.5,45.0,3.0,36.0,31.5,38.5
Автоэлектроника,Видеорегистраторы автомобильные,36.5,45.0,3.0,39.0,34.5,36.5
Для праздника,Хлопушки,42.5,45.0,3.0,43.0,38.5,42.5
Садовые инструменты и полив,Фартуки садовые,39.5,45.0,3.0,32.0,27.5,39.5
Игрушки,Снежколепы,38.5,45.0,3.0,27.0,22.5,38.5
Автоаксессуары и дополнительное оборудование,Столики автомобильные,36.5,45.0,3.0,40.0,35.5,36.5
Профессиональные музыкальные инструменты,Скрипки,38.5,45.0,3.0,36.0,31.5,38.5
Спортивные аксессуары,Пояса разгрузочные,39.5,45.0,3.0,39.0,34.5,39.5
Электроинструмент и оборудование,Сварочные аппараты,41.5,45.0,3.0,40.0,35.5,41.5
Спортивный товар,Грипсы,37.5,45.0,3.0,41.0,36.5,37.5
Сантехника,Сетки для писсуаров,37.5,45.0,3.0,41.0,36.5,37.5
Мототовары,Колодки для квадроциклов,36.5,45.0,3.0,40.0,35.5,36.5
Садовая техника,Дробилки для винограда,38.5,45.0,3.0,36.0,31.5,38.5
Продукты,Паровые булочки,4.5,4.5,3.0,25.0,20.5,4.5
Отделочные материалы,Ручки дверные,38.5,45.0,3.0,38.0,33.5,38.5
Товары для животных,Снаряды для аджилити,31.5,35.0,3.0,26.0,21.5,31.5
Посуда и инвентарь,Аксессуары для коктейлей,39.5,45.0,3.0,29.0,24.5,39.5
Канцелярские товары,Портфолио,39.5,45.0,3.0,37.0,32.5,39.5
Товары для животных,Лампы для террариумов,31.5,35.0,3.0,31.0,26.5,31.5
Алкогольная продукция,Кашаса,4.5,4.5,3.0,4.5,4.5,4.5
Отделочные материалы,Уплотнители для дверей,38.5,45.0,3.0,37.0,32.5,38.5
Мебель для сна,Чехлы для матрасов,36.5,45.0,3.0,36.0,31.5,36.5
Спортивный товар,Деки для скейтбордов,37.5,45.0,3.0,40.5,36.0,37.5
Мебель офисная и торговое оборудование,Кресла педикюрные,36.5,45.0,3.0,36.0,31.5,36.5
Канцелярские товары,Счетный материал,39.5,45.0,3.0,35.0,30.5,39.5
Умный дом и безопасность,Видеоглазки,34.5,35.0,3.0,38.0,33.5,34.5
Товары для животных,Отсадники для рыб,31.5,35.0,3.0,31.0,26.5,31.5
Продукты,Концентраты для напитков,4.5,4.5,3.0,35.0,30.5,4.5
Электрика,Частотные преобразователи,38.5,45.0,3.0,35.0,30.5,38.5
Ветаптека,Препараты от аллергии для животных,31.5,35.0,3.0,31.0,26.5,31.5
Автоэлектроника,Проекторы на лобовое стекло,36.5,45.0,3.0,36.0,31.5,36.5
Бытовая техника,Сушки для обуви,35.5,35.0,3.0,39.0,34.5,35.5
Книжная продукция и диски,Книжная продукция и диски,39.5,45.0,3.0,43.0,38.5,39.5
Спортивное питание и косметика,Спортивные мази,35.5,45.0,3.0,39.0,34.5,35.5
Ручной инструмент и оснастка,Ножницы по металлу,41.5,45.0,3.0,45.0,40.5,41.5
Товары для малышей,Москитные сетки на коляску,36.5,45.0,3.0,31.0,26.5,36.5
Продукты,Замороженные паровые булочки,4.5,4.5,3.0,25.0,20.5,4.5
Аксессуары для электроники,Аксессуары для электроники,44.5,45.0,3.0,43.0,38.5,44.5
Здоровье,Жгуты,42.5,45.0,3.0,37.0,32.5,42.5
Здоровье,Корректоры осанки,42.5,45.0,3.0,46.0,41.5,42.5
Ручной инструмент и оснастка,Заклепочники,41.5,45.0,3.0,45.0,40.5,41.5
Игрушки,Спирографы,38.5,45.0,3.0,38.0,33.5,38.5
Товары для животных,Органайзеры для животных,31.5,35.0,3.0,35.0,30.5,31.5
Автоаксессуары и дополнительное оборудование,Эмблемы для авто,36.5,45.0,3.0,36.0,31.5,36.5
Электрика,Диоды,38.5,45.0,3.0,32.0,27.5,38.5
Хозяйственные товары,Губки хозяйственные,39.5,45.0,3.0,39.0,34.5,39.5
Хозяйственные товары,Тесты воды и напитков,39.5,45.0,3.0,34.0,29.5,39.5
Все для садоводства,Решетки газонные,39.5,45.0,3.0,29.5,28.5,39.5
Автоэлектроника,Камеры заднего вида,36.5,45.0,3.0,36.0,31.5,36.5
Спецодежда и СИЗы,Перчатки рабочие,44.5,45.0,3.0,43.0,38.5,44.5
Аксессуары для малышей,Шапки-ушанки для малышей,44.5,45.0,3.0,38.0,33.5,44.5
Продукты,Булочки,4.5,4.5,3.0,29.0,28.5,4.5
Спецодежда и СИЗы,Рубашки рабочие,44.5,45.0,3.0,44.0,39.5,44.5
Бижутерия,Кольца,38.5,45.0,3.0,42.0,37.5,38.5
Аксессуары,Рюкзаки,44.5,45.0,3.0,45.0,40.5,44.5
Спортивный товар,Ракетки,37.5,45.0,3.0,41.0,36.5,37.5
Телевизоры и аудиотехника,Защитные экраны для телевизоров,39.5,45.0,3.0,41.5,37.0,39.5
Мебель корпусная и мебель для хранения,Комплекты корпусной мебели,36.5,45.0,3.0,33.0,28.5,36.5
Автозапчасти,Приводы дверей,36.5,45.0,3.0,36.0,31.5,36.5
Автоаксессуары и дополнительное оборудование,Сигнализаторы,36.5,45.0,3.0,36.0,31.5,36.5
Автозапчасти,Краны запорные автомобильные,36.5,45.0,3.0,40.0,35.5,36.5
Техника для кухни,Сушки для овощей,34.5,35.0,3.0,31.0,26.5,34.5
Спортивная одежда,Топы-бра,44.5,45.0,3.0,48.0,43.5,44.5
Спортивный товар,Защитные ленты обода ракетки,37.5,45.0,3.0,37.0,32.5,37.5
Фарма,Противовирусные препараты,3.0,3.0,3.0,3.0,3.0,3.0
Автоаксессуары и дополнительное оборудование,Тенты для скутеров,36.5,45.0,3.0,40.0,35.5,36.5
Одежда для малышей,Дубленки для малышей,44.5,45.0,3.0,43.0,42.5,44.5
Игрушки,Мебель для кукол,38.5,45.0,3.0,38.0,33.5,38.5
Инвестиционные драгоценные металлы,Золотые слитки,24.5,29.5,5.0,29.5,29.5,24.5
Хозяйственные товары,Салфетки для уборки,39.5,45.0,3.0,43.0,38.5,39.5
Здоровье,Тест-полоски крови,42.5,45.0,3.0,44.0,39.5,42.5
Одежда для малышей,Пиджаки для малышей,44.5,45.0,3.0,44.0,39.5,44.5
Книжная продукция и диски,Книги коллекционные,39.5,45.0,3.0,43.0,38.5,39.5
Аксессуары для электроники,Аксессуары и запчасти для посудомоечных машин,38.5,45.0,3.0,36.0,31.5,38.5
Красота,Колпачки для пигментов,42.5,45.0,3.0,41.0,36.5,42.5
Продукты,Субпродукты,4.5,4.5,3.0,26.0,21.5,4.5
Аксессуары для электроники,Запчасти для пылесосов,35.5,35.0,3.0,39.0,34.5,35.5
Товары для животных,Духи для животных,31.5,35.0,3.0,31.0,26.5,31.5
Мебель корпусная и мебель для хранения,Системы хранения,36.5,45.0,3.0,40.0,35.5,36.5
Товары для малышей,Слинги с кольцами,36.5,45.0,3.0,36.0,31.5,36.5
Спортивные аксессуары,Недоуздки,39.5,45.0,3.0,43.0,38.5,39.5
Продукты,Крупа гороховая,4.5,4.5,3.0,30.0,25.5,4.5
Строительные материалы,Пенополистирол,38.5,45.0,3.0,32.0,27.5,38.5
Техника для кухни,Многомодульные станции для завтрака,34.5,35.0,3.0,32.0,27.5,34.5
Игрушки,Игрушечная посуда,38.5,45.0,3.0,37.0,32.5,38.5
Аксессуары,Воротники,44.5,45.0,3.0,48.0,43.5,44.5
Красота,Расчески,42.5,45.0,3.0,43.0,38.5,42.5
Хранение вещей,Коробки для хранения,36.5,45.0,3.0,38.0,33.5,36.5
Канцелярские товары,Демопанели,39.5,45.0,3.0,42.0,37.5,39.5
Хозяйственные товары,Шары для стиральной машины,39.5,45.0,3.0,43.0,38.5,39.5
Автоэлектроника,Телевизоры автомобильные,36.5,45.0,3.0,39.0,34.5,36.5
Профессиональные музыкальные инструменты,Треугольники музыкальные,38.5,45.0,3.0,42.0,37.5,38.5
Обувь,Мокасины,44.5,45.0,3.0,46.0,41.5,44.5
Для праздника,Мишура,42.5,45.0,3.0,36.0,31.5,42.5
Все для садоводства,Парники,39.5,45.0,3.0,35.5,34.5,39.5
Товары для отдыха и кемпинга,Беспламенные нагреватели пищи,38.5,45.0,3.0,38.0,33.5,38.5
Строительные материалы,Шпатлевки,38.5,45.0,3.0,29.5,25.0,38.5
Товары для курения,Кадило для кальяна,38.5,45.0,3.0,38.0,33.5,38.5
Автозапчасти,Тормозные диски автомобильные,36.5,45.0,3.0,40.0,35.5,36.5
Товары для малышей,Накидки на ножки,36.5,45.0,3.0,40.0,35.5,36.5
Спортивный товар,Наборы для путешествий,37.5,45.0,3.0,41.0,36.5,37.5
Посуда и инвентарь,Подставки кухонные,39.5,45.0,3.0,43.0,38.5,39.5
Товары для малышей,Ростомеры,36.5,45.0,3.0,36.0,31.5,36.5
Посуда и инвентарь,Переноски для продуктов,39.5,45.0,3.0,43.0,38.5,39.5
Товары для взрослых,Насадки на член,39.5,45.0,3.0,39.0,34.5,39.5
Спортивный товар,Сани-волокуши,37.5,45.0,3.0,37.0,32.5,37.5
Все для садоводства,Бордюры садовые,39.5,45.0,3.0,30.5,29.5,39.5
Мебель мягкая,Диваны для кухни,36.5,45.0,3.0,29.0,24.5,36.5
Автоэлектроника,Магнитолы автомобильные,36.5,45.0,3.0,40.0,35.5,36.5
Аксессуары для электроники,Пульты дистанционной съемки,44.5,45.0,3.0,37.0,32.5,44.5
Белье,Грации,44.5,45.0,3.0,46.0,41.5,44.5
Отделочные материалы,Козырьки для входной двери,38.5,45.0,3.0,39.0,34.5,38.5
Здоровье,Вертикализаторы,42.5,45.0,3.0,36.0,31.5,42.5
Автозапчасти,Электроприводы для крышек багажников,36.5,45.0,3.0,36.0,31.5,36.5
Религия и эзотерика,Венки ритуальные,19.5,25.0,3.0,33.0,29.5,19.5
Транспортные средства,Навесное оборудование для спецтехники,0.5,0.5,0.5,0.5,0.5,0.5
Одежда,Куртки,44.5,45.0,3.0,42.0,37.5,44.5
Товары для животных,Капли для животных,31.5,35.0,3.0,35.0,30.5,31.5
Спортивный товар,Тросики велосипедные,37.5,45.0,3.0,32.0,27.5,37.5
Красота,Стекловолокно для наращивания ногтей,42.5,45.0,3.0,32.0,27.5,42.5
Здоровье,Наконечники стоматологические,42.5,45.0,3.0,39.0,34.5,42.5
Спортивный товар,Насосы велосипедные,37.5,45.0,3.0,37.0,32.5,37.5
Мебель корпусная и мебель для хранения,Двери для шкафа,36.5,45.0,3.0,32.0,27.5,36.5
Аксессуары,Манишки,44.5,45.0,3.0,44.0,39.5,44.5
Спортивные аксессуары,Велоперчатки,39.5,45.0,3.0,39.0,34.5,39.5
Посуда и инвентарь,Молочники,39.5,45.0,3.0,39.0,34.5,39.5
Мебель для сна,Кровати детские,36.5,45.0,3.0,35.0,30.5,36.5
Автоаксессуары и дополнительное оборудование,Насадки на глушитель,36.5,45.0,3.0,40.0,35.5,36.5
Одежда для малышей,Брюки для малышей,44.5,45.0,3.0,44.0,39.5,44.5
Фото и Видеотехника,Камеры подводные,31.5,35.0,3.0,29.0,24.5,31.5
Посуда и инвентарь,Соусники,39.5,45.0,3.0,40.0,35.5,39.5
Сантехника,Баки для систем фильтрации воды,37.5,45.0,3.0,37.0,32.5,37.5
Автозапчасти,Фильтры воздушные,36.5,45.0,3.0,36.0,31.5,36.5
Продукты,Подарочные наборы продуктов,4.5,4.5,3.0,35.0,30.5,4.5
Продукты,Мел и глина пищевые,4.5,4.5,3.0,35.0,30.5,4.5
Мебель офисная и торговое оборудование,Столы компьютерные,36.5,45.0,3.0,27.0,22.5,36.5
Мототовары,Краны топливные для мототехники,36.5,45.0,3.0,40.0,35.5,36.5
Хозяйственные товары,Пленка пищевая,39.5,45.0,3.0,34.0,29.5,39.5
Спортивная одежда,Халаты спортивные,44.5,45.0,3.0,47.0,42.5,44.5
Красота,Мелки для волос,42.5,45.0,3.0,46.0,41.5,42.5
Товары для животных,Таблетки для животных,31.5,35.0,3.0,31.0,26.5,31.5
Хозяйственные товары,Подложки для гладильных досок,39.5,45.0,3.0,39.0,34.5,39.5
Автоаксессуары и дополнительное оборудование,Инструменты запрессовочно-выпрессовочные,36.5,45.0,3.0,36.0,31.5,36.5
Товары для курения,Табак для самокруток,38.5,45.0,3.0,35.0,30.5,38.5
Белье,Бордшорты,44.5,45.0,3.0,44.0,39.5,44.5
Строительные материалы,Стекла строительные,38.5,45.0,3.0,37.5,33.0,38.5
Продукты,Жевательные резинки,4.5,4.5,3.0,35.0,30.5,4.5
Продукты,Спирулина,4.5,4.5,3.0,35.0,30.5,4.5
Автоаксессуары и дополнительное оборудование,Блоки с вытяжной лентой,36.5,45.0,3.0,29.0,24.5,36.5
Продукты,Конечности краба,4.5,4.5,3.0,25.0,20.5,4.5
Товары для животных,Намордники для животных,31.5,35.0,3.0,35.0,30.5,31.5
Товары для отдыха и кемпинга,Скиммеры,38.5,45.0,3.0,32.0,27.5,38.5
Автозапчасти,Фонари автомобильные,36.5,45.0,3.0,36.0,31.5,36.5
Спортивный товар,Газовые баллончики учебные,37.5,45.0,3.0,41.0,36.5,37.5
Автозапчасти,Шланги и трубки автомобильные,36.5,45.0,3.0,36.0,31.5,36.5
Обувь,Шлепанцы,44.5,45.0,3.0,38.0,33.5,44.5
Для праздника,Снежинки,42.5,45.0,3.0,36.0,31.5,42.5
Аксессуары для обуви,Наборы для ухода за обувью,44.5,45.0,3.0,48.0,43.5,44.5
Красота,Оксиданты,42.5,45.0,3.0,46.0,41.5,42.5
Автозапчасти,Блоки управления стеклоподъемниками,36.5,45.0,3.0,40.0,35.5,36.5
Отделочные материалы,Пленки самоклеящиеся,38.5,45.0,3.0,42.0,37.5,38.5
Хозяйственные товары,Туалетная бумага,39.5,45.0,3.0,33.0,28.5,39.5
Красота,Твердые шампуни,42.5,45.0,3.0,46.0,41.5,42.5
Спортивный товар,Столы бильярдные,37.5,45.0,3.0,36.0,31.5,37.5
Канцелярские товары,Лезвия для канцелярских ножей,39.5,45.0,3.0,33.0,28.5,39.5
Освещение,Настольные лампы,39.5,45.0,3.0,39.0,34.5,39.5
Ручной инструмент и оснастка,Горелки строительные,41.5,45.0,3.0,40.0,35.5,41.5
Ноутбуки и компьютеры,Программное обеспечение,34.5,35.0,3.0,38.0,33.5,34.5
Белье для малышей,Термокомплекты для малышей,44.5,45.0,3.0,48.0,43.5,44.5
Здоровье,Пластыри от курения,42.5,45.0,3.0,29.0,24.5,42.5
Строительные материалы,Рейки декоративные,38.5,45.0,3.0,34.0,29.5,38.5
Товары для курения,Резаки для сигары,38.5,45.0,3.0,38.0,33.5,38.5
Электрика,Лампы для микроэлектроники,38.5,45.0,3.0,35.0,30.5,38.5
Аксессуары для обуви,Салфетки для обуви,44.5,45.0,3.0,42.0,37.5,44.5
Одежда,Анораки,44.5,45.0,3.0,48.0,43.5,44.5
Ручной инструмент и оснастка,Комплектующие для пневмоинструмента,41.5,45.0,3.0,41.0,36.5,41.5
Аксессуары для электроники,Носители для электронных подписей,34.5,35.0,3.0,33.0,28.5,34.5
Мототовары,Чехлы на сиденья для мототехники,36.5,45.0,3.0,40.0,35.5,36.5
Все для садоводства,Фигурки и вывески садовые,39.5,45.0,3.0,38.0,37.0,39.5
Спортивная одежда,Веложилеты,44.5,45.0,3.0,43.0,38.5,44.5
Спортивные аксессуары,Чехлы для кия,39.5,45.0,3.0,39.0,34.5,39.5
Товары для малышей,Наколенники детские,36.5,45.0,3.0,40.0,35.5,36.5
Красота,Маски альгинатные,42.5,45.0,3.0,44.0,39.5,42.5
Спортивный товар,Ролики переключателя,37.5,45.0,3.0,41.0,36.5,37.5
Товары для курения,Ершики для кальянов,38.5,45.0,3.0,35.0,30.5,38.5
Отделочные материалы,Аэрозоли строительные,38.5,45.0,3.0,42.0,37.5,38.5
Красота,Гели для моделирования ногтей,42.5,45.0,3.0,46.0,41.5,42.5
Детское питание,Детское питание,4.5,4.5,3.0,38.0,33.5,4.5
Спортивный товар,Лыжи горные,37.5,45.0,3.0,37.0,32.5,37.5
Продукты,Пасты фруктовые,4.5,4.5,3.0,35.0,30.5,4.5
Рукоделие,Подшивы,39.5,45.0,3.0,39.0,34.5,39.5
Продукты,Хачапури,4.5,4.5,3.0,26.0,21.5,4.5
Аксессуары для электроники,Запчасти для утюгов,35.5,35.0,3.0,39.0,34.5,35.5
Здоровье,Товары бытового назначения,42.5,45.0,3.0,37.0,32.5,42.5
Красота,Сыворотки,42.5,45.0,3.0,46.0,41.5,42.5
Канцелярские товары,Альбомы для творчества,39.5,45.0,3.0,28.0,23.5,39.5
Посуда и инвентарь,Подставки под стаканы,39.5,45.0,3.0,39.0,34.5,39.5
Хозяйственные товары,Упаковки для яиц,39.5,45.0,3.0,42.0,37.5,39.5
Ручной инструмент и оснастка,Захват для железобетонных колец,41.5,45.0,3.0,44.5,36.0,41.5
Отделочные материалы,Морилки,38.5,45.0,3.0,41.0,36.5,38.5
Рукоделие,Акриловая смола для творчества,39.5,45.0,3.0,43.0,38.5,39.5
Мебель на заказ,Гарнитуры кухонные,36.5,45.0,3.0,32.0,27.5,36.5
Хозяйственные товары,Щетки кухонные,39.5,45.0,3.0,33.0,28.5,39.5
Хозяйственные товары,Шапочки для душа,39.5,45.0,3.0,38.0,33.5,39.5
Здоровье,Пакеты гигиенические,42.5,45.0,3.0,45.0,40.5,42.5
Спортивные аксессуары,Кембрики рыболовные,39.5,45.0,3.0,30.0,25.5,39.5
Продукты,Напитки молочные,4.5,4.5,3.0,35.0,26.5,4.5
Автозапчасти,Шкворни поворотного кулака,36.5,45.0,3.0,36.0,31.5,36.5
Канцелярские товары,Копировальная бумага,39.5,45.0,3.0,28.0,23.5,39.5
Игрушки,Качели детские,38.5,45.0,3.0,42.0,37.5,38.5
Товары для животных,Свистки для дрессировки,31.5,35.0,3.0,31.0,26.5,31.5
Ручной инструмент и оснастка,Держатели для пайки,41.5,45.0,3.0,42.0,37.5,41.5
Отделочные материалы,Ламинат,38.5,45.0,3.0,37.0,32.5,38.5
Алкогольная продукция,Ром,4.5,4.5,3.0,4.5,4.5,4.5
Все для садоводства,Пленки и сетки для пруда,39.5,45.0,3.0,36.5,35.5,39.5
Ноутбуки и компьютеры,Жесткие диски,31.5,35.0,3.0,35.0,30.5,31.5
Периферия и аксессуары,Графические планшеты,34.5,35.0,3.0,38.0,33.5,34.5
Техника для красоты и здоровья,Аппараты для маникюра и педикюра,35.5,35.0,3.0,33.0,28.5,35.5
Красота,Скотч для наращивания волос,42.5,45.0,3.0,42.0,37.5,42.5
Готовая еда,Готовые салаты,4.5,4.5,3.0,25.0,21.5,4.5
Продукты,Плов,4.5,4.5,3.0,35.0,26.5,4.5
Автозапчасти,Подушки безопасности,36.5,45.0,3.0,40.0,35.5,36.5
Ручной инструмент и оснастка,Напильники и надфили,41.5,45.0,3.0,41.0,36.5,41.5
Хозяйственные товары,Ручки для пакетов,39.5,45.0,3.0,38.0,33.5,39.5
Товары для курения,Диффузоры для кальяна,38.5,45.0,3.0,33.0,28.5,38.5
Спортивный товар,Подседельные штыри,37.5,45.0,3.0,41.0,36.5,37.5
Продукты,Лепешки,4.5,4.5,3.0,31.0,30.5,4.5
Автозапчасти,Указатели автомобильные,36.5,45.0,3.0,40.0,35.5,36.5
Посуда и инвентарь,Салфетницы,39.5,45.0,3.0,43.0,38.5,39.5
Спецодежда и СИЗы,Ленты сигнальные,38.5,45.0,3.0,38.0,33.5,38.5
Телевизоры и аудиотехника,Саундбары,39.5,45.0,3.0,35.0,30.5,39.5
Отделочные материалы,Лаки строительные,38.5,45.0,3.0,42.0,37.5,38.5
Бытовая техника,Лампы для светополимеризации,35.5,35.0,3.0,39.0,34.5,35.5
Отделочные материалы,Краски специальные,38.5,45.0,3.0,38.0,33.5,38.5
Хозяйственные товары,Подставки для утюгов,39.5,45.0,3.0,39.0,34.5,39.5
Одежда,Юбки,44.5,45.0,3.0,48.0,43.5,44.5
Садовая техника,Триммеры садовые,29.5,35.0,3.0,33.0,28.5,29.5
Автозапчасти,Стойки стабилизатора,36.5,45.0,3.0,40.0,35.5,36.5
Строительные материалы,Столбы для ограждений,38.5,45.0,3.0,42.0,37.5,38.5
Электрика,Индуктивные компоненты,38.5,45.0,3.0,35.0,30.5,38.5
Хозяйственные товары,Подсветки для унитаза,39.5,45.0,3.0,39.0,34.5,39.5
Товары для животных,Аптечки ветеринарные,31.5,35.0,3.0,35.0,30.5,31.5
Товары для малышей,Наборы для кормления,36.5,45.0,3.0,36.0,31.5,36.5
Детское питание,Супы детские,4.5,4.5,3.0,34.0,29.5,4.5
Красота,Аксессуары для клея,42.5,45.0,3.0,41.0,36.5,42.5
Крупная бытовая техника,Крупная бытовая техника,29.5,35.0,3.0,29.5,28.5,29.5
Спортивные аксессуары,Сумки для мотоциклов,39.5,45.0,3.0,41.0,36.5,39.5
Алкогольная продукция,Саке,4.5,4.5,3.0,4.5,4.5,4.5
Красота,BB-кремы,42.5,45.0,3.0,45.0,40.5,42.5
Фото и Видеотехника,Столы для предметной съемки,38.5,45.0,3.0,42.0,37.5,38.5
Здоровье,Коврики массажные,42.5,45.0,3.0,41.0,36.5,42.5
Ручной инструмент и оснастка,Инструмент для вязки арматуры,41.5,45.0,3.0,45.0,40.5,41.5
Автозапчасти,Центральные консоли,36.5,45.0,3.0,36.0,31.5,36.5
Товары для малышей,Защита для купания малыша,36.5,45.0,3.0,33.0,28.5,36.5
Аксессуары для электроники,Чехлы флип-кейс для телефонов,44.5,45.0,3.0,43.0,38.5,44.5
Товары для животных,Поводки,31.5,35.0,3.0,35.0,30.5,31.5
Товары для малышей,Товары для малышей,36.5,45.0,3.0,40.0,35.5,36.5
Хранение вещей,Крючки для сумок,36.5,45.0,3.0,35.0,30.5,36.5
Игрушки,Автотреки,38.5,45.0,3.0,36.0,31.5,38.5
Ручной инструмент и оснастка,Кисти малярные,41.5,45.0,3.0,36.0,31.5,41.5
Продукты,Сода пищевая,4.5,4.5,3.0,35.0,30.5,4.5
Мототовары,Фильтры гидравлические,36.5,45.0,3.0,40.0,35.5,36.5
Товары для отдыха и кемпинга,Жидкости для биотуалетов,38.5,45.0,3.0,38.0,33.5,38.5
Для праздника,Подставки для елок,42.5,45.0,3.0,42.0,37.5,42.5
Текстиль для дома,Постельное белье,39.5,45.0,3.0,43.0,38.5,39.5
Климатическая техника,Очистители воздуха,35.5,35.0,3.0,33.0,28.5,35.5
Автоаксессуары и дополнительное оборудование,Пылесосы автомобильные,36.5,45.0,3.0,40.0,35.5,36.5
Спецодежда и СИЗы,Щитки защитные лицевые,38.5,45.0,3.0,41.0,36.5,38.5
Продукты,Сухпайки,4.5,4.5,3.0,35.0,30.5,4.5
Фото и Видеотехника,Контроллеры видеосигнала,38.5,45.0,3.0,31.0,26.5,38.5
Товары для животных,Выставочные палатки для животных,31.5,35.0,3.0,35.0,30.5,31.5
Товары для взрослых,Фаллопротезы,39.5,45.0,3.0,41.0,36.5,39.5
Спортивные аксессуары,Термобаки,39.5,45.0,3.0,39.0,34.5,39.5
Фото и Видеотехника,Аккумуляторы для камер,38.5,45.0,3.0,36.0,31.5,38.5
Спортивный товар,Колодки для ободных тормозов,37.5,45.0,3.0,37.0,32.5,37.5
Товары для малышей,Пеленки крестильные,36.5,45.0,3.0,36.0,31.5,36.5
Строительные материалы,Полосы металлические,38.5,45.0,3.0,32.0,27.5,38.5
Мебель офисная и торговое оборудование,Столы письменные,36.5,45.0,3.0,30.0,25.5,36.5
Хранение вещей,Крючки настенные,36.5,45.0,3.0,35.0,30.5,36.5
Красота,Осветлители для волос,42.5,45.0,3.0,45.0,40.5,42.5
Продукты,Пасты кунжутные,4.5,4.5,3.0,35.0,30.5,4.5
Товары для отдыха и кемпинга,Шапки для бани,38.5,45.0,3.0,35.0,30.5,38.5
Одежда для малышей,Спальные мешки для малышей,44.5,45.0,3.0,44.0,39.5,44.5
Посуда и инвентарь,Трафареты для тортов,39.5,45.0,3.0,36.0,31.5,39.5
Продукты,Пасты ягодные,4.5,4.5,3.0,35.0,30.5,4.5
Спортивный товар,Раколовки,37.5,45.0,3.0,31.0,26.5,37.5
Бытовая химия,Восстановители кожи,39.5,45.0,3.0,43.0,38.5,39.5
Товары для малышей,Детские насадки на палец,36.5,45.0,3.0,36.0,31.5,36.5
Автоаксессуары и дополнительное оборудование,Тестеры давления масла,36.5,45.0,3.0,40.0,35.5,36.5
Автоаксессуары и дополнительное оборудование,Подогреватели дизельного топлива,36.5,45.0,3.0,36.0,31.5,36.5
Автозапчасти,Предохранители автомобильные,36.5,45.0,3.0,36.0,31.5,36.5
Канцелярские товары,Альбомы для коллекционирования,39.5,45.0,3.0,39.0,34.5,39.5
Товары для животных,Суспензии для животных,31.5,35.0,3.0,31.0,26.5,31.5
Автозапчасти,Блоки розжига ксенона,36.5,45.0,3.0,40.0,35.5,36.5
Техника для красоты и здоровья,Электробигуди,35.5,35.0,3.0,33.0,28.5,35.5
Текстиль для дома,Кольца для салфеток,39.5,45.0,3.0,43.0,38.5,39.5
Спортивный товар,Подставки для гольфа,37.5,45.0,3.0,37.0,32.5,37.5
Товары для животных,Стол для груминга,31.5,35.0,3.0,31.0,26.5,31.5
Аксессуары для электроники,Фиксаторы райзера,42.5,45.0,3.0,35.0,30.5,42.5
Электроинструмент и оборудование,Дрели,41.5,45.0,3.0,42.0,37.5,41.5
Товары для малышей,Ложки для прикорма,36.5,45.0,3.0,36.0,31.5,36.5
Товары для животных,Травяные смеси для кошек,31.5,35.0,3.0,20.0,15.5,31.5
Спортивный товар,Захваты рыболовные,37.5,45.0,3.0,37.0,32.5,37.5
Ручной инструмент и оснастка,Щупы измерительные,41.5,45.0,3.0,45.0,40.5,41.5
Садовая техника,Аксессуары для заправки и замены масла,38.5,45.0,3.0,35.0,30.5,38.5
Товары для малышей,Столы пеленальные,36.5,45.0,3.0,40.0,35.5,36.5
Автохимия и автокосметика,Очистители системы охлаждения,36.5,45.0,3.0,36.0,31.5,36.5
Книжная продукция и диски,Плакаты,39.5,45.0,3.0,43.0,38.5,39.5
Декор интерьера,Аромалампы,39.5,45.0,3.0,43.0,38.5,39.5
Красота,Держатели зубной нити,42.5,45.0,3.0,46.0,41.5,42.5
Фото и Видеотехника,Декодеры видеосигнала,38.5,45.0,3.0,42.0,31.5,38.5
Товары для взрослых,Свечи БДСМ,39.5,45.0,3.0,43.0,38.5,39.5
Спортивный товар,Колодки тормозные,37.5,45.0,3.0,37.0,32.5,37.5
Товары для малышей,Одеяла для малышей,36.5,45.0,3.0,36.0,31.5,36.5
Игрушки,Воздушные змеи,38.5,45.0,3.0,42.0,37.5,38.5
Спортивный товар,Комборучки велосипедные,37.5,45.0,3.0,41.0,36.5,37.5
Сетевое оборудование,Mesh системы,34.5,35.0,3.0,38.0,33.5,34.5
Автозапчасти,Опоры двигателя,36.5,45.0,3.0,40.0,35.5,36.5
Здоровье,Подъемники передвижные,42.5,45.0,3.0,38.0,33.5,42.5
Сантехника,Клапаны обратные,37.5,45.0,3.0,41.0,36.5,37.5
Аксессуары для электроники,Аксессуары для обогревателей,35.5,35.0,3.0,33.0,28.5,35.5
Автоаксессуары и дополнительное оборудование,Ключи свечные,36.5,45.0,3.0,36.0,31.5,36.5
Строительные материалы,Металлочерепица,38.5,45.0,3.0,23.0,18.5,38.5
Автозапчасти,Регуляторы автомобильные,36.5,45.0,3.0,40.0,35.5,36.5
Здоровье,Прочие инструменты,42.5,45.0,3.0,30.0,25.5,42.5
Товары для курения,Портсигары,38.5,45.0,3.0,41.5,37.0,38.5
Шторы и аксессуары,Фотошторы,39.5,45.0,3.0,39.0,34.5,39.5
Текстиль для дома,Подушки декоративные,39.5,45.0,3.0,43.0,38.5,39.5
Автозапчасти,Контрольные системы давления в шинах,36.5,45.0,3.0,36.0,31.5,36.5
Спортивный товар,Беговел,37.5,45.0,3.0,41.0,36.5,37.5
Здоровье,Термометры электронные,35.5,45.0,3.0,39.0,34.5,35.5
Канцелярские товары,Пластилин,39.5,45.0,3.0,33.0,28.5,39.5
Техника для кухни,Рисоварки электрические,34.5,35.0,3.0,37.0,32.5,34.5
Товары для малышей,Идентификационные браслеты детские,36.5,45.0,3.0,32.0,27.5,36.5
Электрика,Приборы регистрации частичных разрядов,38.5,45.0,3.0,30.0,25.5,38.5
Алкогольная продукция,Текила,4.5,4.5,3.0,9.5,9.5,4.5
Аксессуары,Ремни для чемоданов,44.5,45.0,3.0,48.0,43.5,44.5
Смартфоны и гаджеты,Смартфоны,26.5,35.0,3.0,30.0,25.5,26.5
Автозапчасти,Клеммы для аккумуляторов,36.5,45.0,3.0,40.0,35.5,36.5
Религия и эзотерика,Руны,19.5,25.0,3.0,33.0,29.5,19.5
Отделочные материалы,Ответные планки,38.5,45.0,3.0,35.0,30.5,38.5
Садовые инструменты и полив,Колонки для воды,39.5,45.0,3.0,33.0,28.5,39.5
Спортивный товар,Пистолеты аэрозольные,37.5,45.0,3.0,36.0,31.5,37.5
Спортивные аксессуары,Смазки для оружия,39.5,45.0,3.0,39.0,34.5,39.5
Товары для животных,Средства для очистки аквариумной воды,31.5,35.0,3.0,35.0,30.5,31.5
Спортивная одежда,Футболки спортивные,44.5,45.0,3.0,48.0,43.5,44.5
Сетевое оборудование,Сетевые хранилища,34.5,35.0,3.0,38.0,33.5,34.5
Спортивные аксессуары,Браслеты для плавания,39.5,45.0,3.0,43.0,38.5,39.5
Мебель корпусная и мебель для хранения,Комоды,36.5,45.0,3.0,31.0,26.5,36.5
Автозапчасти,Ремкомплекты автомобильные,36.5,45.0,3.0,40.0,35.5,36.5
Посуда и инвентарь,Подложки для десертов,39.5,45.0,3.0,43.0,38.5,39.5
Автозапчасти,Рули автомобильные,36.5,45.0,3.0,37.0,32.5,36.5
Здоровье,Абсорбент углекислого газа,42.5,45.0,3.0,41.0,36.5,42.5
Садовые инструменты и полив,Лейки садовые,39.5,45.0,3.0,33.0,28.5,39.5
Одежда для малышей,Свитеры для малышей,44.5,45.0,3.0,48.0,43.5,44.5
Для праздника,Для праздника,42.5,45.0,3.0,46.0,41.5,42.5
Канцелярские товары,Наборы для каллиграфии,39.5,45.0,3.0,43.0,38.5,39.5
Детское питание,Печенье детское,4.5,4.5,3.0,33.0,28.5,4.5
Товары для животных,Бальзамы для животных,31.5,35.0,3.0,35.0,30.5,31.5
Автозапчасти,Комплектующие для автомобильных рам,36.5,45.0,3.0,40.0,35.5,36.5
Автозапчасти,Системы подвески кабины,36.5,45.0,3.0,40.0,35.5,36.5
Аксессуары для электроники,Микроскопы,42.5,45.0,3.0,37.0,32.5,42.5
Спортивный товар,Рогатки рыболовные,37.5,45.0,3.0,41.0,36.5,37.5
Спортивный товар,Пояса спасательные,37.5,45.0,3.0,41.0,36.5,37.5
Спортивный товар,Моторы для лодок,37.5,45.0,3.0,38.0,33.5,37.5
Товары для животных,Пояса для животных,31.5,35.0,3.0,31.0,26.5,31.5
Спортивная одежда,Рашгарды,44.5,45.0,3.0,48.0,43.5,44.5
Спортивный товар,Спортивные крепежи для телефонов,37.5,45.0,3.0,41.0,36.5,37.5
Профессиональные музыкальные инструменты,Микшеры,38.5,45.0,3.0,42.0,37.5,38.5
Спортивный товар,Рубашки велосипедные,37.5,45.0,3.0,37.0,32.5,37.5
Здоровье,Напальчники одноразовые,42.5,45.0,3.0,46.0,41.5,42.5
Автозапчасти,Контрольные блоки свечей накаливания,36.5,45.0,3.0,35.0,30.5,36.5
Строительные материалы,Болты,38.5,45.0,3.0,42.0,37.5,38.5
Здоровье,Негатоскопы,35.5,45.0,3.0,35.0,34.5,35.5
Спортивный товар,Колобашки для плавания,37.5,45.0,3.0,41.0,36.5,37.5
Здоровье,Ультразвуковые мойки для медицинских инструментов,42.5,45.0,3.0,39.0,34.5,42.5
Хозяйственные товары,Пылевыбивалки,39.5,45.0,3.0,36.0,31.5,39.5
Посуда и инвентарь,Наборы для чайного гриба,39.5,45.0,3.0,42.0,37.5,39.5
Фото и Видеотехника,Диски для записи,38.5,45.0,3.0,32.0,27.5,38.5
Электрика,Реле времени,42.5,45.0,3.0,38.0,33.5,42.5
Мебель офисная и торговое оборудование,Перегородки офисные,36.5,45.0,3.0,31.0,26.5,36.5
Бытовая химия,Средства для мытья посуды,39.5,45.0,3.0,38.0,33.5,39.5
Умный дом и безопасность,Камеры видеонаблюдения,34.5,35.0,3.0,38.0,33.5,34.5
Техника для красоты и здоровья,Стерилизаторы зубных щеток,35.5,35.0,3.0,33.0,28.5,35.5
Аксессуары для электроники,Чехлы-кармашки для телефонов,44.5,45.0,3.0,37.0,32.5,44.5
Одежда для малышей,Пинетки,44.5,45.0,3.0,48.0,43.5,44.5
Красота,Румяна,42.5,45.0,3.0,46.0,41.5,42.5
Товары для животных,Сухое молоко для животных,31.5,35.0,3.0,35.0,30.5,31.5
Продукты,Нут,4.5,4.5,3.0,30.0,25.5,4.5
Отделочные материалы,Балки декоративные,38.5,45.0,3.0,34.0,29.5,38.5
Сантехника,Инсталляции для унитаза,37.5,45.0,3.0,41.0,36.5,37.5
Мебель садовая,Кресла плетеные,36.5,45.0,3.0,31.0,26.5,36.5
Автохимия и автокосметика,Присадки автомобильные,36.5,45.0,3.0,36.0,31.5,36.5
Рукоделие,Кожа для рукоделия,39.5,45.0,3.0,43.0,38.5,39.5
Религия и эзотерика,Доски иконные,19.5,25.0,3.0,28.0,24.5,19.5
Мебель офисная и торговое оборудование,Подставки под системные блоки,36.5,45.0,3.0,40.0,35.5,36.5
Продукты,Хлопья ячменные,4.5,4.5,3.0,28.0,23.5,4.5
Здоровье,Тренажеры для сенсорной интеграции,42.5,45.0,3.0,46.0,41.5,42.5
Шины и диски,Камеры для шин мотоциклов,36.5,45.0,3.0,32.5,31.5,36.5
Автозапчасти,Датчики автомобильные,36.5,45.0,3.0,36.0,31.5,36.5
Автозапчасти,Шейки оси автомобильные,36.5,45.0,3.0,40.0,35.5,36.5
Шторы и аксессуары,Тюль,39.5,45.0,3.0,43.0,38.5,39.5
Спортивные аксессуары,Шапки спортивные,39.5,45.0,3.0,41.0,36.5,39.5
Спортивный товар,Самостраховки,37.5,45.0,3.0,36.5,32.0,37.5
Бытовая техника,Утюги,35.5,35.0,3.0,38.0,33.5,35.5
Рукоделие,Лезвия для раскройных ножей,39.5,45.0,3.0,43.0,38.5,39.5
Умный дом и безопасность,Системы видеонаблюдения,34.5,35.0,3.0,38.0,33.5,34.5
Канцелярские товары,Пломбы,39.5,45.0,3.0,43.0,38.5,39.5
Товары для животных,Мочесборники для животных,31.5,35.0,3.0,35.0,30.5,31.5
Спортивный товар,Колеса для йоги,37.5,45.0,3.0,37.0,32.5,37.5
Канцелярские товары,Файлы-вкладыши,39.5,45.0,3.0,29.0,24.5,39.5
Красота,Помазки для бритья,42.5,45.0,3.0,46.0,41.5,42.5
Сетевое оборудование,Усилители Wi-Fi сигнала,34.5,35.0,3.0,32.0,27.5,34.5
Ноутбуки и компьютеры,Компьютеры,29.5,35.0,3.0,33.0,28.5,29.5
Автозапчасти,Валы карданные,36.5,45.0,3.0,40.0,35.5,36.5
Белье,Чулки,44.5,45.0,3.0,48.0,43.5,44.5
Красота,Парфюмерные наборы,42.5,45.0,3.0,46.0,41.5,42.5
Телевизоры и аудиотехника,Диктофоны,39.5,45.0,3.0,42.0,37.5,39.5
Мебель офисная и торговое оборудование,Ручки мебельные,36.5,45.0,3.0,36.0,31.5,36.5
Для праздника,Краски фестивальные,42.5,45.0,3.0,39.0,34.5,42.5
Автоаксессуары и дополнительное оборудование,Стетоскопы механические,36.5,45.0,3.0,36.0,31.5,36.5
Мототовары,Рычаги для мототехники,36.5,45.0,3.0,40.0,35.5,36.5
Автоаксессуары и дополнительное оборудование,Автомобильные аптечки,36.5,45.0,3.0,40.0,35.5,36.5
Красота,Лед косметический,42.5,45.0,3.0,42.0,37.5,42.5
Спортивный товар,Тренажеры эллиптические,37.5,45.0,3.0,41.0,36.5,37.5
Товары для животных,Спасательные жилеты для животных,31.5,35.0,3.0,25.0,20.5,31.5
Аксессуары для электроники,Крепления для смартфона на штатив,44.5,45.0,3.0,41.0,36.5,44.5
Шины и диски,Шины автомобильные,29.5,35.0,3.0,18.0,17.0,29.5
Спортивный товар,Грелки туристические,37.5,45.0,3.0,37.0,32.5,37.5
Аксессуары для электроники,Присоски для снятия дисплея,44.5,45.0,3.0,37.0,32.5,44.5
Спортивный товар,Оси для щеток,37.5,45.0,3.0,32.0,27.5,37.5
Здоровье,Повязки послеоперационные,42.5,45.0,3.0,39.0,34.5,42.5
Одежда для малышей,Одежда для малышей,44.5,45.0,3.0,48.0,43.5,44.5
Продукты,Батончики шоколадные,4.5,4.5,3.0,35.0,30.5,4.5
Ручной инструмент и оснастка,Хоппер-ковши,41.5,45.0,3.0,41.0,36.5,41.5
Продукты,Пасты томатные,4.5,4.5,3.0,30.0,25.5,4.5
Электрика,Запчасти для электрических щитков,38.5,45.0,3.0,35.0,30.5,38.5
Сантехника,Вентиляторы для систем вентиляции,37.5,45.0,3.0,39.0,34.5,37.5
Автохимия и автокосметика,Антискотч,36.5,45.0,3.0,36.0,31.5,36.5
Продукты,Варенье,4.5,4.5,3.0,35.0,30.5,4.5
Продукты,Сорбет,4.5,4.5,3.0,26.0,21.5,4.5
Товары для отдыха и кемпинга,Аксессуары для биотуалетов,38.5,45.0,3.0,34.0,29.5,38.5
Автозапчасти,Ролики автомобильные,36.5,45.0,3.0,36.0,31.5,36.5
Красота,Одеколон,42.5,45.0,3.0,45.0,40.5,42.5
Одежда,Фартуки детские,44.5,45.0,3.0,48.0,43.5,44.5
Хранение вещей,Насосы для вакуумных пакетов,36.5,45.0,3.0,36.0,31.5,36.5
Восстановленные,Восстановленные,16.5,25.0,3.0,21.5,21.5,16.5
Автоаксессуары и дополнительное оборудование,Тестеры тормозной жидкости,36.5,45.0,3.0,40.0,35.5,36.5
Ручной инструмент и оснастка,Смазки для электроинструмента,41.5,45.0,3.0,41.0,36.5,41.5
Ручной инструмент и оснастка,Масла компрессорные,41.5,45.0,3.0,41.0,36.5,41.5
Канцелярские товары,Доски для лепки,39.5,45.0,3.0,28.0,23.5,39.5
Товары для малышей,Соски,36.5,45.0,3.0,40.0,35.5,36.5
Аксессуары для электроники,Аккумуляторы для квадрокоптеров,42.5,45.0,3.0,35.0,30.5,42.5
Спортивный товар,Киевницы,37.5,45.0,3.0,32.0,27.5,37.5
Продукты,Зельц,4.5,4.5,3.0,25.0,20.5,4.5
Отделочные материалы,Отбеливатели древесины,38.5,45.0,3.0,35.0,30.5,38.5
Автозапчасти,Автомобильные уплотнительные кольца,36.5,45.0,3.0,36.0,31.5,36.5
Для праздника,Аксессуары для гирлянд,42.5,45.0,3.0,46.0,41.5,42.5
Белье,Нижние юбки,44.5,45.0,3.0,48.0,43.5,44.5
Красота,Маски тканевые косметические,42.5,45.0,3.0,43.0,38.5,42.5
Готовая еда,Закуски,4.5,4.5,3.0,25.0,21.5,4.5
Ручной инструмент и оснастка,Стеклорезы,41.5,45.0,3.0,44.0,39.5,41.5
Бытовая химия,Крахмал для белья,39.5,45.0,3.0,43.0,38.5,39.5
Автозапчасти,Вкладыши нижней головки шатуна,36.5,45.0,3.0,36.0,31.5,36.5
Здоровье,Пластыри,42.5,45.0,3.0,43.5,39.0,42.5
Игрушки,Детские компьютеры,38.5,45.0,3.0,42.0,37.5,38.5
Посуда и инвентарь,Кремеры,39.5,45.0,3.0,43.0,38.5,39.5
Электроинструмент и оборудование,Пневматические зачистные машины,41.5,45.0,3.0,39.0,34.5,41.5
Садовые инструменты и полив,Секаторы,39.5,45.0,3.0,43.0,38.5,39.5
Здоровье,Прокладки урологические,42.5,45.0,3.0,39.0,34.5,42.5
Автоаксессуары и дополнительное оборудование,Пуско-зарядные устройства,36.5,45.0,3.0,40.0,35.5,36.5
Все для садоводства,Картофель семенной,39.5,45.0,3.0,34.5,33.5,39.5
Посуда и инвентарь,Подставки для казана,39.5,45.0,3.0,41.0,36.5,39.5
Аксессуары,Галстуки,44.5,45.0,3.0,48.0,43.5,44.5
Спортивный товар,Коньки,37.5,45.0,3.0,37.0,32.5,37.5
Ручной инструмент и оснастка,Газоанализаторы,41.5,45.0,3.0,45.0,40.5,41.5
Автоаксессуары и дополнительное оборудование,Губки для автомобиля,36.5,45.0,3.0,34.0,29.5,36.5
Спортивный товар,Накатки для лыж,37.5,45.0,3.0,32.0,27.5,37.5
Товары для малышей,Комплекты в коляску,36.5,45.0,3.0,40.0,35.5,36.5
Автозапчасти,Насадки автомобильные,36.5,45.0,3.0,39.0,34.5,36.5
Строительные материалы,Формы для бетона,38.5,45.0,3.0,34.0,29.5,38.5
Канцелярские товары,Картон,39.5,45.0,3.0,28.0,23.5,39.5
Спортивный товар,Беговые дорожки,37.5,45.0,3.0,41.0,36.5,37.5
Спортивная одежда,Комбинезоны спортивные,44.5,45.0,3.0,48.0,43.5,44.5
Спортивный товар,Аксессуары для тренажеров,37.5,45.0,3.0,41.0,36.5,37.5
Здоровье,Анализаторы медицинские,42.5,45.0,3.0,41.0,36.5,42.5
Книжная продукция и диски,Карты Таро,39.5,45.0,3.0,43.0,38.5,39.5
Товары для животных,Чехлы для клеток,31.5,35.0,3.0,26.0,21.5,31.5
Сантехника,Лейки для душа,37.5,45.0,3.0,41.0,36.5,37.5
Автоаксессуары и дополнительное оборудование,Подлокотники,36.5,45.0,3.0,36.0,31.5,36.5
Мебель малых форм,Столики винные,36.5,45.0,3.0,36.0,31.5,36.5
Спортивный товар,Брызговики для лыжероллеров,37.5,45.0,3.0,37.0,32.5,37.5
Спортивный товар,Наборы для гольфа,37.5,45.0,3.0,41.0,36.5,37.5
Аксессуары для волос,Диадемы,44.5,45.0,3.0,48.0,43.5,44.5
Аксессуары для волос,Заколки-бананы,44.5,45.0,3.0,38.0,33.5,44.5
Товары для животных,Ухватки для собак,31.5,35.0,3.0,35.0,30.5,31.5
Спортивный товар,Скамьи спортивные,37.5,45.0,3.0,35.0,30.5,37.5
Спортивный товар,Подшлемники спортивные,37.5,45.0,3.0,41.0,36.5,37.5
Спортивная одежда,Защита паха,44.5,45.0,3.0,44.0,39.5,44.5
Спортивный товар,Вилки ригидные,37.5,45.0,3.0,41.0,36.5,37.5
Спортивная обувь,Стрипы,44.5,45.0,3.0,43.0,38.5,44.5
Текстиль для дома,Фартуки кухонные,39.5,45.0,3.0,43.0,38.5,39.5
Спортивный товар,Болты для самокатов,37.5,45.0,3.0,37.0,32.5,37.5
Спортивные аксессуары,Пружины для шейкера,39.5,45.0,3.0,28.0,23.5,39.5
Рукоделие,Люминофор для творчества,39.5,45.0,3.0,39.0,34.5,39.5
Аксессуары для электроники,Видеодиски,42.5,45.0,3.0,37.0,32.5,42.5
Спортивное питание и косметика,Чипсы протеиновые,35.5,45.0,3.0,29.0,24.5,35.5
Бытовая техника,Вышивальные машины,35.5,35.0,3.0,33.0,28.5,35.5
Товары для отдыха и кемпинга,Треноги костровые,38.5,45.0,3.0,42.0,37.5,38.5
Игрушки,Игровые палатки,38.5,45.0,3.0,38.0,33.5,38.5
Декор интерьера,Стеклянные клоши,39.5,45.0,3.0,39.0,34.5,39.5
Религия и эзотерика,Масла лампадные,19.5,25.0,3.0,33.0,29.5,19.5
Посуда и инвентарь,Масленки,39.5,45.0,3.0,39.0,34.5,39.5
Аксессуары для электроники,Насадки для фенов,35.5,35.0,3.0,33.0,28.5,35.5
Автозапчасти,Комплектующие топливоподкачивающих насосов,36.5,45.0,3.0,40.0,35.5,36.5
Красота,Влажные салфетки,42.5,45.0,3.0,37.0,32.5,42.5
Посуда и инвентарь,Кофейники,39.5,45.0,3.0,43.0,38.5,39.5
Автоаксессуары и дополнительное оборудование,Рамки для номеров,36.5,45.0,3.0,40.0,35.5,36.5
Товары для животных,Тальк для животных,31.5,35.0,3.0,35.0,26.5,31.5
Спортивный товар,Прицелы охотничьи,37.5,45.0,3.0,41.0,36.5,37.5
Спортивный товар,Разметки для игр,37.5,45.0,3.0,41.0,36.5,37.5
Товары для отдыха и кемпинга,Фильтрующие насосы для бассейнов,38.5,45.0,3.0,37.0,32.5,38.5
Транспортные средства,Мотобуксировщики,0.5,0.5,0.5,0.5,0.5,0.5
Текстиль для дома,Скатерти,39.5,45.0,3.0,43.0,38.5,39.5
Автоаксессуары и дополнительное оборудование,Всасывающие шноркели,36.5,45.0,3.0,36.0,31.5,36.5
Здоровье,СИПАП-аппараты,35.5,45.0,3.0,39.0,34.5,35.5
Декор интерьера,Домики сувенирные,39.5,45.0,3.0,35.0,30.5,39.5
Одежда для малышей,Жакеты для малышей,44.5,45.0,3.0,48.0,43.5,44.5
Продукты,Ряженка,4.5,4.5,3.0,25.0,20.5,4.5
Товары для малышей,Молокоотсосы электрические,36.5,45.0,3.0,40.0,35.5,36.5
Спецодежда и СИЗы,Каски защитные,38.5,45.0,3.0,42.0,37.5,38.5
Мебель для сна,Матрасы детские,36.5,45.0,3.0,37.0,32.5,36.5
Мототовары,Наклейки для мототехники,36.5,45.0,3.0,36.0,31.5,36.5
Автоаксессуары и дополнительное оборудование,Органайзеры в багажник,36.5,45.0,3.0,36.0,31.5,36.5
Товары для животных,Когтерезки,31.5,35.0,3.0,35.0,30.5,31.5
Продукты,Джезерье,4.5,4.5,3.0,26.0,21.5,4.5
Для праздника,Наборы для праздника,42.5,45.0,3.0,45.0,40.5,42.5
Крупная бытовая техника,Мини-холодильники,29.5,35.0,3.0,22.5,21.5,29.5
Религия и эзотерика,Иконы,19.5,25.0,3.0,33.0,29.5,19.5
Белье,Термотрусы,44.5,45.0,3.0,44.0,39.5,44.5
Спортивные аксессуары,Компрессионные мешки,39.5,45.0,3.0,39.0,34.5,39.5
Аксессуары для электроники,Чехлы для наушников,44.5,45.0,3.0,43.0,38.5,44.5
Канцелярские товары,Классные журналы,39.5,45.0,3.0,36.0,31.5,39.5
Садовые инструменты и полив,Высоторезы,39.5,45.0,3.0,38.0,33.5,39.5
Спортивный товар,Сноускейты,37.5,45.0,3.0,31.0,26.5,37.5
Спортивный товар,Нашивки спортивные,37.5,45.0,3.0,37.0,32.5,37.5
Ручной инструмент и оснастка,Фильтры для краски,41.5,45.0,3.0,35.0,30.5,41.5
Мебель на заказ,Гардеробные системы,36.5,45.0,3.0,32.0,27.5,36.5
Красота,Декор для маникюра,42.5,45.0,3.0,41.0,36.5,42.5
Канцелярские товары,Органайзеры для сменных блоков,39.5,45.0,3.0,43.0,38.5,39.5
Электроинструмент и оборудование,Бензорезы,41.5,45.0,3.0,38.0,33.5,41.5
Строительные материалы,Стяжка,38.5,45.0,3.0,27.0,22.5,38.5
Шторы и аксессуары,Шторы и аксессуары,39.5,45.0,3.0,43.0,38.5,39.5
Спортивный товар,Краги для снегоходов,37.5,45.0,3.0,36.5,32.0,37.5
Мебель для сна,Матрасы,36.5,45.0,3.0,36.0,31.5,36.5
Красота,Магниты для маникюра,42.5,45.0,3.0,37.0,32.5,42.5
Ручной инструмент и оснастка,Шлиф-ленты,41.5,45.0,3.0,41.0,36.5,41.5
Красота,Ресницы для наращивания,42.5,45.0,3.0,46.0,41.5,42.5
Садовая техника,Аккумуляторы для садовой техники,38.5,45.0,3.0,42.0,37.5,38.5
Товары для животных,Пудры для животных,31.5,35.0,3.0,31.0,26.5,31.5
Спортивные аксессуары,Сумки спортивные,39.5,45.0,3.0,41.0,36.5,39.5
Товары для животных,Шлейки,31.5,35.0,3.0,35.0,30.5,31.5
Канцелярские товары,Пружины для переплета,39.5,45.0,3.0,43.0,38.5,39.5
Спортивные аксессуары,Лыжи для самоката,39.5,45.0,3.0,39.0,34.5,39.5
Автозапчасти,Днища кузова,36.5,45.0,3.0,36.0,31.5,36.5
Все для садоводства,Газонные травы и сидераты,39.5,45.0,3.0,39.5,38.5,39.5
Товары для малышей,Держатели для пустышек,36.5,45.0,3.0,36.0,31.5,36.5
Головные уборы,Шапки-ушанки,44.5,45.0,3.0,38.0,33.5,44.5
Белье,Бретели,44.5,45.0,3.0,40.0,35.5,44.5
Спортивный товар,Защита велосипеда,37.5,45.0,3.0,32.0,27.5,37.5
Шторы и аксессуары,Жалюзи,39.5,45.0,3.0,43.0,38.5,39.5
Аксессуары для обуви,Полустельки,44.5,45.0,3.0,44.0,39.5,44.5
Для праздника,Бумажные шары,42.5,45.0,3.0,42.0,37.5,42.5
Спецодежда и СИЗы,Тапочки одноразовые,38.5,45.0,3.0,38.0,33.5,38.5
Посуда и инвентарь,Зажимы для пакетов,39.5,45.0,3.0,33.0,28.5,39.5
Красота,Средства для разбавления лака,42.5,45.0,3.0,37.0,32.5,42.5
Спортивный товар,Колеса для лыжероллеров,37.5,45.0,3.0,37.0,32.5,37.5
Автозапчасти,Вентиляторы автомобильные,36.5,45.0,3.0,36.0,31.5,36.5
Автозапчасти,Крышки зубчатого ремня,36.5,45.0,3.0,38.0,33.5,36.5
Отделочные материалы,Стеклохолсты малярные,38.5,45.0,3.0,37.0,32.5,38.5
Красота,Накладные ногти,42.5,45.0,3.0,44.0,39.5,42.5
Товары для малышей,Подушки для малышей,36.5,45.0,3.0,36.0,31.5,36.5
Строительные материалы,Швеллеры,38.5,45.0,3.0,32.0,27.5,38.5
Продукты,Рыба вяленая,4.5,4.5,3.0,35.0,30.5,4.5
Освещение,Керосиновые лампы,39.5,45.0,3.0,39.0,34.5,39.5
Ручной инструмент и оснастка,Буры,41.5,45.0,3.0,43.0,38.5,41.5
Товары для малышей,Контейнеры для игрушек,36.5,45.0,3.0,36.0,31.5,36.5
Товары для животных,Соль для аквариумов,31.5,35.0,3.0,35.0,30.5,31.5
Текстиль для дома,Коврики для лестницы,39.5,45.0,3.0,39.0,34.5,39.5
Спортивный товар,Велоинструменты,37.5,45.0,3.0,41.0,36.5,37.5
Продукты,Кальмар сушеный,4.5,4.5,3.0,31.0,26.5,4.5
Аксессуары,Часы-кулон,44.5,45.0,3.0,44.0,39.5,44.5
Техника для красоты и здоровья,Расчески лазерные,35.5,35.0,3.0,33.0,28.5,35.5
Электрика,Патроны для ламп,38.5,45.0,3.0,35.0,30.5,38.5
Спортивный товар,Электро дрифт-карты,40.5,45.0,3.0,32.0,27.5,40.5
Продукты,Стейки,4.5,4.5,3.0,26.0,21.5,4.5
Все для садоводства,Субстраты,39.5,45.0,3.0,29.5,28.5,39.5
Спортивный товар,Подсачники,37.5,45.0,3.0,41.0,36.5,37.5
Товары для животных,Инструменты медицинские для животных,31.5,35.0,3.0,31.0,26.5,31.5
Строительные материалы,Тавры,38.5,45.0,3.0,32.0,27.5,38.5
Электроинструмент и оборудование,Станки обрабатывающие,41.5,45.0,3.0,42.0,37.5,41.5
Красота,Кисти косметические,42.5,45.0,3.0,46.0,41.5,42.5
Посуда и инвентарь,Центрифуги для салата,39.5,45.0,3.0,39.0,34.5,39.5
Электрика,Комплектующие для светильников,38.5,45.0,3.0,35.0,30.5,38.5
Хозяйственные товары,Коврики для глажения,39.5,45.0,3.0,39.0,34.5,39.5
Спортивный товар,Столы туристические,37.5,45.0,3.0,34.0,29.5,37.5
Товары для малышей,Пояса от колик,36.5,45.0,3.0,40.0,35.5,36.5
Здоровье,Устройства антихрап,35.5,45.0,3.0,37.0,32.5,35.5
Строительные материалы,Саморезы кровельные,38.5,45.0,3.0,23.0,18.5,38.5
Автозапчасти,Электрооборудование двигателя,36.5,45.0,3.0,36.0,31.5,36.5
Продукты,Хлопья гороховые,4.5,4.5,3.0,35.0,30.5,4.5
Сантехника,Насосно-смесительные узлы,37.5,45.0,3.0,41.0,36.5,37.5
Ручной инструмент и оснастка,Ложементы для инструментов,41.5,45.0,3.0,35.0,30.5,41.5
Мебель офисная и торговое оборудование,Кронштейны для наружной рекламы,36.5,45.0,3.0,36.5,32.0,36.5
Автоаксессуары и дополнительное оборудование,Автономные отопители,36.5,45.0,3.0,36.0,31.5,36.5
Красота,Щетки косметические,42.5,45.0,3.0,42.0,37.5,42.5
Продукты,Цикорий,4.5,4.5,3.0,35.0,30.5,4.5
Автоаксессуары и дополнительное оборудование,Болты колесные,36.5,45.0,3.0,40.0,35.5,36.5
Здоровье,Магниты медицинские,42.5,45.0,3.0,35.0,30.5,42.5
Автозапчасти,Тяги автомобильные,36.5,45.0,3.0,40.0,35.5,36.5
Здоровье,Рукавицы одноразовые,42.5,45.0,3.0,35.0,30.5,42.5
Ветаптека,Гормональные препараты для животных,31.5,35.0,3.0,28.0,23.5,31.5
Бижутерия,Чокеры,38.5,45.0,3.0,42.0,37.5,38.5
Аксессуары для электроники,CD проигрыватели,42.5,45.0,3.0,35.0,30.5,42.5
Спортивный товар,Ледобуры,37.5,45.0,3.0,37.0,32.5,37.5
Спортивные аксессуары,Козырьки спортивные,39.5,45.0,3.0,43.0,38.5,39.5
Спортивный товар,Чехлы для дубинок,37.5,45.0,3.0,41.0,36.5,37.5
Техника для кухни,Стерилизаторы и очистители продуктов,34.5,35.0,3.0,34.0,29.5,34.5
Канцелярские товары,Корректирующая жидкость,39.5,45.0,3.0,29.0,24.5,39.5
Техника для кухни,Аппараты для запаивания пакетов,34.5,35.0,3.0,38.0,33.5,34.5
Здоровье,Маски БиПАП,42.5,45.0,3.0,37.0,32.5,42.5
Автохимия и автокосметика,Чернители шин,36.5,45.0,3.0,40.0,35.5,36.5
Красота,Средства для укрепления и роста ногтей,42.5,45.0,3.0,46.0,41.5,42.5
Товары для животных,Гетры для животных,31.5,35.0,3.0,26.0,21.5,31.5
Товары для отдыха и кемпинга,Крепления и каркасы для садовых качелей,38.5,45.0,3.0,38.0,33.5,38.5
Автозапчасти,Фиксаторы автомобильные,36.5,45.0,3.0,36.0,31.5,36.5
Сантехника,Фильтры вентиляционные,37.5,45.0,3.0,37.0,32.5,37.5
Товары для животных,Обувь для животных,31.5,35.0,3.0,35.0,30.5,31.5
Товары для животных,Пилочки для животных,31.5,35.0,3.0,35.0,30.5,31.5
Мебель для сна,Кровати двухъярусные,36.5,45.0,3.0,30.0,25.5,36.5
Ручной инструмент и оснастка,Тиски,41.5,45.0,3.0,44.0,39.5,41.5
Спортивный товар,Доски балансировочные,37.5,45.0,3.0,37.0,32.5,37.5
Спортивный товар,Жерлицы,37.5,45.0,3.0,37.0,32.5,37.5
Автоаксессуары и дополнительное оборудование,Багажники автомобильные,36.5,45.0,3.0,40.0,35.5,36.5
Товары для животных,Полки для клеток,31.5,35.0,3.0,31.0,26.5,31.5
Аксессуары для волос,Канекалон,44.5,45.0,3.0,43.0,38.5,44.5
Продукты,Чиабатта,4.5,4.5,3.0,26.0,21.5,4.5
Товары для животных,Провода для генераторов импульсов,31.5,35.0,3.0,35.0,30.5,31.5
Электрика,Аппаратура пускорегулирующая,38.5,45.0,3.0,35.0,30.5,38.5
Продукты,Гранат,4.5,4.5,3.0,26.0,21.5,4.5
Продукты,Замороженные ягоды,4.5,4.5,3.0,31.0,26.5,4.5
Строительные материалы,Блок-хаус,38.5,45.0,3.0,32.0,27.5,38.5
Мототовары,Тросы для мототехники,36.5,45.0,3.0,40.0,35.5,36.5
Ручной инструмент и оснастка,Болторезы,41.5,45.0,3.0,45.0,40.5,41.5
Мебель корпусная и мебель для хранения,Полки сетчатые,36.5,45.0,3.0,40.0,35.5,36.5
Отделочные материалы,Панели стеновые,38.5,45.0,3.0,33.0,28.5,38.5
Спортивные аксессуары,Аксессуары для подводной охоты,37.5,45.0,3.0,41.0,36.5,37.5
Аксессуары,Варежки,44.5,45.0,3.0,39.0,34.5,44.5
Хозяйственные товары,Совки,39.5,45.0,3.0,33.0,28.5,39.5
Автоаксессуары и дополнительное оборудование,Подушки автомобильные,36.5,45.0,3.0,36.0,31.5,36.5
Здоровье,Аптечки первой помощи,42.5,45.0,3.0,40.0,35.5,42.5
Товары для отдыха и кемпинга,Щепы для копчения,38.5,45.0,3.0,35.0,30.5,38.5
Рукоделие,Прищепки декоративные,39.5,45.0,3.0,29.0,24.5,39.5
Аксессуары,Браслеты для часов,44.5,45.0,3.0,48.0,43.5,44.5
Рукоделие,Держатели для клубка пряжи,39.5,45.0,3.0,39.0,34.5,39.5
Бытовая техника,Распошивальные машины,35.5,35.0,3.0,39.0,34.5,35.5
Ручной инструмент и оснастка,Насадки для шуруповерта,41.5,45.0,3.0,41.0,36.5,41.5
Отделочные материалы,Замки оконные,38.5,45.0,3.0,42.0,37.5,38.5
Товары для малышей,Наборы для ухода за новорожденными,36.5,45.0,3.0,40.0,35.5,36.5
Автозапчасти,ШРУСы,36.5,45.0,3.0,40.0,35.5,36.5
Игрушки,Игрушки антистресс,38.5,45.0,3.0,37.0,32.5,38.5
Белье,Клипсы для бюстгальтера,44.5,45.0,3.0,38.0,33.5,44.5
Здоровье,Помпы микроинфузионные,42.5,45.0,3.0,44.0,39.5,42.5
Отделочные материалы,Наборы для обивки дверей,38.5,45.0,3.0,39.0,34.5,38.5
Все для садоводства,Бактерии для подстилок,39.5,45.0,3.0,35.5,34.5,39.5
Строительные материалы,Песок строительный,38.5,45.0,3.0,23.0,18.5,38.5
Хозяйственные товары,Бумага для выпечки,39.5,45.0,3.0,39.0,34.5,39.5
Красота,Кисти-сметки парикмахерские,42.5,45.0,3.0,42.0,37.5,42.5
Отделочные материалы,Арки межкомнатные,38.5,45.0,3.0,42.0,37.5,38.5
Все для садоводства,Пленки для парников и теплиц,39.5,45.0,3.0,35.5,34.5,39.5
Все для садоводства,Пестициды,39.5,45.0,3.0,35.5,34.5,39.5
Посуда и инвентарь,Мельницы,39.5,45.0,3.0,43.0,38.5,39.5
Продукты,Смеси для десертов,4.5,4.5,3.0,34.0,29.5,4.5
Продукты,Творожки,4.5,4.5,3.0,25.0,20.5,4.5
Садовые инструменты и полив,Выжигатели сорняков,38.5,45.0,3.0,37.0,32.5,38.5
Садовые инструменты и полив,Плодосъемники,39.5,45.0,3.0,34.0,29.5,39.5
Рукоделие,Фурнитура для игрушек,39.5,45.0,3.0,39.0,34.5,39.5
Здоровье,Чехлы для медицинских приборов,42.5,45.0,3.0,43.0,38.5,42.5
Бытовая техника,Оборудование для розлива,35.5,35.0,3.0,38.5,34.0,35.5
Товары для отдыха и кемпинга,Соляные брикеты,38.5,45.0,3.0,35.0,30.5,38.5
Спортивный товар,Мишени,37.5,45.0,3.0,37.0,32.5,37.5
Посуда и инвентарь,Бары,39.5,45.0,3.0,39.0,34.5,39.5
Рукоделие,Пряжа,39.5,45.0,3.0,39.0,34.5,39.5
Электроинструмент и оборудование,Запчасти для электроинструментов,41.5,45.0,3.0,44.0,39.5,41.5
Спортивные аксессуары,Зажимы на гриф,39.5,45.0,3.0,43.0,38.5,39.5
Товары для взрослых,Виброяйца,39.5,45.0,3.0,43.0,38.5,39.5
Автоаксессуары и дополнительное оборудование,Насосы подкачивающие,36.5,45.0,3.0,36.0,31.5,36.5
Периферия и аксессуары,Комплектующие для клавиатур,34.5,35.0,3.0,31.0,26.5,34.5
Красота,Эмульсии,42.5,45.0,3.0,42.5,38.0,42.5
Мебель офисная и торговое оборудование,Конвейеры роликовые,36.5,45.0,3.0,35.0,26.5,36.5
Товары для отдыха и кемпинга,Фигурки и обереги для бани,38.5,45.0,3.0,38.0,33.5,38.5
Автозапчасти,Крылья автомобильные,36.5,45.0,3.0,36.0,31.5,36.5
Аксессуары для электроники,Генераторы водородной воды,42.5,45.0,3.0,35.0,30.5,42.5
Рукоделие,Наборы для рисования,39.5,45.0,3.0,39.0,34.5,39.5
Канцелярские товары,Калькуляторы,39.5,45.0,3.0,39.0,34.5,39.5
Хозяйственные товары,Мешки хозяйственные,39.5,45.0,3.0,43.0,38.5,39.5
Тест родитель 09.09,Тест родитель 09.09,44.5,45.0,15.0,48.0,43.5,44.5
Автозапчасти,Стоп-сигналы,36.5,45.0,3.0,36.0,31.5,36.5
Спортивный товар,Заводные кольца,37.5,45.0,3.0,37.0,32.5,37.5
Аксессуары для электроники,Подставки для мобильных устройств,44.5,45.0,3.0,37.0,32.5,44.5
Спортивный товар,Приманки,37.5,45.0,3.0,37.0,32.5,37.5
Спортивные аксессуары,Скрадки маскировочные,39.5,45.0,3.0,39.0,34.5,39.5
Профессиональные музыкальные инструменты,Горны музыкальные,38.5,45.0,3.0,41.0,36.5,38.5
Красота,Полоски для депиляции,42.5,45.0,3.0,37.0,32.5,42.5
Посуда и инвентарь,Коврики для выпечки,39.5,45.0,3.0,39.0,34.5,39.5
Автозапчасти,Датчики температуры включения вентилятора,36.5,45.0,3.0,36.0,31.5,36.5
Ручной инструмент и оснастка,Запчасти для краскопультов,41.5,45.0,3.0,41.0,36.5,41.5
Здоровье,Кровати медицинские,42.5,45.0,3.0,32.0,27.5,42.5
Товары для отдыха и кемпинга,Надувная мебель,38.5,45.0,3.0,37.0,32.5,38.5
Белье,Трусы,44.5,45.0,3.0,48.0,43.5,44.5
Хозяйственные товары,Щетки для уборки,39.5,45.0,3.0,39.0,34.5,39.5
Автоаксессуары и дополнительное оборудование,Багажные сетки,36.5,45.0,3.0,36.0,31.5,36.5
Ноутбуки и компьютеры,Оперативная память,31.5,35.0,3.0,35.0,30.5,31.5
Товары для взрослых,Увеличители члена,39.5,45.0,3.0,39.0,34.5,39.5
Товары для животных,Шампуни для животных,31.5,35.0,3.0,35.0,30.5,31.5
Освещение,Абажуры,39.5,45.0,3.0,39.0,34.5,39.5
Садовая техника,Бензопилы,29.5,35.0,3.0,33.0,28.5,29.5
Продукты,Полба,4.5,4.5,3.0,30.0,25.5,4.5
Автоэлектроника,Пульты управления сигнализацией,36.5,45.0,3.0,36.0,31.5,36.5
Товары для взрослых,Указки эротик,39.5,45.0,3.0,34.0,29.5,39.5
Красота,Держатели для накладных ногтей,42.5,45.0,3.0,41.0,36.5,42.5
Красота,Духи,42.5,45.0,3.0,46.0,41.5,42.5
Красота,Смывка краски для волос,42.5,45.0,3.0,46.0,41.5,42.5
Товары для животных,Кликеры для дрессировки,31.5,35.0,3.0,26.0,21.5,31.5
Бытовая техника,Маслобойки,35.5,35.0,3.0,39.0,34.5,35.5
Ручной инструмент и оснастка,Бруски шлифовальные,41.5,45.0,3.0,44.0,39.5,41.5
Здоровье,Газовые баллоны медицинские,42.5,45.0,3.0,38.5,34.0,42.5
Здоровье,Очки против мигрени,42.5,45.0,3.0,40.0,35.5,42.5
Спортивный товар,Ленты гимнастические,37.5,45.0,3.0,41.0,36.5,37.5
Декор интерьера,Ограничители для книг,39.5,45.0,3.0,34.0,29.5,39.5
Товары для взрослых,Посуда эротик,39.5,45.0,3.0,43.0,38.5,39.5
Спортивная одежда,Термофутболки спортивные,44.5,45.0,3.0,44.0,39.5,44.5
Электроинструмент и оборудование,Реноваторы,41.5,45.0,3.0,43.0,38.5,41.5
Продукты,Бумага рисовая,4.5,4.5,3.0,35.0,30.5,4.5
Товары для отдыха и кемпинга,Насосы для надувных бассейнов,38.5,45.0,3.0,38.0,33.5,38.5
Мебель офисная и торговое оборудование,Кресла игровые,36.5,45.0,3.0,30.0,25.5,36.5
Спортивный товар,Матрасы для плавания,37.5,45.0,3.0,36.0,31.5,37.5
Страхование,Страхование банковских карт,18.5,25.0,3.0,23.5,23.5,18.5
Электрика,Усилители для микроэлектроники,38.5,45.0,3.0,35.0,30.5,38.5
Автозапчасти,Радиаторы автомобильные,36.5,45.0,3.0,34.0,29.5,36.5
Канцелярские товары,Лупы,39.5,45.0,3.0,42.0,37.5,39.5
Здоровье,Глюкометры,35.5,45.0,3.0,39.0,34.5,35.5
Автозапчасти,Ниши колесные,36.5,45.0,3.0,29.5,25.0,36.5
Автозапчасти,Дифференциалы автомобильные,36.5,45.0,3.0,40.0,35.5,36.5
Товары для животных,Футболки для животных,31.5,35.0,3.0,35.0,30.5,31.5
Строительные материалы,Площадки под хомуты,38.5,45.0,3.0,42.0,37.5,38.5
Товары для взрослых,Настольные игры для взрослых,39.5,45.0,3.0,42.0,37.5,39.5
Посуда и инвентарь,Подставки для специй,39.5,45.0,3.0,39.0,34.5,39.5
Спортивное питание и косметика,Антиоксиданты,35.5,45.0,3.0,35.0,30.5,35.5
Канцелярские товары,Мастихины,39.5,45.0,3.0,38.0,33.5,39.5
Спортивные аксессуары,Другие аксессуары для спорта,39.5,45.0,3.0,38.0,33.5,39.5
Отделочные материалы,Профили оконные,38.5,45.0,3.0,38.0,33.5,38.5
Товары для животных,Столики для кормления животных,31.5,35.0,3.0,31.0,26.5,31.5
Канцелярские товары,Бумага и стикеры для заметок,39.5,45.0,3.0,29.0,24.5,39.5
Продукты,Тарталетки,4.5,4.5,3.0,29.0,24.5,4.5
Сантехника,Комплекты для монтажа радиаторов,37.5,45.0,3.0,41.0,36.5,37.5
Игрушки,Пазлы,38.5,45.0,3.0,38.0,33.5,38.5
Спортивный товар,Защитные ленты,37.5,45.0,3.0,41.0,36.5,37.5
Красота,Муссы,42.5,45.0,3.0,46.0,41.5,42.5
Здоровье,Йод,42.5,45.0,3.0,41.0,36.5,42.5
Товары для животных,Аквариумные наборы,31.5,35.0,3.0,31.0,26.5,31.5
Бытовая химия,Гели для посудомоечных машин,39.5,45.0,3.0,43.0,38.5,39.5
Здоровье,Верёвочные перекладины,42.5,45.0,3.0,37.0,32.5,42.5
Автозапчасти,Кожухи автомобильные,36.5,45.0,3.0,39.0,34.5,36.5
Головные уборы,Чалма,44.5,45.0,3.0,44.0,39.5,44.5
Ручной инструмент и оснастка,Электроизмерительные приборы,41.5,45.0,3.0,45.0,40.5,41.5
Товары для животных,Грануляторы для комбикорма,31.5,35.0,3.0,35.0,30.5,31.5
Шины и диски,Шины и диски,36.5,45.0,3.0,36.5,35.5,36.5
Аксессуары для электроники,Ключи магнитные,42.5,45.0,3.0,41.0,36.5,42.5
Электроинструмент и оборудование,Стойки для электроинструмента,41.5,45.0,3.0,41.0,36.5,41.5
Красота,Лаки для волос,42.5,45.0,3.0,46.0,41.5,42.5
Красота,Помады для волос,42.5,45.0,3.0,46.0,41.5,42.5
Товары для отдыха и кемпинга,Топливные брикеты,38.5,45.0,3.0,32.0,27.5,38.5
Обувь,Дутики,44.5,45.0,3.0,38.0,33.5,44.5
Здоровье,Футляры стоматологические,42.5,45.0,3.0,31.0,26.5,42.5
Электрика,Тестеры кабельные,42.5,45.0,3.0,40.0,35.5,42.5
Товары для взрослых,Секс куклы,39.5,45.0,3.0,40.0,35.5,39.5
Бижутерия,Пирсинг,38.5,45.0,3.0,42.0,37.5,38.5
Сантехника,Держатели для вентканалов,37.5,45.0,3.0,33.0,28.5,37.5
Автозапчасти,Болты головки блока цилиндра,36.5,45.0,3.0,40.0,35.5,36.5
Спецодежда и СИЗы,Куртки рабочие,44.5,45.0,3.0,45.0,40.5,44.5
Спортивная обувь,Боксерки,44.5,45.0,3.0,47.0,42.5,44.5
Отделочные материалы,Плитка клинкерная,38.5,45.0,3.0,42.0,37.5,38.5
Декор интерьера,Вазы,39.5,45.0,3.0,42.0,37.5,39.5
Посуда и инвентарь,Конфетницы,39.5,45.0,3.0,43.0,38.5,39.5
Спортивный товар,Сэндбэги,37.5,45.0,3.0,41.0,36.5,37.5
Спортивный товар,Лапы,37.5,45.0,3.0,41.0,36.5,37.5
Религия и эзотерика,Обереги,19.5,25.0,3.0,33.0,29.5,19.5
Продукты,Цукаты,4.5,4.5,3.0,35.0,30.5,4.5
Аксессуары,Футляры для защитных масок,44.5,45.0,3.0,44.0,39.5,44.5
Посуда и инвентарь,Пипетки кулинарные,39.5,45.0,3.0,43.0,38.5,39.5
Все для садоводства,Колышки и скобы садовые,39.5,45.0,3.0,35.0,34.0,39.5
Бижутерия,Значки,38.5,45.0,3.0,42.0,37.5,38.5
Спортивный товар,Кормушки рыболовные,37.5,45.0,3.0,37.0,32.5,37.5
Автозапчасти,Регуляторы прогрева,36.5,45.0,3.0,36.0,31.5,36.5
Отделочные материалы,Реставрационные материалы,38.5,45.0,3.0,34.0,29.5,38.5
Аксессуары для малышей,Антицарапки,44.5,45.0,3.0,44.0,39.5,44.5
Товары для животных,Контейнеры для корма,31.5,35.0,3.0,30.0,25.5,31.5
Все для садоводства,Веревки садовые,39.5,45.0,3.0,35.5,34.5,39.5
Хозяйственные товары,Насадки для швабр,39.5,45.0,3.0,43.0,38.5,39.5
Аксессуары,Очки для компьютера,44.5,45.0,3.0,48.0,43.5,44.5
Аксессуары для электроники,Насадки для машинок,35.5,35.0,3.0,33.0,28.5,35.5
Хозяйственные товары,Полотенца одноразовые,39.5,45.0,3.0,38.0,33.5,39.5
Отделочные материалы,Комплекты натяжного потолка,38.5,45.0,3.0,40.0,35.5,38.5
Продукты,Мясо охлажденное,4.5,4.5,3.0,26.0,21.5,4.5
Спортивный товар,Мячи спортивные,37.5,45.0,3.0,41.0,36.5,37.5
Мебель корпусная и мебель для хранения,Полки,36.5,45.0,3.0,40.0,35.5,36.5
Одежда,Килты банные,44.5,45.0,3.0,46.0,41.5,44.5
Канцелярские товары,Грифели,39.5,45.0,3.0,28.0,23.5,39.5
Красота,Косметические активы,42.5,45.0,3.0,41.0,36.5,42.5
Красота,Квасцовые камни,42.5,45.0,3.0,46.0,41.5,42.5
Сетевое оборудование,Коммутаторы,34.5,35.0,3.0,38.0,33.5,34.5
Канцелярские товары,Масленки для красок,39.5,45.0,3.0,31.0,26.5,39.5
Автозапчасти,Задние противотуманные фонари,36.5,45.0,3.0,36.0,31.5,36.5
Товары для взрослых,Наборы игрушек для взрослых,39.5,45.0,3.0,41.0,36.5,39.5
Строительные материалы,Клейкие ленты монтажные,38.5,45.0,3.0,42.0,37.5,38.5
Периферия и аксессуары,Рули игровые,34.5,35.0,3.0,33.0,28.5,34.5
Спортивная одежда,Трико атлетическое,44.5,45.0,3.0,44.0,39.5,44.5
Автозапчасти,Отбойники автомобильные,36.5,45.0,3.0,36.0,31.5,36.5
Автохимия и автокосметика,Очистители для салона,36.5,45.0,3.0,40.0,35.5,36.5
Аксессуары для электроники,Тачскрины для планшетов,44.5,45.0,3.0,37.0,32.5,44.5
Декор интерьера,Подсвечники,39.5,45.0,3.0,43.0,38.5,39.5
Товары для взрослых,Ароматизаторы эротик,39.5,45.0,3.0,43.0,38.5,39.5
Отделочные материалы,Стеклообои,38.5,45.0,3.0,42.0,37.5,38.5
Мототовары,Цилиндры для мототехники,36.5,45.0,3.0,40.0,35.5,36.5
Спортивная одежда,Спортивная одежда,44.5,45.0,3.0,48.0,43.5,44.5
Спортивный товар,Базы спортивные,37.5,45.0,3.0,40.5,36.0,37.5
Товары для малышей,Шторки для колясок и кресел,36.5,45.0,3.0,40.0,35.5,36.5
Климатическая техника,Тепловентиляторы,35.5,35.0,3.0,33.0,28.5,35.5
Автозапчасти,Шаровые опоры,36.5,45.0,3.0,40.0,35.5,36.5
Товары для животных,Диффузоры для животных,31.5,35.0,3.0,35.0,30.5,31.5
Профессиональные музыкальные инструменты,Металлофоны,38.5,45.0,3.0,42.0,37.5,38.5
Товары для взрослых,Возбуждающие препараты,39.5,45.0,3.0,39.0,34.5,39.5
Сантехника,Баки расширительные,37.5,45.0,3.0,32.0,27.5,37.5
Автозапчасти,Карбюраторы в сборе,36.5,45.0,3.0,40.0,35.5,36.5
Автозапчасти,Резонаторы автомобильные,36.5,45.0,3.0,40.0,35.5,36.5
Продукты,Пасты шоколадные,4.5,4.5,3.0,35.0,30.5,4.5
Игрушки,Игрушечные продукты,38.5,45.0,3.0,40.5,36.0,38.5
Садовая техника,Аксессуары для мотобуров,38.5,45.0,3.0,31.0,26.5,38.5
Красота,Косметические наборы для ухода,42.5,45.0,3.0,42.0,37.5,42.5
Автозапчасти,Рамы автомобильные,36.5,45.0,3.0,36.0,31.5,36.5
Строительные материалы,Канаты такелажные,38.5,45.0,3.0,41.0,36.5,38.5
Ветаптека,Антипаразитарные препараты,31.5,35.0,3.0,30.5,26.0,31.5
Транспортные средства,Контейнеры морские,0.5,0.5,0.5,0.5,0.5,0.5
Обувь,Тапочки,44.5,45.0,3.0,44.0,39.5,44.5
Товары для животных,УФ-стерилизаторы для аквариума,31.5,35.0,3.0,31.0,26.5,31.5
Спортивные аксессуары,Очки спортивные,39.5,45.0,3.0,39.0,34.5,39.5
Умный дом и безопасность,Блоки управления замком,34.5,35.0,3.0,38.0,33.5,34.5
Спортивный товар,Тормозные диски,37.5,45.0,3.0,41.0,36.5,37.5
Посуда и инвентарь,Подставки для зубочисток,39.5,45.0,3.0,39.0,34.5,39.5
Аксессуары для электроники,Кошельки аппаратные,42.5,45.0,3.0,37.0,32.5,42.5
Товары для отдыха и кемпинга,Чехлы для садовой мебели,38.5,45.0,3.0,38.0,33.5,38.5
Автозапчасти,Сцепления в сборе,36.5,45.0,3.0,40.0,35.5,36.5
Здоровье,Электроды медицинские,42.5,45.0,3.0,37.0,32.5,42.5
Здоровье,Очки глаукомные,42.5,45.0,3.0,38.5,34.0,42.5
Белье,Скотч для поддержания белья,44.5,45.0,3.0,41.0,36.5,44.5
Белье для малышей,Комплекты белья для малышей,44.5,45.0,3.0,44.0,39.5,44.5
Спортивный товар,Горелки спиртовые туристические,37.5,45.0,3.0,41.0,36.5,37.5
Садовая техника,Запчасти для садовой техники,38.5,45.0,3.0,42.0,37.5,38.5
Автоаксессуары и дополнительное оборудование,Лампы сигнальные,36.5,45.0,3.0,40.0,35.5,36.5
Аксессуары для обуви,Ластики для обуви,44.5,45.0,3.0,46.0,41.5,44.5
Аксессуары для обуви,Блески для обуви,44.5,45.0,3.0,39.0,34.5,44.5
Посуда и инвентарь,Посуда для микроволновой печи,39.5,45.0,3.0,39.0,34.5,39.5
Спортивный товар,Фитболы,37.5,45.0,3.0,40.0,35.5,37.5
Спортивный товар,Покрышки велосипедные,37.5,45.0,3.0,34.5,30.0,37.5
Садовые инструменты и полив,Вкладыши в бочку,39.5,45.0,3.0,43.0,38.5,39.5
Спецодежда и СИЗы,Сумки для респираторов,38.5,45.0,3.0,38.0,33.5,38.5
Аксессуары для электроники,Кейсы для портативных колонок,44.5,45.0,3.0,44.0,39.5,44.5
Техника для кухни,Панели для мультипекаря,34.5,35.0,3.0,38.0,33.5,34.5
Посуда и инвентарь,Крышки для емкостей,39.5,45.0,3.0,39.0,34.5,39.5
Сантехника,Фильтры обратного осмоса,37.5,45.0,3.0,41.0,36.5,37.5
Мототовары,Крышки двигателя мототехники,36.5,45.0,3.0,40.0,35.5,36.5
Бижутерия,Цепочки на тело,38.5,45.0,3.0,38.0,33.5,38.5
Техника для красоты и здоровья,Весы,35.5,35.0,3.0,33.0,28.5,35.5
Красота,Гигиенические помады,42.5,45.0,3.0,45.0,40.5,42.5
Товары для животных,Гели лечебные для животных,31.5,35.0,3.0,31.0,26.5,31.5
Продукты,Морепродукты сушеные,4.5,4.5,3.0,31.0,26.5,4.5
Ювелирные украшения,Ювелирные зажимы,43.0,45.0,3.0,43.0,42.0,43.0
Умный дом и безопасность,Умные дверные замки и комплектующие,35.5,35.0,3.0,39.0,34.5,35.5
Спортивные аксессуары,Счетчики судейские,39.5,45.0,3.0,39.0,34.5,39.5
Телевизоры и аудиотехника,Поп-фильтры,39.5,45.0,3.0,39.0,34.5,39.5
Товары для животных,Дезодоранты для животных,31.5,35.0,3.0,31.0,26.5,31.5
Спортивные аксессуары,Ногавки для лошадей,39.5,45.0,3.0,43.0,38.5,39.5
Спортивный товар,Блоки для йоги,37.5,45.0,3.0,35.0,30.5,37.5
Мебель малых форм,Столы детские,36.5,45.0,3.0,35.0,30.5,36.5
Продукты,Масло растительное,4.5,4.5,3.0,35.0,30.5,4.5
Товары для животных,Резинки для животных,31.5,35.0,3.0,26.0,21.5,31.5
Фото и Видеотехника,Передатчики видеосигнала,38.5,45.0,3.0,36.0,31.5,38.5
Автозапчасти,Подшипники ступицы,36.5,45.0,3.0,36.0,31.5,36.5
Мототовары,Запчасти для электротранспорта,40.5,45.0,3.0,40.0,35.5,40.5
Строительные материалы,Ондулин,38.5,45.0,3.0,38.0,33.5,38.5
Посуда и инвентарь,Блюдца,39.5,45.0,3.0,40.0,35.5,39.5
Товары для животных,Кондиционеры для животных,31.5,35.0,3.0,35.0,30.5,31.5
Продукты,Козинаки,4.5,4.5,3.0,35.0,30.5,4.5
Аксессуары для электроники,Кронштейны для планшетов,42.5,45.0,3.0,41.0,36.5,42.5
Посуда и инвентарь,Вилки десертные,39.5,45.0,3.0,39.0,34.5,39.5
Красота,Восковые полоски,42.5,45.0,3.0,42.0,37.5,42.5
Спортивный товар,Застежки рыболовные,37.5,45.0,3.0,32.0,27.5,37.5
Здоровье,Молотки неврологические,42.5,45.0,3.0,35.0,30.5,42.5
Автоаксессуары и дополнительное оборудование,Ящики навесные для грузовиков,36.5,45.0,3.0,36.0,31.5,36.5
Текстиль для дома,Фиксаторы для ковриков,39.5,45.0,3.0,33.0,28.5,39.5
Здоровье,Блокаторы вирусов,42.5,45.0,3.0,36.0,31.5,42.5
Спортивный товар,Дубинки рыболовные,37.5,45.0,3.0,41.0,36.5,37.5
Электроинструмент и оборудование,Электроинструмент и оборудование,41.5,45.0,3.0,45.0,40.5,41.5
Канцелярские товары,Ежедневники,39.5,45.0,3.0,43.0,38.5,39.5
Продукты,Сушки,4.5,4.5,3.0,30.0,25.5,4.5
Автозапчасти,Панели приборов,36.5,45.0,3.0,36.0,31.5,36.5
Хозяйственные товары,Тазы хозяйственные,39.5,45.0,3.0,39.0,34.5,39.5
Автоэлектроника,Колонки автомобильные,36.5,45.0,3.0,40.0,35.5,36.5
Продукты,Узвар,4.5,4.5,3.0,30.0,22.5,4.5
Отделочные материалы,Масло деревозащитное,38.5,45.0,3.0,42.0,37.5,38.5
Продукты,Шоколад фигурный,4.5,4.5,3.0,35.0,30.5,4.5
Товары для животных,Фильтры для лотков,31.5,35.0,3.0,35.0,30.5,31.5
Одежда,Тренчкоты,44.5,45.0,3.0,48.0,43.5,44.5
Телевизоры и аудиотехника,MP3 плееры,39.5,45.0,3.0,42.0,37.5,39.5
Электроинструмент и оборудование,Ножницы по металлу электрические,41.5,45.0,3.0,44.0,39.5,41.5
Ювелирные украшения,Ювелирные изделия прочие,43.0,45.0,3.0,43.0,42.0,43.0
Строительные материалы,Добавки для строительных смесей,38.5,45.0,3.0,38.0,33.5,38.5
Ручной инструмент и оснастка,Шприцы плунжерные,41.5,45.0,3.0,45.0,40.5,41.5
Рукоделие,Мел портновский,39.5,45.0,3.0,39.0,34.5,39.5
Спортивный товар,Виброгасители,37.5,45.0,3.0,41.0,36.5,37.5
Одежда для малышей,Рубашки для малышей,44.5,45.0,3.0,48.0,43.5,44.5
Автозапчасти,Прокладки клапанной крышки,36.5,45.0,3.0,40.0,35.5,36.5
Спортивный товар,Насадки рыболовные,37.5,45.0,3.0,37.0,32.5,37.5
Товары для взрослых,Ролевые костюмы эротик,39.5,45.0,3.0,43.0,38.5,39.5
Рукоделие,Проволоки для рукоделия,39.5,45.0,3.0,38.0,33.5,39.5
Спортивные аксессуары,Карточки судейские,39.5,45.0,3.0,34.0,29.5,39.5
Мототовары,Накладки на лыжи снегохода,36.5,45.0,3.0,36.0,31.5,36.5
Отделочные материалы,Комплектующие натяжного потолка,38.5,45.0,3.0,34.0,29.5,38.5
Автоаксессуары и дополнительное оборудование,Коврики автомобильные,36.5,45.0,3.0,36.0,31.5,36.5
Электрика,Кабели электрические,38.5,45.0,3.0,35.0,30.5,38.5
Красота,Кремы для бани,42.5,45.0,3.0,40.0,35.5,42.5
Мебель корпусная и мебель для хранения,Тумбы для прихожей,36.5,45.0,3.0,30.0,25.5,36.5
Для праздника,Наполнители для подарков,42.5,45.0,3.0,41.0,36.5,42.5
Садовые инструменты и полив,Контроллеры для насосов,39.5,45.0,3.0,39.0,34.5,39.5
Ручной инструмент и оснастка,Ключи TORX,41.5,45.0,3.0,45.0,40.5,41.5
Одежда,Болеро,44.5,45.0,3.0,48.0,43.5,44.5
Мебель для сна,Подушки ортопедические,36.5,45.0,3.0,40.0,35.5,36.5
Фото и Видеотехника,Реквизит для фотографа,38.5,45.0,3.0,35.0,30.5,38.5
Красота,Бандажи косметические,42.5,45.0,3.0,46.0,41.5,42.5
Здоровье,Маски ИВЛ,42.5,45.0,3.0,37.0,32.5,42.5
Все для садоводства,Пакеты для рассады,39.5,45.0,3.0,23.5,22.5,39.5
Аксессуары для электроники,Моноподы,44.5,45.0,3.0,37.0,32.5,44.5
Фото и Видеотехника,Фотобоксы,38.5,45.0,3.0,41.0,36.5,38.5
Здоровье,Салфетки медицинские,42.5,45.0,3.0,39.5,35.0,42.5
Мототовары,Мотоперчатки,36.5,45.0,3.0,40.0,35.5,36.5
Спортивный товар,Катушки рыболовные,37.5,45.0,3.0,41.0,36.5,37.5
Рукоделие,Бумага для рукоделия,39.5,45.0,3.0,39.0,34.5,39.5
Ручной инструмент и оснастка,Очки лазерные,41.5,45.0,3.0,45.0,40.5,41.5
Товары для животных,Лестницы для животных,31.5,35.0,3.0,35.0,30.5,31.5
Алкогольная продукция,Водка,4.5,4.5,3.0,9.5,9.5,4.5
Сантехника,Подводка для воды,37.5,45.0,3.0,37.0,32.5,37.5
Игрушки,Аксессуары для настольных игр,38.5,45.0,3.0,41.0,36.5,38.5
Отделочные материалы,Ремкомплекты для москитных сеток,38.5,45.0,3.0,31.0,26.5,38.5
Садовая техника,Мотобуры,29.5,35.0,3.0,33.0,28.5,29.5
Спортивный товар,Привязи страховочные,37.5,45.0,3.0,41.0,36.5,37.5
Электрика,Электросчетчики,42.5,45.0,3.0,39.0,34.5,42.5
Здоровье,Маски медицинские,42.5,45.0,3.0,29.0,24.5,42.5
Товары для животных,Зубные щетки для животных,31.5,35.0,3.0,35.0,30.5,31.5
Садовые инструменты и полив,Сумки для сбора урожая,39.5,45.0,3.0,40.0,35.5,39.5
Автозапчасти,Приводы стеклоочистителя,36.5,45.0,3.0,40.0,35.5,36.5
Ветаптека,Противомаститные препараты для животных,31.5,35.0,3.0,24.0,19.5,31.5
Автоэлектроника,Мотоакустика,36.5,45.0,3.0,36.0,31.5,36.5
Аксессуары для электроники,Браслеты безопасности,42.5,45.0,3.0,41.0,36.5,42.5
Автозапчасти,Поддоны для масел,36.5,45.0,3.0,36.0,31.5,36.5
Товары для взрослых,Секс кресла,39.5,45.0,3.0,39.0,34.5,39.5
Бытовая техника,Стиральные машины ультразвуковые,35.5,35.0,3.0,33.0,28.5,35.5
Продукты,Слойки,4.5,4.5,3.0,35.0,26.5,4.5
Посуда и инвентарь,Киперы для бутылок,39.5,45.0,3.0,43.0,38.5,39.5
Товары для животных,Термометры для животных,31.5,35.0,3.0,35.0,30.5,31.5
Автозапчасти,Прокладки маслоохладителя,36.5,45.0,3.0,40.0,35.5,36.5
Товары для отдыха и кемпинга,Септики,3.0,3.0,3.0,17.5,16.5,3.0
Мебель офисная и торговое оборудование,Стеллажи офисные,36.5,45.0,3.0,36.0,31.5,36.5
Автозапчасти,Шпиндели автомобильные,36.5,45.0,3.0,31.0,26.5,36.5
Здоровье,Горчичники,42.5,45.0,3.0,37.0,32.5,42.5
Белье,Плавки,44.5,45.0,3.0,44.0,39.5,44.5
Спортивный товар,Тормоза механические дисковые,37.5,45.0,3.0,37.0,32.5,37.5
Товары для малышей,Поильники,36.5,45.0,3.0,40.0,35.5,36.5
Фото и Видеотехника,Фильтры для камер,38.5,45.0,3.0,36.0,31.5,38.5
Красота,Обезжириватели для ногтей,42.5,45.0,3.0,43.0,38.5,42.5
Техника для кухни,Аппараты для сахарной ваты,34.5,35.0,3.0,34.0,29.5,34.5
Спортивный товар,Колышки для палаток,37.5,45.0,3.0,37.0,32.5,37.5
Посуда и инвентарь,Сувенирные ложки,39.5,45.0,3.0,39.0,34.5,39.5
Товары для животных,Трусы для животных,31.5,35.0,3.0,35.0,30.5,31.5
Ручной инструмент и оснастка,Гигрометры,41.5,45.0,3.0,42.0,37.5,41.5
Спортивные аксессуары,Крепления для лыжероллеров,39.5,45.0,3.0,41.0,36.5,39.5
Хозяйственные товары,Губки для посуды,39.5,45.0,3.0,33.0,28.5,39.5
Хозяйственные товары,Губки меламиновые,39.5,45.0,3.0,33.0,28.5,39.5
Спецодежда и СИЗы,Рубашки медицинские,44.5,45.0,3.0,48.0,43.5,44.5
Спортивная обувь,Чешки,44.5,45.0,3.0,48.0,43.5,44.5
Рукоделие,Машинки для плетения шнуров,39.5,45.0,3.0,43.0,38.5,39.5
Все для садоводства,Адресные таблички,39.5,45.0,3.0,39.5,38.5,39.5
Профессиональные музыкальные инструменты,Гитарные процессоры,38.5,45.0,3.0,42.0,37.5,38.5
Спортивный товар,Стрелы арбалетные,37.5,45.0,3.0,41.0,36.5,37.5
Отделочные материалы,Керамогранит,38.5,45.0,3.0,33.5,29.0,38.5
Спортивное питание и косметика,Изотоники,35.5,45.0,3.0,37.0,32.5,35.5
Автоэлектроника,Навигаторы,36.5,45.0,3.0,35.0,30.5,36.5
Здоровье,Ингаляторы,35.5,45.0,3.0,39.0,34.5,35.5
Спортивный товар,Стеллажи туристические,37.5,45.0,3.0,41.0,36.5,37.5
Ручной инструмент и оснастка,Расходники для паяльников,41.5,45.0,3.0,45.0,40.5,41.5
Красота,Средства для ламинирования ресниц и бровей,42.5,45.0,3.0,42.0,37.5,42.5
Игрушки,Каталки,38.5,45.0,3.0,32.0,27.5,38.5
Посуда и инвентарь,Пекарский камень,39.5,45.0,3.0,43.0,38.5,39.5
Аксессуары для электроники,Аксессуары для стилусов,44.5,45.0,3.0,48.0,43.5,44.5
Спецодежда и СИЗы,Противогазы,38.5,45.0,3.0,38.0,33.5,38.5
Профессиональные музыкальные инструменты,Кларнеты,38.5,45.0,3.0,38.0,33.5,38.5
Мебель мягкая,Кресла-трансформеры,36.5,45.0,3.0,34.0,29.5,36.5
Спортивный товар,Дартс,37.5,45.0,3.0,41.0,36.5,37.5
Продукты,Творог,4.5,4.5,3.0,25.0,20.5,4.5
Автозапчасти,Комплекты ГБО,36.5,45.0,3.0,35.0,30.5,36.5
Бытовая химия,Пасты для уборки,39.5,45.0,3.0,43.0,38.5,39.5
Ручной инструмент и оснастка,Ножи пистолетные,41.5,45.0,3.0,43.0,38.5,41.5
Автоэлектроника,FM-трансмиттеры,36.5,45.0,3.0,40.0,35.5,36.5
Автоаксессуары и дополнительное оборудование,Съемники автомобильные,36.5,45.0,3.0,36.0,31.5,36.5
Здоровье,Электрокардиографы портативные,35.5,45.0,3.0,39.0,34.5,35.5
Белье,Бандалетки,44.5,45.0,3.0,48.0,43.5,44.5
Здоровье,Спреи назальные,42.5,45.0,3.0,36.0,31.5,42.5
Мототовары,Карбюраторы для мототехники,36.5,45.0,3.0,40.0,35.5,36.5
Строительные материалы,Саморезы для ГВЛ,38.5,45.0,3.0,38.0,33.5,38.5
Спортивные аксессуары,Шлемы спортивные,39.5,45.0,3.0,39.0,34.5,39.5
Товары для животных,Носки для животных,31.5,35.0,3.0,35.0,30.5,31.5
Спортивные аксессуары,Боксы для плавательных масок,39.5,45.0,3.0,42.5,34.0,39.5
Рукоделие,Бусины,39.5,45.0,3.0,43.0,38.5,39.5
Здоровье,Компрессионные бриджи,42.5,45.0,3.0,42.0,37.5,42.5
Мототовары,Стартеры ручные,36.5,45.0,3.0,40.0,35.5,36.5
Алкогольная продукция,Мескаль,4.5,4.5,3.0,4.5,4.5,4.5
Цифровые товары,Электронные сертификаты,5.0,5.0,5.0,5.0,5.0,5.0
Спортивный товар,Капы,37.5,45.0,3.0,37.0,32.5,37.5
Аксессуары,Замки багажные,44.5,45.0,3.0,38.0,33.5,44.5
Спортивный товар,Велодекор,37.5,45.0,3.0,32.0,27.5,37.5
Спецодежда и СИЗы,Комбинезоны одноразовые,38.5,45.0,3.0,42.0,37.5,38.5
Строительные материалы,Серпянка,38.5,45.0,3.0,29.0,24.5,38.5
Автозапчасти,Помпы автомобильные,36.5,45.0,3.0,40.0,35.5,36.5
Автоаксессуары и дополнительное оборудование,Оборудование для автомойки,36.5,45.0,3.0,36.0,31.5,36.5
Для праздника,Банты для подарков,42.5,45.0,3.0,39.0,34.5,42.5
Продукты,Варенец,4.5,4.5,3.0,25.0,20.5,4.5
Спортивный товар,Запчасти для батутов,37.5,45.0,3.0,37.0,32.5,37.5
Садовые инструменты и полив,Насосы погружные,29.5,35.0,3.0,33.0,28.5,29.5
Автоаксессуары и дополнительное оборудование,Щитки номерных знаков,36.5,45.0,3.0,40.0,35.5,36.5
Автохимия и автокосметика,Раскоксовка,36.5,45.0,3.0,36.0,31.5,36.5
Продукты,Холодные чаи,4.5,4.5,3.0,30.0,25.5,4.5
Товары для отдыха и кемпинга,Стойки для баллонов,38.5,45.0,3.0,33.0,28.5,38.5
Спортивные аксессуары,Мартингалы конные,39.5,45.0,3.0,39.0,34.5,39.5
Сантехника,Переносные души-биде,37.5,45.0,3.0,41.0,36.5,37.5
Посуда и инвентарь,Соковарки для плиты,39.5,45.0,3.0,34.0,29.5,39.5
Аксессуары для электроники,Будильники электронные,42.5,45.0,3.0,35.0,30.5,42.5
Спортивная одежда,Гидромайки,44.5,45.0,3.0,48.0,43.5,44.5
Отделочные материалы,Покрытия резиновые,38.5,45.0,3.0,32.0,27.5,38.5
Электрика,Радиодетали,42.5,45.0,3.0,38.0,33.5,42.5
Здоровье,Насосы инфузионные,35.5,45.0,3.0,39.0,34.5,35.5
Религия и эзотерика,Сосуды для святой воды,19.5,25.0,3.0,28.0,24.5,19.5
Декор интерьера,Звонки настольные,39.5,45.0,3.0,34.0,29.5,39.5
Здоровье,Дарсонваль,35.5,45.0,3.0,39.0,34.5,35.5
Посуда и инвентарь,Казаны,39.5,45.0,3.0,39.0,34.5,39.5
Спортивные аксессуары,Связки для лыж,39.5,45.0,3.0,33.0,28.5,39.5
Одежда для малышей,Пончо для малышей,44.5,45.0,3.0,44.0,39.5,44.5
Спецодежда и СИЗы,Жилеты светоотражающие,44.5,45.0,3.0,44.0,39.5,44.5
Товары для животных,Клапаны для аквариумных компрессоров,31.5,35.0,3.0,30.0,25.5,31.5
Продукты,Напитки растительные,4.5,4.5,3.0,35.0,30.5,4.5
Красота,Ножи для удаления кутикулы,42.5,45.0,3.0,31.0,26.5,42.5
Продукты,Дрожжи,4.5,4.5,3.0,35.0,30.5,4.5
Спортивный товар,Лотки сменные для лыж,37.5,45.0,3.0,37.0,32.5,37.5
Садовая техника,Шланги для моек высокого давления,38.5,45.0,3.0,42.0,37.5,38.5
Электрика,Лампочки,38.5,45.0,3.0,35.0,30.5,38.5
Продукты,Крупа пшеничная,4.5,4.5,3.0,24.0,19.5,4.5
Товары для малышей,Матрасы в кроватку для новорожденных,36.5,45.0,3.0,35.0,30.5,36.5
Религия и эзотерика,Наборы для помазания,19.5,25.0,3.0,33.0,29.5,19.5
Товары для взрослых,Сумки для секс машины,39.5,45.0,3.0,34.0,29.5,39.5
Отделочные материалы,Плинтусы для пола,38.5,45.0,3.0,42.0,37.5,38.5
Спецодежда и СИЗы,Ленты оградительные,38.5,45.0,3.0,38.0,33.5,38.5
Спортивные аксессуары,Кисточки для копыт,39.5,45.0,3.0,34.0,29.5,39.5
Продукты,Айран,4.5,4.5,3.0,25.0,20.5,4.5
Текстиль для дома,Одеяла,39.5,45.0,3.0,36.0,31.5,39.5
Здоровье,Капы стоматологические,42.5,45.0,3.0,41.0,36.5,42.5
Спортивные аксессуары,Ушки для лошадей,39.5,45.0,3.0,38.0,33.5,39.5
Сантехника,Сантехника,37.5,45.0,3.0,41.0,36.5,37.5
Автоаксессуары и дополнительное оборудование,Насадки для накачки шин,36.5,45.0,3.0,35.0,30.5,36.5
Спортивные аксессуары,Крепления для велокомпьютеров,39.5,45.0,3.0,43.0,38.5,39.5
Товары для курения,Подставки для сигар,38.5,45.0,3.0,33.0,28.5,38.5
Товары для отдыха и кемпинга,Матрасы для садовых качелей,38.5,45.0,3.0,38.0,33.5,38.5
Здоровье,Корсеты ортопедические,42.5,45.0,3.0,43.0,38.5,42.5
Продукты,Консервы рыбные,4.5,4.5,3.0,35.0,30.5,4.5
Красота,Клей для ногтей,42.5,45.0,3.0,37.0,32.5,42.5
Товары для животных,Грунты для аквариумов и террариумов,31.5,35.0,3.0,31.0,26.5,31.5
Продукты,Багеты,4.5,4.5,3.0,30.0,21.5,4.5
Автозапчасти,Детали бензобака,36.5,45.0,3.0,40.0,35.5,36.5
Красота,Грилзы,42.5,45.0,3.0,45.0,40.5,42.5
Профессиональные музыкальные инструменты,Чехлы для музыкальных инструментов,38.5,45.0,3.0,37.0,32.5,38.5
Бытовая техника,Пылесосы,35.5,35.0,3.0,35.0,30.5,35.5
Посуда и инвентарь,Палочки для еды,39.5,45.0,3.0,43.0,38.5,39.5
Товары для взрослых,Лубриканты,39.5,45.0,3.0,43.0,38.5,39.5
Спортивный товар,Прикормочные кораблики,37.5,45.0,3.0,41.0,36.5,37.5
Спортивный товар,Палатки,37.5,45.0,3.0,41.0,36.5,37.5
Автохимия и автокосметика,Очистители кондиционеров,36.5,45.0,3.0,36.0,31.5,36.5
Умный дом и безопасность,Блоки питания для систем безопасности,34.5,35.0,3.0,32.0,27.5,34.5
Игрушки,Одежда для кукол,38.5,45.0,3.0,42.0,37.5,38.5
Электрика,Переключатели,38.5,45.0,3.0,35.0,30.5,38.5
Красота,Накладные ресницы,42.5,45.0,3.0,46.0,41.5,42.5
Спортивный товар,Накладки спортивные,37.5,45.0,3.0,41.0,36.5,37.5
Автозапчасти,Прокладки выхлопной трубы,36.5,45.0,3.0,40.0,35.5,36.5
Рукоделие,Красители для рукоделия,39.5,45.0,3.0,39.0,34.5,39.5
Декор интерьера,Копилки,39.5,45.0,3.0,43.0,38.5,39.5
Спортивный товар,Джиг-головки рыболовные,37.5,45.0,3.0,41.0,36.5,37.5
Автозапчасти,Направляющие суппорта,36.5,45.0,3.0,40.0,35.5,36.5
Спортивный товар,Бинокли,37.5,45.0,3.0,41.0,36.5,37.5
Товары для малышей,Наборы мебели для детей,36.5,45.0,3.0,36.0,31.5,36.5
Товары для взрослых,Анальные шарики,39.5,45.0,3.0,43.0,38.5,39.5
Товары для взрослых,Зажимы для сосков,39.5,45.0,3.0,43.0,38.5,39.5
Ручной инструмент и оснастка,Ломы,41.5,45.0,3.0,45.0,40.5,41.5
Техника для кухни,Мясорубки электрические,34.5,35.0,3.0,38.0,33.5,34.5
Бытовая техника,Стеклоочистители электрические,35.5,35.0,3.0,39.0,34.5,35.5
Спортивный товар,Слэмболы,37.5,45.0,3.0,40.5,36.0,37.5
Мебель офисная и торговое оборудование,Кронштейны для полок,36.5,45.0,3.0,40.0,35.5,36.5
Одежда,Шорты,44.5,45.0,3.0,48.0,43.5,44.5
Посуда и инвентарь,Прессы для мяса,39.5,45.0,3.0,39.0,34.5,39.5
Автозапчасти,Ступицы,36.5,45.0,3.0,40.0,35.5,36.5
Аксессуары для электроники,Док-станции,44.5,45.0,3.0,37.0,32.5,44.5
Красота,Жидкости для снятия нарощенных волос,42.5,45.0,3.0,46.0,41.5,42.5
Здоровье,Мочеприемники,42.5,45.0,3.0,46.0,41.5,42.5
Одежда,Водолазки,44.5,45.0,3.0,48.0,43.5,44.5
Товары для малышей,Радионяни,36.5,45.0,3.0,40.0,35.5,36.5
Канцелярские товары,Масла художественные,39.5,45.0,3.0,33.0,28.5,39.5
Сертификаты Wildberries,Сертификаты Wildberries,22.5,27.5,3.0,23.5,23.5,22.5
Техника для красоты и здоровья,Щипцы для укладки,35.5,35.0,3.0,33.0,28.5,35.5
Спортивные аксессуары,Чехлы спортивные,39.5,45.0,3.0,43.0,38.5,39.5
Аксессуары для электроники,Комплектующие для мыши,44.5,45.0,3.0,44.0,39.5,44.5
Все для садоводства,Кронштейны для уличных светильников,39.5,45.0,3.0,35.5,34.5,39.5
Товары для малышей,Подножки для колясок,36.5,45.0,3.0,40.0,35.5,36.5
Сантехника,Теплообменники,37.5,45.0,3.0,41.0,36.5,37.5
Спортивная обувь,Ботинки для лыжероллеров,44.5,45.0,3.0,38.0,33.5,44.5
Аксессуары,Шнурки для очков,44.5,45.0,3.0,39.0,34.5,44.5
Спецодежда и СИЗы,Жилеты медицинские,44.5,45.0,3.0,44.0,39.5,44.5
Аксессуары для электроники,Компакт-кассеты,42.5,45.0,3.0,41.0,36.5,42.5
Мототовары,Шланги тормозные для мототехники,36.5,45.0,3.0,40.0,35.5,36.5
Техника для красоты и здоровья,Бритвы электрические,35.5,35.0,3.0,33.0,28.5,35.5
Здоровье,Компрессионные боди,42.5,45.0,3.0,35.0,30.5,42.5
Техника для кухни,Кофеварки,34.5,35.0,3.0,38.0,33.5,34.5
Красота,Бритвы опасные,42.5,45.0,3.0,42.0,37.5,42.5
Товары для животных,Пульты для дрессировки,31.5,35.0,3.0,31.0,26.5,31.5
Садовые инструменты и полив,Шланги всасывающие для насосов,39.5,45.0,3.0,40.0,35.5,39.5
Продукты,Гедза,4.5,4.5,3.0,26.0,21.5,4.5
Автохимия и автокосметика,Очистители фар,36.5,45.0,3.0,40.0,35.5,36.5
Мототовары,Смазки для мотоциклов,36.5,45.0,3.0,36.0,31.5,36.5
Тест родитель 09.09,Тест предмет 09.09,44.5,45.0,15.0,48.0,43.5,44.5
Аксессуары для обуви,Гелевые подушечки,44.5,45.0,3.0,42.0,37.5,44.5
Садовые инструменты и полив,Рыхлители механические,39.5,45.0,3.0,39.0,34.5,39.5
Для праздника,Украшения для посуды,42.5,45.0,3.0,42.0,37.5,42.5
Ручной инструмент и оснастка,Аэрографы,41.5,45.0,3.0,45.0,40.5,41.5
Автозапчасти,Втулки автомобильные,36.5,45.0,3.0,40.0,35.5,36.5
Спортивные аксессуары,Чехлы для удочек,39.5,45.0,3.0,39.0,34.5,39.5
Здоровье,Матрасы противопролежневые,42.5,45.0,3.0,35.0,30.5,42.5
Все для садоводства,Сетки садовые,39.5,45.0,3.0,29.5,28.5,39.5
Строительные материалы,Крюки крепежные,38.5,45.0,3.0,38.0,33.5,38.5
Электрика,Ферриты,38.5,45.0,3.0,35.0,30.5,38.5
Красота,Фартуки парикмахерские,42.5,45.0,3.0,42.0,37.5,42.5
Здоровье,Бандажи послеоперационные,42.5,45.0,3.0,39.0,34.5,42.5
Садовые инструменты и полив,Катушки и тележки для садовых шлангов,39.5,45.0,3.0,37.0,32.5,39.5
Аксессуары,Солнцезащитные очки,44.5,45.0,3.0,48.0,43.5,44.5
Ручной инструмент и оснастка,Губки для нанесения масла,41.5,45.0,3.0,41.0,36.5,41.5
Автозапчасти,Рычаги стеклоочистителя,36.5,45.0,3.0,40.0,35.5,36.5
Религия и эзотерика,Вазы на кладбище,24.5,29.5,5.0,38.0,34.5,24.5
Ручной инструмент и оснастка,Стержни клеевые,41.5,45.0,3.0,41.0,36.5,41.5
Спортивный товар,Канторезы,37.5,45.0,3.0,37.0,32.5,37.5
Товары для малышей,Держатели для бутылочек,36.5,45.0,3.0,36.0,31.5,36.5
Спортивный товар,Крепления для лодок ПВХ,37.5,45.0,3.0,37.0,32.5,37.5
Все для садоводства,Держатели для балконных ящиков,39.5,45.0,3.0,35.5,34.5,39.5
Канцелярские товары,Кисти художественные,39.5,45.0,3.0,34.0,29.5,39.5
Автозапчасти,Автозапчасти,36.5,45.0,3.0,40.0,35.5,36.5
Здоровье,Компрессионные гетры,42.5,45.0,3.0,45.0,40.5,42.5
Профессиональные музыкальные инструменты,Укулеле,38.5,45.0,3.0,33.0,28.5,38.5
Спортивная обувь,Штангетки,44.5,45.0,3.0,45.0,40.5,44.5
Посуда и инвентарь,Аэраторы для вин,39.5,45.0,3.0,41.0,36.5,39.5
Здоровье,Маски антихрап,42.5,45.0,3.0,40.0,35.5,42.5
Автоаксессуары и дополнительное оборудование,Обогрев сидений,36.5,45.0,3.0,36.0,31.5,36.5
Красота,Мыло косметическое,42.5,45.0,3.0,44.0,39.5,42.5
Аксессуары для обуви,Гелевые полоски,44.5,45.0,3.0,42.0,37.5,44.5
Товары для отдыха и кемпинга,Тенты для бассейнов,38.5,45.0,3.0,38.0,33.5,38.5
Белье для малышей,Боди для малышей,44.5,45.0,3.0,48.0,43.5,44.5
Товары для животных,Кормушки бункерные,31.5,35.0,3.0,31.0,26.5,31.5
Красота,Пробники парфюмерные,42.5,45.0,3.0,46.0,41.5,42.5
Обувь,Ботфорты,44.5,45.0,3.0,38.0,33.5,44.5
Ручной инструмент и оснастка,Бокорезы,41.5,45.0,3.0,45.0,40.5,41.5
Строительные материалы,Гипсокартон и листовые материалы,38.5,45.0,3.0,28.0,23.5,38.5
Автозапчасти,Датчики уровня воды,36.5,45.0,3.0,36.0,31.5,36.5
Посуда и инвентарь,Френч-прессы,39.5,45.0,3.0,43.0,38.5,39.5
Все для садоводства,Кашпо,39.5,45.0,3.0,29.5,28.5,39.5
Детское питание,Морсы детские,4.5,4.5,3.0,33.0,28.5,4.5
Товары для малышей,Щетки для мытья бутылочек,36.5,45.0,3.0,36.0,31.5,36.5
Здоровье,Другие ортодонтические инструменты,42.5,45.0,3.0,41.0,36.5,42.5
Спортивный товар,Велоаптечки,37.5,45.0,3.0,41.0,36.5,37.5
Красота,Воски для ногтей,42.5,45.0,3.0,33.0,28.5,42.5
Товары для животных,Фоны для аквариума,31.5,35.0,3.0,31.0,26.5,31.5
Книжная продукция и диски,Букинистические книги,39.5,45.0,3.0,39.0,34.5,39.5
Аксессуары для электроники,Защита проводов,34.5,35.0,3.0,33.0,28.5,34.5
Продукты,Желе,4.5,4.5,3.0,35.0,30.5,4.5
Одежда для малышей,Леггинсы для малышей,44.5,45.0,3.0,48.0,43.5,44.5
Спортивный товар,Амортизаторы задние,37.5,45.0,3.0,37.0,32.5,37.5
Канцелярские товары,Скрепки,39.5,45.0,3.0,28.0,23.5,39.5
Телевизоры и аудиотехника,Проекторы лазерные,31.5,35.0,3.0,29.0,24.5,31.5
Ручной инструмент и оснастка,Шубки для валиков,41.5,45.0,3.0,40.0,35.5,41.5
Все для садоводства,Узоры декоративные,39.5,45.0,3.0,39.5,38.5,39.5
Посуда и инвентарь,Гастроемкости,39.5,45.0,3.0,43.0,38.5,39.5
Продукты,Кумыс,4.5,4.5,3.0,25.0,20.5,4.5
Товары для животных,Бильные пальцы,31.5,35.0,3.0,35.0,30.5,31.5
Товары для животных,Перосъемные машины,31.5,35.0,3.0,35.0,30.5,31.5
Ручной инструмент и оснастка,Молотки,41.5,45.0,3.0,44.0,39.5,41.5
Текстиль для дома,Коврики для туалета,39.5,45.0,3.0,39.0,34.5,39.5
Ручной инструмент и оснастка,Дозиметры,41.5,45.0,3.0,41.0,36.5,41.5
Алкогольная продукция,Кальвадос,4.5,4.5,3.0,4.5,4.5,4.5
Бижутерия,Браслеты,38.5,45.0,3.0,42.0,37.5,38.5
Автоаксессуары и дополнительное оборудование,Транспондеры,36.5,45.0,3.0,36.0,31.5,36.5
Посуда и инвентарь,Вкладыши для посуды,39.5,45.0,3.0,39.0,34.5,39.5
Товары для животных,Приспособления для мытья животных,31.5,35.0,3.0,35.0,30.5,31.5
Здоровье,Изделия одноразового применения,42.5,45.0,3.0,37.0,32.5,42.5
Красота,Ножницы маникюрные,42.5,45.0,3.0,46.0,41.5,42.5
Товары для малышей,Стульчики для кормления,36.5,45.0,3.0,34.0,29.5,36.5
Автозапчасти,Крыши складные,36.5,45.0,3.0,35.0,30.5,36.5
Мототовары,Стекла ветровые для мототехники,36.5,45.0,3.0,39.0,34.5,36.5
Автоаксессуары и дополнительное оборудование,Чехлы для водной техники,36.5,45.0,3.0,36.0,31.5,36.5
Электроинструмент и оборудование,Зарядные устройства для электроинструмента,41.5,45.0,3.0,45.0,40.5,41.5
Техника для красоты и здоровья,Сетки для бритв,35.5,35.0,3.0,33.0,28.5,35.5
Игрушки,Лопатки игрушечные,38.5,45.0,3.0,32.0,27.5,38.5
Продукты,Кукурузные палочки,4.5,4.5,3.0,29.0,24.5,4.5
Автозапчасти,Тросы подсоса,36.5,45.0,3.0,36.0,31.5,36.5
Спортивные аксессуары,Ремешки для удилищ,39.5,45.0,3.0,39.0,34.5,39.5
Транспортные средства,Мопеды,0.5,0.5,0.5,0.5,0.5,0.5
Оргтехника,Картриджи для принтеров,34.5,35.0,3.0,38.0,33.5,34.5
Канцелярские товары,Скобы для степлера,39.5,45.0,3.0,28.0,23.5,39.5
Телевизоры и аудиотехника,Телевизоры и аудиотехника,39.5,45.0,3.0,43.0,38.5,39.5
Автозапчасти,Шестерни привода масляных насосов,36.5,45.0,3.0,36.0,31.5,36.5
Автозапчасти,Топливозаправочные системы,36.5,45.0,3.0,36.0,31.5,36.5
Спортивная одежда,Полукомбинезоны спортивные,44.5,45.0,3.0,43.0,38.5,44.5
Телевизоры и аудиотехника,Домашние кинотеатры,39.5,45.0,3.0,38.0,33.5,39.5
Спортивный товар,Сетки для мячей,37.5,45.0,3.0,41.0,36.5,37.5
Автоаксессуары и дополнительное оборудование,Чехлы для акпп,36.5,45.0,3.0,36.0,31.5,36.5
Товары для взрослых,Насадки для вибраторов,39.5,45.0,3.0,39.0,34.5,39.5
Товары для животных,Пеленки для животных,31.5,35.0,3.0,30.0,25.5,31.5
Посуда и инвентарь,Мешки для замешивания теста,39.5,45.0,3.0,43.0,38.5,39.5
Сантехника,Анемостаты,37.5,45.0,3.0,37.0,32.5,37.5
Мототовары,Тележки для гидроциклов,36.5,45.0,3.0,30.5,26.0,36.5
Красота,Гели,42.5,45.0,3.0,44.0,39.5,42.5
Рукоделие,Наборы для шитья,39.5,45.0,3.0,39.0,34.5,39.5
Товары для малышей,Накладки на соски для кормления,36.5,45.0,3.0,40.0,35.5,36.5
Климатическая техника,Осушители воздуха,35.5,35.0,3.0,33.0,28.5,35.5
Товары для животных,Пасты для животных,31.5,35.0,3.0,35.0,30.5,31.5
Спортивный товар,Спинки для санок,37.5,45.0,3.0,32.0,27.5,37.5
Товары для малышей,Ковши детские,36.5,45.0,3.0,36.0,31.5,36.5
Ручной инструмент и оснастка,Щупы магнитные,41.5,45.0,3.0,40.0,35.5,41.5
Продукты,Сбитень,4.5,4.5,3.0,28.0,23.5,4.5
Техника для кухни,Кухонные комбайны,34.5,35.0,3.0,34.0,29.5,34.5
Товары для отдыха и кемпинга,Аксессуары для банных печей,38.5,45.0,3.0,34.0,29.5,38.5
Продукты,Грибы свежие,4.5,4.5,3.0,30.0,25.5,4.5
Садовые инструменты и полив,Ножницы садовые,39.5,45.0,3.0,43.0,38.5,39.5
Товары для взрослых,Благовония эротик,39.5,45.0,3.0,33.0,28.5,39.5
Красота,Косметика для ванн,42.5,45.0,3.0,46.0,41.5,42.5
Аксессуары для электроники,Подставки для электроники,44.5,45.0,3.0,37.0,32.5,44.5
Спортивный товар,Тиски спортивные,37.5,45.0,3.0,37.0,32.5,37.5
Сантехника,Заглушки вентиляционные,37.5,45.0,3.0,37.0,32.5,37.5
Аксессуары для электроники,Гели для защитных стекол,44.5,45.0,3.0,33.0,28.5,44.5
Сантехника,Фланцы вентиляционные,37.5,45.0,3.0,37.0,32.5,37.5
Мототовары,Экипировка для снегохода,36.5,45.0,3.0,31.0,26.5,36.5
Спортивное питание и косметика,Предтренировочные комплексы,35.5,45.0,3.0,38.0,33.5,35.5
Хранение вещей,Чехлы для одежды,36.5,45.0,3.0,40.0,35.5,36.5
Детское питание,Вода детская,4.5,4.5,3.0,24.0,19.5,4.5
Сантехника,Запчасти для газовой колонки,37.5,45.0,3.0,41.0,36.5,37.5
Строительные материалы,Уплотнители межвенцовые,38.5,45.0,3.0,32.0,27.5,38.5
Мебель офисная и торговое оборудование,Прочая мебельная фурнитура,36.5,45.0,3.0,36.0,31.5,36.5
Посуда и инвентарь,Органайзеры на мойку,39.5,45.0,3.0,41.0,36.5,39.5
Продукты,Джемы,4.5,4.5,3.0,30.0,25.5,4.5
Посуда и инвентарь,Палочки для леденцов,39.5,45.0,3.0,34.0,29.5,39.5
Спортивный товар,Наконечники для палок,37.5,45.0,3.0,37.0,32.5,37.5
Товары для животных,Спреи лечебные для животных,31.5,35.0,3.0,31.0,26.5,31.5
Периферия и аксессуары,Комплекты клавиатур и мышей,34.5,35.0,3.0,32.0,27.5,34.5
Здоровье,Детские гели для десен,42.5,45.0,3.0,39.0,34.5,42.5
Канцелярские товары,Уголь художественный,39.5,45.0,3.0,38.0,33.5,39.5
Спортивная одежда,Свитшоты спортивные,44.5,45.0,3.0,48.0,43.5,44.5
Спортивный товар,Направляющие под каретку,37.5,45.0,3.0,32.0,27.5,37.5
Товары для животных,Шлемы для птиц,31.5,35.0,3.0,35.0,30.5,31.5
Аксессуары,Оправа,44.5,45.0,3.0,48.0,43.5,44.5
Продукты,Сахарозаменители,4.5,4.5,3.0,34.0,29.5,4.5
Спортивные аксессуары,Корпуса для гироскутеров,39.5,45.0,3.0,33.0,28.5,39.5
Товары для малышей,Матрасы для переносок,36.5,45.0,3.0,40.0,35.5,36.5
Посуда и инвентарь,Сетки пищевые,39.5,45.0,3.0,39.0,34.5,39.5
Фото и Видеотехника,Термобумага для фотоаппаратов,38.5,45.0,3.0,41.0,36.5,38.5
Спортивный товар,Барьеры спортивные,37.5,45.0,3.0,34.0,29.5,37.5
Красота,Вакуумные банки,42.5,45.0,3.0,42.0,37.5,42.5
Товары для взрослых,Портупеи эротик,39.5,45.0,3.0,43.0,38.5,39.5
Спортивный товар,Удилища,37.5,45.0,3.0,41.0,36.5,37.5
Продукты,Орехи,4.5,4.5,3.0,35.0,30.5,4.5
Спортивные аксессуары,Полы для палаток,39.5,45.0,3.0,43.0,38.5,39.5
Одежда для малышей,Косухи для малышей,44.5,45.0,3.0,44.0,39.5,44.5
Текстиль для дома,Гамаки для ног,39.5,45.0,3.0,43.0,38.5,39.5
Спортивная одежда,Термокомплекты спортивные,44.5,45.0,3.0,46.0,41.5,44.5
Игрушки,Игрушки интерактивные,38.5,45.0,3.0,42.0,37.5,38.5
Автоаксессуары и дополнительное оборудование,Накладки для проема стеклоочистителей,36.5,45.0,3.0,35.0,30.5,36.5
Красота,Прокладки от пота,42.5,45.0,3.0,42.0,37.5,42.5
Спортивный товар,Кардиодатчики,37.5,45.0,3.0,41.0,36.5,37.5
Красота,Волосы для наращивания,42.5,45.0,3.0,46.0,41.5,42.5
Игрушки,Кукольные домики,38.5,45.0,3.0,38.0,33.5,38.5
Здоровье,Шприцы медицинские,42.5,45.0,3.0,42.0,37.5,42.5
Здоровье,Кольца для похудения,42.5,45.0,3.0,38.5,34.0,42.5
Аксессуары,Косточки для воротника рубашки,44.5,45.0,3.0,44.0,39.5,44.5
Красота,Инструменты для чистки ушей,42.5,45.0,3.0,42.0,37.5,42.5
Товары для взрослых,Приспособления для интимной косметики,39.5,45.0,3.0,43.0,38.5,39.5
Товары для животных,Ватные палочки для животных,31.5,35.0,3.0,30.0,25.5,31.5
Мебель мягкая,Комплекты мягкой мебели,36.5,45.0,3.0,31.0,26.5,36.5
Техника для кухни,Тостеры,34.5,35.0,3.0,35.0,30.5,34.5
Посуда и инвентарь,Орехоколы,39.5,45.0,3.0,43.0,38.5,39.5
Красота,Эссенции,42.5,45.0,3.0,42.0,37.5,42.5
Игрушки,Бизиборды,38.5,45.0,3.0,40.0,35.5,38.5
Игрушки,Мозаики,38.5,45.0,3.0,40.0,35.5,38.5
Аксессуары для волос,Невидимки,44.5,45.0,3.0,38.0,33.5,44.5
Электроинструмент и оборудование,Молотки отбойные,41.5,45.0,3.0,41.0,36.5,41.5
Спортивные аксессуары,Поводья,39.5,45.0,3.0,39.0,34.5,39.5
Продукты,Торты,4.5,4.5,3.0,27.0,22.5,4.5
Автозапчасти,Тросики сцепления,36.5,45.0,3.0,40.0,35.5,36.5
Профессиональные музыкальные инструменты,Кабасы,38.5,45.0,3.0,41.0,36.5,38.5
Автозапчасти,Ролики натяжителя,36.5,45.0,3.0,40.0,35.5,36.5
Аксессуары для электроники,Запчасти для варочных панелей,38.5,45.0,3.0,42.0,37.5,38.5
Автоаксессуары и дополнительное оборудование,Дорожные знаки,36.5,45.0,3.0,40.0,35.5,36.5
Продукты,Сосиски,4.5,4.5,3.0,26.0,21.5,4.5
Автозапчасти,Поршни переключения,36.5,45.0,3.0,31.0,26.5,36.5
Продукты,Кисели,4.5,4.5,3.0,35.0,30.5,4.5
Рукоделие,Шпульки для швейных машин,39.5,45.0,3.0,34.0,29.5,39.5
Спортивный товар,Прессы для приманки,37.5,45.0,3.0,31.0,26.5,37.5
Аксессуары для электроники,Кронштейны для телевизоров,39.5,45.0,3.0,38.0,33.5,39.5
Хозяйственные товары,Скребки для посуды,39.5,45.0,3.0,39.0,34.5,39.5
Товары для малышей,Постельное белье для малышей,36.5,45.0,3.0,36.0,31.5,36.5
Товары для животных,Гамаки для животных,31.5,35.0,3.0,35.0,30.5,31.5
Хозяйственные товары,Уход за разделочными досками,39.5,45.0,3.0,34.0,29.5,39.5
Аксессуары,Чемоданы,44.5,45.0,3.0,38.0,33.5,44.5
Садовые инструменты и полив,Шланги садовые,39.5,45.0,3.0,36.0,31.5,39.5
Спортивный товар,Футы,37.5,45.0,3.0,37.0,32.5,37.5
Одежда для малышей,Жилеты для малышей,44.5,45.0,3.0,48.0,43.5,44.5
Спортивный товар,Шкурки для самокатов,37.5,45.0,3.0,37.0,32.5,37.5
Канцелярские товары,Подставки для луп,39.5,45.0,3.0,43.0,38.5,39.5
Автоаксессуары и дополнительное оборудование,Накладки на закраину диска,36.5,45.0,3.0,37.5,33.0,36.5
Аксессуары для электроники,Элементы питания,42.5,45.0,3.0,40.0,35.5,42.5
Все для садоводства,Штекеры садовые,39.5,45.0,3.0,34.5,33.5,39.5
Электрика,Энергосберегатели,38.5,45.0,3.0,35.0,30.5,38.5
Продукты,Мясо сушеное,4.5,4.5,3.0,35.0,30.5,4.5
Сантехника,Шкафы для ванной комнаты,37.5,45.0,3.0,32.0,27.5,37.5
Продукты,Тушки кальмаров,4.5,4.5,3.0,25.0,20.5,4.5
Товары для животных,Воск для лап,31.5,35.0,3.0,35.0,30.5,31.5
Продукты,Кэроб,4.5,4.5,3.0,35.0,30.5,4.5
Спортивный товар,Аксессуары для газовых ламп,37.5,45.0,3.0,41.0,36.5,37.5
Спортивные аксессуары,Мази лыжные,39.5,45.0,3.0,38.5,34.0,39.5
Товары для взрослых,Трусы для страпона,39.5,45.0,3.0,43.0,38.5,39.5
Здоровье,Держатели медицинские,42.5,45.0,3.0,39.0,34.5,42.5
Посуда и инвентарь,Спреи для цитрусовых,39.5,45.0,3.0,39.0,34.5,39.5
Здоровье,Индикаторы зубного налета,42.5,45.0,3.0,41.0,36.5,42.5
Автозапчасти,Бачки тормозной жидкости,36.5,45.0,3.0,40.0,35.5,36.5
Спортивный товар,Ролики,37.5,45.0,3.0,37.0,32.5,37.5
Техника для красоты и здоровья,Картриджи для бритв,35.5,35.0,3.0,33.0,28.5,35.5
Все для садоводства,Мох стабилизированный,39.5,45.0,3.0,39.5,38.5,39.5
Автоаксессуары и дополнительное оборудование,Лебедки автомобильные,36.5,45.0,3.0,36.0,31.5,36.5
Ручной инструмент и оснастка,Ограждения лестничные,41.5,45.0,3.0,41.0,36.5,41.5
Хранение вещей,Газетницы,36.5,45.0,3.0,40.0,35.5,36.5
Фото и Видеотехника,Фотопленки,38.5,45.0,3.0,32.0,27.5,38.5
Электрика,Электрика,42.5,45.0,3.0,40.0,35.5,42.5
Автохимия и автокосметика,Абразивные и технические пасты,36.5,45.0,3.0,36.0,31.5,36.5
Игрушки,Железные дороги,38.5,45.0,3.0,38.0,33.5,38.5
Спортивный товар,Багажники,37.5,45.0,3.0,41.0,36.5,37.5
Садовая техника,Щетки для подметальных машин,38.5,45.0,3.0,32.0,27.5,38.5
Автоаксессуары и дополнительное оборудование,Манометры,36.5,45.0,3.0,40.0,35.5,36.5
Автозапчасти,Ремни безопасности,36.5,45.0,3.0,40.0,35.5,36.5
Товары для взрослых,Вагинальные тренажеры,39.5,45.0,3.0,43.0,38.5,39.5
Здоровье,Гели акушерские,42.5,45.0,3.0,29.5,25.0,42.5
Ручной инструмент и оснастка,Рулетки,41.5,45.0,3.0,39.5,35.0,41.5
Посуда и инвентарь,Приборы для удаления косточек,39.5,45.0,3.0,34.0,29.5,39.5
Автоаксессуары и дополнительное оборудование,Козырьки для авто,36.5,45.0,3.0,36.0,31.5,36.5
Товары для животных,Обереги для животных,31.5,35.0,3.0,26.0,21.5,31.5
Товары для животных,Другие приспособления для крупно-рогатого скота,31.5,35.0,3.0,31.0,26.5,31.5
Профессиональные музыкальные инструменты,Подставки для музыканта,38.5,45.0,3.0,36.0,31.5,38.5
Аксессуары для электроники,Радиосинхронизаторы,42.5,45.0,3.0,35.0,30.5,42.5
Спортивные аксессуары,Магниты для велокомпьютеров,39.5,45.0,3.0,39.0,34.5,39.5
Ручной инструмент и оснастка,Отвертки,41.5,45.0,3.0,43.0,38.5,41.5
Восстановленные,Брак,16.5,25.0,3.0,21.5,21.5,16.5
Ручной инструмент и оснастка,Патроны токарные,41.5,45.0,3.0,45.0,40.5,41.5
Сантехника,Комплекты мебели для ванной,37.5,45.0,3.0,37.0,32.5,37.5
Аксессуары для электроники,Умные очки,42.5,45.0,3.0,37.0,32.5,42.5
Отделочные материалы,Фотообои,38.5,45.0,3.0,42.0,37.5,38.5
Канцелярские товары,Листы для коллекционирования,39.5,45.0,3.0,39.0,34.5,39.5
Для праздника,Фонари новогодние,42.5,45.0,3.0,42.0,37.5,42.5
Для праздника,Гирлянды интерьерные,42.5,45.0,3.0,46.0,41.5,42.5
Аксессуары для электроники,Шапки с гарнитурой,42.5,45.0,3.0,41.0,36.5,42.5
Садовые инструменты и полив,Опрыскиватели,29.5,35.0,3.0,25.0,20.5,29.5
Товары для малышей,Подушки для кормления,36.5,45.0,3.0,36.0,31.5,36.5
Автозапчасти,Вкладыши картера двигателя,36.5,45.0,3.0,31.0,26.5,36.5
Одежда,Толстовки,44.5,45.0,3.0,45.0,40.5,44.5
Красота,DD-кремы,42.5,45.0,3.0,46.0,41.5,42.5
Ручной инструмент и оснастка,Пылесборники строительные,41.5,45.0,3.0,41.0,36.5,41.5
Товары для взрослых,Средства с феромонами,39.5,45.0,3.0,43.0,38.5,39.5
Мебель садовая,Столы плетеные,36.5,45.0,3.0,39.5,31.0,36.5
Красота,Таблетки для ирригаторов,42.5,45.0,3.0,46.0,41.5,42.5
Строительные материалы,Проволоки вязальные,38.5,45.0,3.0,38.0,33.5,38.5
Телевизоры и аудиотехника,Конвертеры спутниковые,39.5,45.0,3.0,37.0,32.5,39.5
Автозапчасти,Фрикционные диски,36.5,45.0,3.0,30.0,25.5,36.5
Аксессуары для волос,Ободки,44.5,45.0,3.0,48.0,43.5,44.5
Красота,Селективный парфюм,42.5,45.0,3.0,46.0,41.5,42.5
Красота,Палитры для лаков,42.5,45.0,3.0,35.0,30.5,42.5
Аксессуары для волос,Заколки клик-клак,44.5,45.0,3.0,43.0,38.5,44.5
Спортивный товар,Компрессы спортивные,37.5,45.0,3.0,37.0,32.5,37.5
Автоаксессуары и дополнительное оборудование,Подстаканники электрические,36.5,45.0,3.0,40.0,35.5,36.5
Одежда для малышей,Кигуруми для малышей,44.5,45.0,3.0,48.0,43.5,44.5
Спортивные аксессуары,Темляки для скандинавских палок,39.5,45.0,3.0,39.0,34.5,39.5
Садовые инструменты и полив,Детские садовые инструменты,39.5,45.0,3.0,43.0,38.5,39.5
Техника для красоты и здоровья,Сменные ручки для ирригаторов,35.5,35.0,3.0,33.0,28.5,35.5
Мебель корпусная и мебель для хранения,Доски гладильные встроенные,36.5,45.0,3.0,40.0,35.5,36.5
Автозапчасти,Валы приводные,36.5,45.0,3.0,40.0,35.5,36.5
Автохимия и автокосметика,Очистители карбюратора,36.5,45.0,3.0,40.0,35.5,36.5
Одежда,Капри,44.5,45.0,3.0,48.0,43.5,44.5
Рукоделие,Формы для мыла,39.5,45.0,3.0,39.0,34.5,39.5
Товары для животных,Коврики греющие для рептилий,31.5,35.0,3.0,31.0,26.5,31.5
Автозапчасти,Провода высоковольтные,36.5,45.0,3.0,36.0,31.5,36.5
Климатическая техника,Конвекторы,35.5,35.0,3.0,33.0,28.5,35.5
Спортивная одежда,Защита груди женская,44.5,45.0,3.0,47.0,42.5,44.5
Здоровье,Компрессионные гольфы,42.5,45.0,3.0,45.0,40.5,42.5
Сантехника,Подводки для газа,37.5,45.0,3.0,37.0,32.5,37.5
Профессиональные музыкальные инструменты,Кольца для микрофонов,38.5,45.0,3.0,42.0,37.5,38.5
Здоровье,Калоприёмники,42.5,45.0,3.0,46.0,41.5,42.5
Строительные материалы,Картон асбестовый,38.5,45.0,3.0,32.0,26.5,38.5
Спортивный товар,Шайбы,37.5,45.0,3.0,41.0,36.5,37.5
Товары для животных,Спринцовки для животных,31.5,35.0,3.0,19.0,15.5,31.5
Продукты,Хумус,4.5,4.5,3.0,35.0,30.5,4.5
Автозапчасти,Корпуса термостата,36.5,45.0,3.0,36.0,31.5,36.5
Ручной инструмент и оснастка,Ключи разводные,41.5,45.0,3.0,45.0,40.5,41.5
Продукты,Лимонная кислота,4.5,4.5,3.0,20.0,15.5,4.5
Одежда для малышей,Водолазки для малышей,44.5,45.0,3.0,48.0,43.5,44.5
Игрушки,Игрушечные парковки,38.5,45.0,3.0,34.0,29.5,38.5
Техника для кухни,Печи для пиццы,34.5,35.0,3.0,32.0,27.5,34.5
Ручной инструмент и оснастка,Шнековые пары,41.5,45.0,3.0,44.0,39.5,41.5
Декор интерьера,Печать фотографий,39.5,45.0,3.0,38.0,33.5,39.5
Товары для малышей,Контейнеры для пустышек,36.5,45.0,3.0,31.0,26.5,36.5
Товары для животных,Термометры для аквариума,31.5,35.0,3.0,19.0,14.5,31.5
Продукты,Сахар,4.5,4.5,3.0,35.0,30.5,4.5
Электрика,Коннекторы шинопроводов,38.5,45.0,3.0,35.0,30.5,38.5
Фото и Видеотехника,Аккумуляторы для фотоаппаратов,38.5,45.0,3.0,36.0,31.5,38.5
Книжная продукция и диски,Иностранные книги,39.5,45.0,3.0,43.0,38.5,39.5
Игрушки,Запчасти и комплектующие для игрушек,38.5,45.0,3.0,38.0,33.5,38.5
Автохимия и автокосметика,Фиксаторы резьбы автомобильные,36.5,45.0,3.0,36.0,31.5,36.5
Хранение вещей,Хранение вещей,36.5,45.0,3.0,40.0,35.5,36.5
Посуда и инвентарь,Шприцы кондитерские,39.5,45.0,3.0,37.0,32.5,39.5
Одежда для малышей,Пижамы для малышей,44.5,45.0,3.0,48.0,43.5,44.5
Строительные материалы,Блоки для троса,38.5,45.0,3.0,42.0,37.5,38.5
Здоровье,Скальпели медицинские,42.5,45.0,3.0,39.0,34.5,42.5
Строительные материалы,Углы деревянные,38.5,45.0,3.0,32.0,27.5,38.5
Религия и эзотерика,Церковная утварь,24.5,29.5,5.0,38.0,34.5,24.5
Профессиональные музыкальные инструменты,Бас-гитары,38.5,45.0,3.0,37.0,32.5,38.5
Ручной инструмент и оснастка,Инструменты для тейпирования гипсокартона,41.5,45.0,3.0,45.0,40.5,41.5
Мебель корпусная и мебель для хранения,Ширмы,36.5,45.0,3.0,40.0,35.5,36.5
Спецодежда и СИЗы,Маски многоразовые,38.5,45.0,3.0,32.0,27.5,38.5
Садовые инструменты и полив,Краны для садовых бочек и баков,39.5,45.0,3.0,43.0,38.5,39.5
Спортивные аксессуары,Гермомешки,39.5,45.0,3.0,43.0,38.5,39.5
Строительные материалы,Ворота,38.5,45.0,3.0,42.0,37.5,38.5
Автоаксессуары и дополнительное оборудование,Брызговики,36.5,45.0,3.0,36.0,31.5,36.5
Строительные материалы,Профили монтажные,38.5,45.0,3.0,38.0,33.5,38.5
Мебель офисная и торговое оборудование,Кресла парикмахерские,36.5,45.0,3.0,36.0,31.5,36.5
Головные уборы,Береты,44.5,45.0,3.0,48.0,43.5,44.5
Климатическая техника,Коврики с подогревом,35.5,35.0,3.0,33.0,28.5,35.5
Спортивный товар,Оперения для дротиков,37.5,45.0,3.0,41.0,36.5,37.5
Сантехника,Зеркала для ванной,37.5,45.0,3.0,32.0,27.5,37.5
Рукоделие,Иглы для рукоделия,39.5,45.0,3.0,31.0,26.5,39.5
Красота,Корректоры,42.5,45.0,3.0,46.0,41.5,42.5
Ручной инструмент и оснастка,Тепловизоры,41.5,45.0,3.0,39.0,34.5,41.5
Товары для животных,Дверные звонки для собак,31.5,35.0,3.0,30.0,21.5,31.5
Посуда и инвентарь,Сырорезки,39.5,45.0,3.0,39.0,34.5,39.5
Спортивные аксессуары,Велосумки,39.5,45.0,3.0,39.0,34.5,39.5
Товары для малышей,Термометры детские,36.5,45.0,3.0,40.0,35.5,36.5
Техника для красоты и здоровья,Лезвия для бритв,35.5,35.0,3.0,33.0,28.5,35.5
Алкогольная продукция,Арманьяк,4.5,4.5,3.0,4.5,4.5,4.5
Шины и диски,Вентили и переходники для шин авто,36.5,45.0,3.0,31.5,30.5,36.5
Аксессуары для волос,Банты,44.5,45.0,3.0,41.0,36.5,44.5
Садовые инструменты и полив,Ульи,39.5,45.0,3.0,32.0,27.5,39.5
Автозапчасти,Предохранительные трубки,36.5,45.0,3.0,31.0,26.5,36.5
Автоаксессуары и дополнительное оборудование,Комплектующие усиленной подвески,36.5,45.0,3.0,40.0,35.5,36.5
Обувь,Резиновые сапоги,44.5,45.0,3.0,38.0,33.5,44.5
Спортивная обувь,Аквасоки,44.5,45.0,3.0,48.0,43.5,44.5
Электроинструмент и оборудование,Электрорубанки,41.5,45.0,3.0,42.5,38.0,41.5
Умный дом и безопасность,Пульты Умный дом,34.5,35.0,3.0,32.0,27.5,34.5
Спортивный товар,Веревки альпинистские,37.5,45.0,3.0,41.0,36.5,37.5
Одежда для малышей,Крестильные платья для малышей,44.5,45.0,3.0,48.0,43.5,44.5
Масла и технические жидкости,Масла гидравлические,36.5,45.0,3.0,36.0,31.5,36.5
Все для садоводства,Таблетки для рассады,39.5,45.0,3.0,35.5,34.5,39.5
Аксессуары для электроники,Ванны ультразвуковые,42.5,45.0,3.0,41.0,36.5,42.5
Аксессуары для обуви,Пяткоудерживатели,44.5,45.0,3.0,39.0,34.5,44.5
Готовая еда,Баурсак,4.5,4.5,3.0,35.0,26.5,4.5
Алкогольная продукция,Шнапс,4.5,4.5,3.0,4.5,4.5,4.5
Игровые консоли и игры,Диски с играми,34.5,35.0,3.0,38.0,33.5,34.5
Игрушки,Наборы музыкальных инструментов,38.5,45.0,3.0,42.0,37.5,38.5
Ручной инструмент и оснастка,Кернеры,41.5,45.0,3.0,34.0,29.5,41.5
Посуда и инвентарь,Маркеры для бокалов,39.5,45.0,3.0,39.0,34.5,39.5
Мебель офисная и торговое оборудование,Автоматы торговые механические,36.5,45.0,3.0,40.0,35.5,36.5
Автозапчасти,Петли и ограничители автомобильные,36.5,45.0,3.0,36.0,31.5,36.5
Товары для взрослых,Вибропули,39.5,45.0,3.0,43.0,38.5,39.5
Ручной инструмент и оснастка,Емкости строительные,41.5,45.0,3.0,35.0,30.5,41.5
Техника для кухни,Фильтры для фритюрниц,34.5,35.0,3.0,28.0,23.5,34.5
Красота,Растворы солевые,42.5,45.0,3.0,41.0,36.5,42.5
Автоаксессуары и дополнительное оборудование,Опорные стойки для прицепов,36.5,45.0,3.0,36.0,31.5,36.5
Посуда и инвентарь,Крюки для мяса,39.5,45.0,3.0,43.0,38.5,39.5
Аксессуары для электроники,Наушники проводные,31.5,35.0,3.0,35.0,30.5,31.5
Ручной инструмент и оснастка,Сумки строительные,41.5,45.0,3.0,41.0,36.5,41.5
Ручной инструмент и оснастка,Гладилки штукатурные,41.5,45.0,3.0,42.0,37.5,41.5
Спортивная одежда,Термомайки спортивные,44.5,45.0,3.0,38.0,33.5,44.5
Спортивный товар,Гири,37.5,45.0,3.0,41.0,36.5,37.5
Товары для отдыха и кемпинга,Тапочки для бани,38.5,45.0,3.0,34.0,29.5,38.5
Спортивный товар,Велокресла,37.5,45.0,3.0,38.0,33.5,37.5
Техника для кухни,Аксессуары для мультиварок,34.5,35.0,3.0,32.0,27.5,34.5
Автозапчасти,Системы очистки отработавших газов,36.5,45.0,3.0,40.0,35.5,36.5
Головные уборы,Наушники утепленные,44.5,45.0,3.0,48.0,43.5,44.5
Спортивные аксессуары,Сидушки туристические,39.5,45.0,3.0,38.0,33.5,39.5
Декор интерьера,Таблички кулинарные,39.5,45.0,3.0,34.0,29.5,39.5
Продукты,Мацони,4.5,4.5,3.0,26.0,21.5,4.5
Аксессуары для электроники,Охладители для бокалов,42.5,45.0,3.0,35.0,30.5,42.5
Канцелярские товары,Доски для записей,39.5,45.0,3.0,32.0,27.5,39.5
Продукты,Маш,4.5,4.5,3.0,30.0,25.5,4.5
Умный дом и безопасность,Аудиодомофоны,34.5,35.0,3.0,38.0,33.5,34.5
Сантехника,Насосы циркуляционные,37.5,45.0,3.0,41.0,36.5,37.5
Здоровье,Аппараты для физиотерапии,35.5,45.0,3.0,39.0,34.5,35.5
Продукты,Муссы молочные,4.5,4.5,3.0,25.0,20.5,4.5
Красота,Менструальные чаши,42.5,45.0,3.0,45.0,40.5,42.5
Красота,Уход за парикмахерскими инструментами,42.5,45.0,3.0,42.0,37.5,42.5
Красота,Органайзеры для косметических инструментов,42.5,45.0,3.0,41.0,36.5,42.5
Товары для малышей,Трубочки для бутылочек,36.5,45.0,3.0,30.0,25.5,36.5
Продукты,Семена пищевые,4.5,4.5,3.0,35.0,30.5,4.5
Техника для красоты и здоровья,Фрезы для маникюра и педикюра,35.5,35.0,3.0,33.0,28.5,35.5
Товары для курения,Угли для кальянов,38.5,45.0,3.0,42.0,37.5,38.5
Хозяйственные товары,Ролики для одежды,39.5,45.0,3.0,43.0,38.5,39.5
Аксессуары для малышей,Варежки для малышей,44.5,45.0,3.0,48.0,43.5,44.5
Спортивный товар,Спусковые устройства,37.5,45.0,3.0,37.0,32.5,37.5
Спортивный товар,Основания для ракеток настольного тенниса,37.5,45.0,3.0,41.0,36.5,37.5
Шторы и аксессуары,Римские шторы,39.5,45.0,3.0,43.0,38.5,39.5
Продукты,Хлопья гречневые,4.5,4.5,3.0,23.0,18.5,4.5
Автоаксессуары и дополнительное оборудование,Искусственные дорожные неровности,36.5,45.0,3.0,38.0,33.5,36.5
Аксессуары для электроники,Аксессуары для котлов отопления,35.5,35.0,3.0,39.0,34.5,35.5
Автозапчасти,Прокладки выпускного коллектора,36.5,45.0,3.0,40.0,35.5,36.5
Товары для взрослых,Кляпы эротик,39.5,45.0,3.0,43.0,38.5,39.5
Спортивная одежда,Худи спортивные,44.5,45.0,3.0,48.0,43.5,44.5
Мебель офисная и торговое оборудование,Онлайн-кассы,36.5,45.0,3.0,40.0,35.5,36.5
Спортивный товар,Линейки для прыжков в длину,37.5,45.0,3.0,32.0,27.5,37.5
Мототовары,Фары для мототехники,36.5,45.0,3.0,40.0,35.5,36.5
Спортивный товар,Обмотки для обруча,37.5,45.0,3.0,41.0,36.5,37.5
Мебель офисная и торговое оборудование,Тумбы офисные,36.5,45.0,3.0,36.0,31.5,36.5
Красота,Инструменты для бровей,42.5,45.0,3.0,36.0,31.5,42.5
Красота,Палочки для наращивания ресниц,42.5,45.0,3.0,44.0,39.5,42.5
Здоровье,Аптечки для хранения лекарств,42.5,45.0,3.0,37.0,32.5,42.5
Красота,Краски для тату,42.5,45.0,3.0,45.0,40.5,42.5
Садовые инструменты и полив,Плуги,39.5,45.0,3.0,36.0,31.5,39.5
Игровые консоли и игры,Подписки игровых сервисов,31.5,35.0,3.0,35.0,30.5,31.5
Аксессуары для волос,Повязки для волос,44.5,45.0,3.0,48.0,43.5,44.5
Спецодежда и СИЗы,Наушники противошумные,38.5,45.0,3.0,42.0,37.5,38.5
Спортивные аксессуары,Нахвостники для лошадей,39.5,45.0,3.0,42.5,38.0,39.5
Автохимия и автокосметика,Полироли для салона,36.5,45.0,3.0,40.0,35.5,36.5
Спортивный товар,Плоскогубцы рыболовные,37.5,45.0,3.0,37.0,32.5,37.5
Спортивный товар,Велотренажеры,37.5,45.0,3.0,37.0,32.5,37.5
Автозапчасти,Прокладки головок цилиндра,36.5,45.0,3.0,40.0,35.5,36.5
Товары для животных,Коврики под миску,31.5,35.0,3.0,35.0,30.5,31.5
Спортивный товар,Подвески для скейтбордов,37.5,45.0,3.0,37.0,32.5,37.5
Продукты,Масло топленое,4.5,4.5,3.0,35.0,30.5,4.5
Фарма,Гинекологические препараты,3.0,3.0,3.0,3.0,3.0,3.0
Строительные материалы,Фиксаторы арматуры,38.5,45.0,3.0,28.0,23.5,38.5
Сантехника,Ленты и нити уплотнительные,37.5,45.0,3.0,32.0,27.5,37.5
Спортивное питание и косметика,Посттренировочные комплексы,35.5,45.0,3.0,35.0,30.5,35.5
Спортивные аксессуары,Пробки лыжные,39.5,45.0,3.0,34.0,29.5,39.5
Здоровье,Иглы акупунктурные,42.5,45.0,3.0,41.0,36.5,42.5
Спортивный товар,Спиннеры для фигурного катания,37.5,45.0,3.0,41.0,36.5,37.5
Красота,Лезвия для педикюра,42.5,45.0,3.0,41.0,36.5,42.5
Товары для взрослых,Стрэпы эротик,39.5,45.0,3.0,39.0,34.5,39.5
Автозапчасти,Датчики положения коленвала,36.5,45.0,3.0,36.0,31.5,36.5
Товары для животных,Минеральные камни для животных,31.5,35.0,3.0,21.0,16.5,31.5
Все для садоводства,Таблички и бирки для рассады,39.5,45.0,3.0,26.5,25.5,39.5
Книжная продукция и диски,Наглядные пособия,39.5,45.0,3.0,39.0,34.5,39.5
Одежда,Кардиганы,44.5,45.0,3.0,46.0,41.5,44.5
Садовая техника,Снегоуборщики,29.5,35.0,3.0,23.0,18.5,29.5
Посуда и инвентарь,Совки для продуктов,39.5,45.0,3.0,34.0,29.5,39.5
Готовая еда,Готовая еда,4.5,4.5,3.0,38.0,34.5,4.5
Белье,Накладки для ног,44.5,45.0,3.0,48.0,43.5,44.5
Садовая техника,Зернодробилки,38.5,45.0,3.0,40.0,35.5,38.5
Белье,Бюстгальтеры,44.5,45.0,3.0,48.0,43.5,44.5
Спортивные аксессуары,Защитные наборы,39.5,45.0,3.0,39.0,34.5,39.5
Сантехника,Редукторы давления,37.5,45.0,3.0,37.0,32.5,37.5
Одежда для малышей,Комбинезоны для малышей,44.5,45.0,3.0,48.0,43.5,44.5
Электроинструмент и оборудование,Гидравлическое оборудование,41.5,45.0,3.0,40.5,36.0,41.5
Ручной инструмент и оснастка,Уровни строительные,41.5,45.0,3.0,45.0,40.5,41.5
Спортивная одежда,Тайтсы,44.5,45.0,3.0,44.0,39.5,44.5
Красота,Загустители для волос,42.5,45.0,3.0,46.0,41.5,42.5
Здоровье,Корректоры артериального давления,35.5,45.0,3.0,35.0,30.5,35.5
Смартфоны и гаджеты,Наушники беспроводные,31.5,35.0,3.0,35.0,30.5,31.5
Белье для малышей,Термомайки для малышей,44.5,45.0,3.0,37.0,32.5,44.5
Здоровье,Накладки на костыли,42.5,45.0,3.0,42.0,37.5,42.5
Товары для животных,Повязки послеоперационные для животных,31.5,35.0,3.0,35.0,30.5,31.5
Спецодежда и СИЗы,Комплектующие для респираторов,38.5,45.0,3.0,38.0,33.5,38.5
Отделочные материалы,Двери входные,38.5,45.0,3.0,33.0,28.5,38.5
Товары для малышей,Простыни натяжные для малышей,36.5,45.0,3.0,40.0,35.5,36.5
Фото и Видеотехника,Отражатели для фотовспышки,38.5,45.0,3.0,42.0,37.5,38.5
Книжная продукция и диски,Прописи,39.5,45.0,3.0,30.0,25.5,39.5
Товары для животных,Комбинезоны для животных,31.5,35.0,3.0,35.0,30.5,31.5
Товары для отдыха и кемпинга,Окна для бани,38.5,45.0,3.0,38.0,33.5,38.5
Товары для взрослых,Гольфы эротик,39.5,45.0,3.0,43.0,34.5,39.5
Автоэлектроника,Зарядные станции для электромобилей,36.5,45.0,3.0,40.0,35.5,36.5
Электрика,Шины электротехнические,38.5,45.0,3.0,35.0,30.5,38.5
Товары для животных,Поилки для животных,31.5,35.0,3.0,35.0,30.5,31.5
Здоровье,Тапочки массажные,42.5,45.0,3.0,45.0,40.5,42.5
Техника для красоты и здоровья,Сауны инфракрасные,35.5,35.0,3.0,33.0,28.5,35.5
Спецодежда и СИЗы,Респираторы,38.5,45.0,3.0,42.0,37.5,38.5
Спортивный товар,Одеяла туристические,37.5,45.0,3.0,37.0,32.5,37.5
Спортивный товар,Подножки велосипедные,37.5,45.0,3.0,41.0,36.5,37.5
Посуда и инвентарь,Диспенсеры кухонные,39.5,45.0,3.0,38.0,33.5,39.5
Техника для красоты и здоровья,Машинки для стрижки волос,35.5,35.0,3.0,33.0,28.5,35.5
Продукты,Хлебная соломка,4.5,4.5,3.0,27.0,22.5,4.5
Автозапчасти,Датчик температуры головки цилиндров,36.5,45.0,3.0,36.0,31.5,36.5
Товары для малышей,Наволочки для малышей,36.5,45.0,3.0,40.0,35.5,36.5
Электрика,Усилители для светодиодных лент,42.5,45.0,3.0,40.0,35.5,42.5
Спортивные аксессуары,Гурты для лошадей,39.5,45.0,3.0,39.0,34.5,39.5
Садовые инструменты и полив,Ведра садовые,39.5,45.0,3.0,33.0,28.5,39.5
Продукты,Хлопья пшеничные,4.5,4.5,3.0,26.0,21.5,4.5
Товары для отдыха и кемпинга,Аксессуары для хранения дров,38.5,45.0,3.0,38.0,33.5,38.5
Шторы и аксессуары,Комплектующие для жалюзи,39.5,45.0,3.0,33.0,28.5,39.5
Посуда и инвентарь,Наборы для специй,39.5,45.0,3.0,39.0,34.5,39.5
Канцелярские товары,Магниты канцелярские,39.5,45.0,3.0,30.0,25.5,39.5
Автоаксессуары и дополнительное оборудование,Чехлы на автомобиль,36.5,45.0,3.0,40.0,35.5,36.5
Красота,Блоки полировочные,42.5,45.0,3.0,37.0,32.5,42.5
Автозапчасти,Топливопроводы,36.5,45.0,3.0,40.0,35.5,36.5
Автоэлектроника,Тепловентиляторы автомобильные,36.5,45.0,3.0,36.0,31.5,36.5
Продукты,Круассаны,4.5,4.5,3.0,26.0,21.5,4.5
Товары для взрослых,Электростимуляторы,39.5,45.0,3.0,39.0,34.5,39.5
Рукоделие,Алмазная мозаика,39.5,45.0,3.0,43.0,38.5,39.5
Рукоделие,Красители для эпоксидной смолы,39.5,45.0,3.0,39.0,34.5,39.5
Аксессуары для волос,Шпильки-спиральки,44.5,45.0,3.0,42.0,37.5,44.5
Смартфоны и гаджеты,Телефоны стационарные,44.5,45.0,3.0,40.0,35.5,44.5
Автоаксессуары и дополнительное оборудование,Крепления для багажника,36.5,45.0,3.0,36.0,31.5,36.5
Хранение вещей,Коробки картонные,36.5,45.0,3.0,36.0,31.5,36.5
Продукты,Сырки глазированные,4.5,4.5,3.0,25.0,20.5,4.5
Спортивные аксессуары,Буи для подводного плавания,39.5,45.0,3.0,39.0,34.5,39.5
Отделочные материалы,Защелки для дверных ручек,38.5,45.0,3.0,42.0,37.5,38.5
Мебель садовая,Мебель садовая,36.5,45.0,3.0,39.5,31.0,36.5
Текстиль для дома,Пледы,39.5,45.0,3.0,40.0,35.5,39.5
Красота,Ватные палочки,42.5,45.0,3.0,41.0,36.5,42.5
Посуда и инвентарь,Ложки чайные,39.5,45.0,3.0,39.0,34.5,39.5
Электрика,Контакторы,38.5,45.0,3.0,35.0,30.5,38.5
Канцелярские товары,Сменные блоки для тетрадей,39.5,45.0,3.0,34.0,29.5,39.5
Бытовая техника,Коверлоки,35.5,35.0,3.0,33.0,28.5,35.5
Здоровье,Бахилы,42.5,45.0,3.0,36.0,31.5,42.5
Автоаксессуары и дополнительное оборудование,Фиксаторы распредвала,36.5,45.0,3.0,36.0,31.5,36.5
Спортивный товар,Мячи для гольфа,37.5,45.0,3.0,41.0,36.5,37.5
Продукты,Ростки ржи,4.5,4.5,3.0,26.0,21.5,4.5
Спортивный товар,Степ-платформы,37.5,45.0,3.0,32.0,27.5,37.5
Здоровье,Дыхательные контуры,42.5,45.0,3.0,39.0,34.5,42.5
Мебель корпусная и мебель для хранения,Полки для телевизора,36.5,45.0,3.0,40.0,35.5,36.5
Продукты,Блины,4.5,4.5,3.0,31.0,26.5,4.5
Садовые инструменты и полив,Чехлы для садовых инструментов и техники,39.5,45.0,3.0,43.0,38.5,39.5
Красота,Тинты для губ,42.5,45.0,3.0,46.0,41.5,42.5
Посуда и инвентарь,Грелки для посуды,39.5,45.0,3.0,43.0,38.5,39.5
Красота,Пеньюары парикмахерские,42.5,45.0,3.0,46.0,41.5,42.5
Садовые инструменты и полив,Тачки садовые,39.5,45.0,3.0,33.0,28.5,39.5
Автозапчасти,Кабели автомобильные,36.5,45.0,3.0,36.0,31.5,36.5
Аксессуары для электроники,Чехлы для мини-кинотеатров,44.5,45.0,3.0,44.0,39.5,44.5
Продукты,Рахат-лукум,4.5,4.5,3.0,35.0,30.5,4.5
Спортивный товар,Съемники крючков,37.5,45.0,3.0,41.0,36.5,37.5
Здоровье,Капли назальные,42.5,45.0,3.0,35.0,30.5,42.5
Декор интерьера,Монеты сувенирные,39.5,45.0,3.0,34.0,29.5,39.5
Красота,Искусственная кожа для практики,42.5,45.0,3.0,45.0,40.5,42.5
Ювелирные украшения,Ювелирные серьги,43.0,45.0,3.0,43.0,42.0,43.0
Рукоделие,Наборы для поделок,39.5,45.0,3.0,43.0,38.5,39.5
Товары для отдыха и кемпинга,Портативная паровая баня,38.5,45.0,3.0,39.0,34.5,38.5
Рукоделие,Устройства для намотки пряжи,39.5,45.0,3.0,39.0,34.5,39.5
Мототовары,Фильтры воздушные для мототехники,36.5,45.0,3.0,40.0,35.5,36.5
Красота,Воск для депиляции,42.5,45.0,3.0,44.0,39.5,42.5
Спортивный товар,Гироскутеры,31.5,35.0,3.0,34.5,30.0,31.5
Белье для малышей,Белье для малышей,44.5,45.0,3.0,48.0,43.5,44.5
Аксессуары для малышей,Перчатки для малышей,44.5,45.0,3.0,48.0,43.5,44.5
Продукты,Ребрышки,4.5,4.5,3.0,26.0,21.5,4.5
Здоровье,БАДы,42.5,45.0,3.0,34.0,29.5,42.5
Аксессуары для электроники,Запчасти для духового шкафа,38.5,45.0,3.0,41.0,36.5,38.5
Товары для животных,Шины для животных,31.5,35.0,3.0,26.0,21.5,31.5
Аксессуары для электроники,Охладители для бутылок,42.5,45.0,3.0,35.0,30.5,42.5
Сантехника,Счетчики газа,37.5,45.0,3.0,41.0,36.5,37.5
Мебель малых форм,Столы-книжки,36.5,45.0,3.0,31.0,26.5,36.5
Товары для курения,Чехлы для электронных сигарет,38.5,45.0,3.0,42.0,37.5,38.5
Все для садоводства,Средства от сорняков,39.5,45.0,3.0,35.5,34.5,39.5
Мебель садовая,Стулья садовые,36.5,45.0,3.0,27.0,22.5,36.5
Фарма,Стоматологические препараты,3.0,3.0,3.0,3.0,3.0,3.0
Мебель офисная и торговое оборудование,Петли мебельные,36.5,45.0,3.0,36.0,31.5,36.5
Автозапчасти,Двигатели вентилятора,36.5,45.0,3.0,40.0,35.5,36.5
Автохимия и автокосметика,Холодная сварка автомобильная,36.5,45.0,3.0,36.0,31.5,36.5
Климатическая техника,Увлажнители,35.5,35.0,3.0,33.0,28.5,35.5
Хозяйственные товары,Пакеты пищевые,39.5,45.0,3.0,35.0,30.5,39.5
Декор интерьера,Оружие сувенирное,39.5,45.0,3.0,34.0,29.5,39.5
Товары для животных,Фильтры для аквариума,31.5,35.0,3.0,35.0,30.5,31.5
Сантехника,Котлы газовые и топливные,35.5,35.0,3.0,33.0,28.5,35.5
Электроинструмент и оборудование,Лебедки ручные,41.5,45.0,3.0,38.0,33.5,41.5
Мебель корпусная и мебель для хранения,Тумбы прикроватные,36.5,45.0,3.0,36.0,31.5,36.5
Строительные материалы,ЛСТК профиль,38.5,45.0,3.0,38.0,33.5,38.5
Аксессуары,Часы карманные,44.5,45.0,3.0,44.0,39.5,44.5
Хозяйственные товары,Скребки для стеклокерамики,39.5,45.0,3.0,34.0,29.5,39.5
Хозяйственные товары,Прессы для бутылок,39.5,45.0,3.0,38.0,33.5,39.5
Красота,Пена для ванны,42.5,45.0,3.0,42.0,37.5,42.5
Электрика,Вилки силовые,38.5,45.0,3.0,30.0,25.5,38.5
Спортивный товар,Дротики для дартс,37.5,45.0,3.0,41.0,36.5,37.5
Товары для курения,Бестабачные смеси для кальянов,38.5,45.0,3.0,32.0,27.5,38.5
Здоровье,Топы послеоперационные,42.5,45.0,3.0,41.0,36.5,42.5
Мебель офисная и торговое оборудование,Стулья парикмахерские,36.5,45.0,3.0,36.0,31.5,36.5
Спортивные аксессуары,Налокотники,39.5,45.0,3.0,43.0,38.5,39.5
Красота,Ополаскиватели и освежители для рта,42.5,45.0,3.0,46.0,41.5,42.5
Посуда и инвентарь,Держатели для бутылок,39.5,45.0,3.0,40.0,35.5,39.5
Спортивная одежда,Забродники,44.5,45.0,3.0,43.0,38.5,44.5
Красота,Маски гидрогелевые,42.5,45.0,3.0,46.0,41.5,42.5
Канцелярские товары,Сургуч,39.5,45.0,3.0,43.0,38.5,39.5
Товары для животных,Мицеллярная вода для животных,31.5,35.0,3.0,35.0,30.5,31.5
Спортивный товар,Колеса,37.5,45.0,3.0,41.0,36.5,37.5
Посуда и инвентарь,Бомбильи,39.5,45.0,3.0,37.0,32.5,39.5
Сантехника,Пьедесталы,37.5,45.0,3.0,34.5,30.0,37.5
Красота,Пудры,42.5,45.0,3.0,46.0,41.5,42.5
Товары для малышей,Кровати-манежи,36.5,45.0,3.0,40.0,35.5,36.5
Продукты,Террины,4.5,4.5,3.0,26.0,21.5,4.5
Автозапчасти,Системы выпуска,36.5,45.0,3.0,40.0,35.5,36.5
Спортивный товар,Пояса страховочные,37.5,45.0,3.0,41.0,36.5,37.5
Товары для отдыха и кемпинга,Запчасти для садовой мебели и качелей,38.5,45.0,3.0,42.0,37.5,38.5
Товары для животных,Стриппинг,31.5,35.0,3.0,35.0,30.5,31.5
Рукоделие,Лекало,39.5,45.0,3.0,39.0,34.5,39.5
Аксессуары,Шарфы,44.5,45.0,3.0,48.0,43.5,44.5
Бижутерия,Брелоки,38.5,45.0,3.0,42.0,37.5,38.5
Автоэлектроника,Сигнализации автомобильные,36.5,45.0,3.0,40.0,35.5,36.5
Спортивный товар,Струны для ракеток,37.5,45.0,3.0,41.0,36.5,37.5
Игрушки,Лейки детские,38.5,45.0,3.0,27.0,22.5,38.5
Товары для животных,Шланги для аквариума,31.5,35.0,3.0,31.0,26.5,31.5
Посуда и инвентарь,Спиртометры,39.5,45.0,3.0,39.0,34.5,39.5
Электроинструмент и оборудование,Гайковерты,41.5,45.0,3.0,42.0,37.5,41.5
Спортивные аксессуары,Шнурки для манков,39.5,45.0,3.0,43.0,38.5,39.5
Аксессуары для электроники,Трекеры активности,42.5,45.0,3.0,35.0,30.5,42.5
Фото и Видеотехника,Карандаши для оптики,38.5,45.0,3.0,42.0,37.5,38.5
Товары для малышей,Щеточки для ногтей,36.5,45.0,3.0,36.0,31.5,36.5
Товары для животных,Слинг-переноски для животных,31.5,35.0,3.0,31.0,26.5,31.5
Аксессуары,Органайзеры для сумки,44.5,45.0,3.0,44.0,39.5,44.5
Автоаксессуары и дополнительное оборудование,Защита бампера,36.5,45.0,3.0,36.0,31.5,36.5
Ноутбуки и компьютеры,Блоки питания для компьютеров,34.5,35.0,3.0,27.0,22.5,34.5
Спортивный товар,Запчасти для самоката,37.5,45.0,3.0,37.0,32.5,37.5
Продукты,Крупа кукурузная,4.5,4.5,3.0,20.0,15.5,4.5
Ювелирные украшения,Ювелирный пирсинг,43.0,45.0,3.0,43.0,42.0,43.0
Строительные материалы,Кольца сварные,38.5,45.0,3.0,42.0,37.5,38.5
Для праздника,Дождик,42.5,45.0,3.0,33.0,28.5,42.5
Здоровье,Бурсопротекторы,42.5,45.0,3.0,39.0,34.5,42.5
Спортивное питание и косметика,Сиропы спортивные,35.5,45.0,3.0,39.0,34.5,35.5
Отделочные материалы,Очистители строительные,38.5,45.0,3.0,38.0,33.5,38.5
Товары для отдыха и кемпинга,Сухое горючее,38.5,45.0,3.0,38.0,33.5,38.5
Строительные материалы,Гвозди для инструмента,38.5,45.0,3.0,42.0,37.5,38.5
Сантехника,Тройники вентиляционные,37.5,45.0,3.0,37.0,32.5,37.5
Ручной инструмент и оснастка,Маяки строительные,41.5,45.0,3.0,45.0,40.5,41.5
Спортивные аксессуары,Сумки рыболовные,39.5,45.0,3.0,39.0,34.5,39.5
Автозапчасти,Шарниры карданные,36.5,45.0,3.0,40.0,35.5,36.5
Книжная продукция и диски,Контурные карты,39.5,45.0,3.0,33.0,28.5,39.5
Продукты,Продукты,4.5,4.5,3.0,35.0,30.5,4.5
Строительные материалы,Шайбы крепежные,38.5,45.0,3.0,42.0,37.5,38.5
Аксессуары,Фурнитура для чемоданов,44.5,45.0,3.0,44.0,39.5,44.5
Товары для животных,Витамины для сельскохозяйственных животных,31.5,35.0,3.0,31.0,26.5,31.5
Мебель малых форм,Мебель малых форм,36.5,45.0,3.0,40.0,35.5,36.5
Товары для животных,Платья для животных,31.5,35.0,3.0,35.0,30.5,31.5
Посуда и инвентарь,Кофейные наборы,39.5,45.0,3.0,39.0,34.5,39.5
Детское питание,Напитки сокосодержащие детские,4.5,4.5,3.0,28.0,23.5,4.5
Белье,Корсеты,44.5,45.0,3.0,48.0,43.5,44.5
Товары для малышей,Манежи,36.5,45.0,3.0,36.0,31.5,36.5
Автоаксессуары и дополнительное оборудование,Обогреватели автомобильные,36.5,45.0,3.0,34.0,29.5,36.5
Аксессуары для волос,Зажимы,44.5,45.0,3.0,40.0,35.5,44.5
Автозапчасти,Крышки клапанные,36.5,45.0,3.0,36.0,31.5,36.5
Автозапчасти,Топливные баки,36.5,45.0,3.0,40.0,35.5,36.5
Посуда и инвентарь,Молотки для мяса,39.5,45.0,3.0,43.0,38.5,39.5
Фарма,Антипаразитарные и противомикробные препараты,3.0,3.0,3.0,3.0,3.0,3.0
Продукты,Горячий шоколад,4.5,4.5,3.0,35.0,30.5,4.5
Религия и эзотерика,Коврики для намаза,19.5,25.0,3.0,33.0,29.5,19.5
Все для садоводства,Садовые дорожки и плитки,39.5,45.0,3.0,34.5,33.5,39.5
Белье для малышей,Плавки для малышей,44.5,45.0,3.0,48.0,43.5,44.5
Спецодежда и СИЗы,Фильтры для противогазов,38.5,45.0,3.0,38.0,33.5,38.5
Сантехника,Картриджи для фильтров под мойку,37.5,45.0,3.0,37.0,32.5,37.5
Автоэлектроника,Чайники автомобильные,36.5,45.0,3.0,36.0,31.5,36.5
Спортивный товар,Шипы спасательные,37.5,45.0,3.0,37.0,32.5,37.5
Канцелярские товары,Телескопические указки,42.5,45.0,3.0,31.0,26.5,42.5
Спортивный товар,Термоконтейнеры,37.5,45.0,3.0,37.0,32.5,37.5
Спортивный товар,Тормозные ручки,37.5,45.0,3.0,37.0,32.5,37.5
Посуда и инвентарь,Термопакеты,39.5,45.0,3.0,43.0,38.5,39.5
Белье для малышей,Термободи для малышей,44.5,45.0,3.0,39.0,34.5,44.5
Рукоделие,Станки для холодной ковки,39.5,45.0,3.0,43.0,38.5,39.5
Готовая еда,Сеты,4.5,4.5,3.0,25.0,20.5,4.5
Текстиль для дома,Держатели для простыни,39.5,45.0,3.0,35.0,30.5,39.5
Техника для кухни,Стерилизаторы для ножей,34.5,35.0,3.0,32.0,27.5,34.5
Спортивный товар,Тенты,37.5,45.0,3.0,36.0,31.5,37.5
Спортивные аксессуары,Щетки для лыж,39.5,45.0,3.0,37.0,32.5,39.5
Спортивная одежда,Лонгсливы спортивные,44.5,45.0,3.0,44.0,39.5,44.5
Товары для курения,Сетки для кальяна,38.5,45.0,3.0,42.0,37.5,38.5
Декор интерьера,Фоторамки,39.5,45.0,3.0,43.0,38.5,39.5
Ноутбуки и компьютеры,Видеокарты,31.5,35.0,3.0,35.0,30.5,31.5
Здоровье,Пульсоксиметры,35.5,45.0,3.0,39.0,34.5,35.5
Ювелирные украшения,Ювелирные украшения,43.0,45.0,3.0,43.0,42.0,43.0
Спортивные аксессуары,Перчатки спортивные,39.5,45.0,3.0,39.0,34.5,39.5
Автозапчасти,Пыльники автомобильные,36.5,45.0,3.0,40.0,35.5,36.5
Аксессуары для обуви,Гелевые стельки,44.5,45.0,3.0,48.0,43.5,44.5
Для праздника,Карнавальные аксессуары,42.5,45.0,3.0,42.0,37.5,42.5
Продукты,Хлебцы,4.5,4.5,3.0,29.0,24.5,4.5
Товары для животных,Таймеры для автоматизации птичника,31.5,35.0,3.0,26.0,21.5,31.5
Техника для кухни,Переходники для плиты,34.5,35.0,3.0,32.0,27.5,34.5
Аксессуары для электроники,Электронные изгороди,42.5,45.0,3.0,41.0,36.5,42.5
Спортивный товар,Баулы хоккейные,37.5,45.0,3.0,35.0,30.5,37.5
Отделочные материалы,Доводчики мебельные,38.5,45.0,3.0,38.0,33.5,38.5
Автоаксессуары и дополнительное оборудование,Аварийное оборудование,36.5,45.0,3.0,39.0,34.5,36.5
Строительные материалы,Пластины крепежные,38.5,45.0,3.0,42.0,37.5,38.5
Продукты,Крупы бобовые,4.5,4.5,3.0,35.0,30.5,4.5
Продукты,Пиво безалкогольное,4.5,4.5,3.0,35.0,30.5,4.5
Недвижимость,Квартиры,2.5,2.5,2.5,2.5,2.5,2.5
Оргтехника,Источники бесперебойного питания,34.5,35.0,3.0,38.0,33.5,34.5
Мототовары,Экипировка для картинга,36.5,45.0,3.0,31.0,26.5,36.5
Аксессуары для волос,Твистеры,44.5,45.0,3.0,38.0,33.5,44.5
Отделочные материалы,Плитка мозаичная,38.5,45.0,3.0,36.0,31.5,38.5
Спортивный товар,Ввёртыши,37.5,45.0,3.0,37.0,32.5,37.5
Продукты,Сыры,4.5,4.5,3.0,31.0,26.5,4.5
Товары для животных,Ветеринарные паспорта,31.5,35.0,3.0,19.0,14.5,31.5
Аксессуары для электроники,Стабилизаторы,44.5,45.0,3.0,43.0,38.5,44.5
Одежда для малышей,Твинсеты для малышей,44.5,45.0,3.0,48.0,43.5,44.5
Автозапчасти,Выпускные газопроводы,36.5,45.0,3.0,36.0,31.5,36.5
Посуда и инвентарь,Воки,39.5,45.0,3.0,33.0,28.5,39.5
Посуда и инвентарь,Плододержатели,39.5,45.0,3.0,31.0,26.5,39.5
Продукты,Кускус,4.5,4.5,3.0,35.0,30.5,4.5
Автоаксессуары и дополнительное оборудование,Звукоизоляционный материал для авто,36.5,45.0,3.0,33.5,29.0,36.5
Спортивный товар,Крепления для вейкборда,37.5,45.0,3.0,32.0,27.5,37.5
Бытовая техника,Отпариватели,35.5,35.0,3.0,37.0,32.5,35.5
Одежда для малышей,Куртки для малышей,44.5,45.0,3.0,48.0,43.5,44.5
Спортивные аксессуары,Воски для серфинга,39.5,45.0,3.0,38.5,34.0,39.5
Профессиональные музыкальные инструменты,Порожки для гитар,38.5,45.0,3.0,42.0,37.5,38.5
Одежда,Лонгсливы,44.5,45.0,3.0,48.0,43.5,44.5
Спортивный товар,Булавы,37.5,45.0,3.0,40.0,35.5,37.5
Канцелярские товары,Капсулы для монет,39.5,45.0,3.0,39.0,34.5,39.5
Сантехника,Счетчики воды,37.5,45.0,3.0,41.0,36.5,37.5
Автозапчасти,Контактные группы замков зажигания,36.5,45.0,3.0,36.0,31.5,36.5
Игрушки,Мячики,38.5,45.0,3.0,31.0,26.5,38.5
Посуда и инвентарь,Подстаканники,39.5,45.0,3.0,39.0,34.5,39.5
Техника для кухни,Аэрогрили,34.5,35.0,3.0,37.0,32.5,34.5
Детское питание,Соки детские,4.5,4.5,3.0,29.0,24.5,4.5
Канцелярские товары,Планшеты канцелярские,39.5,45.0,3.0,34.0,29.5,39.5
Посуда и инвентарь,Коврики для раскатки теста,39.5,45.0,3.0,39.0,34.5,39.5
Спортивный товар,Наручники,37.5,45.0,3.0,41.0,36.5,37.5
Товары для малышей,Муфты для колясок,36.5,45.0,3.0,30.0,25.5,36.5
Товары для отдыха и кемпинга,Бондарные изделия,38.5,45.0,3.0,32.0,27.5,38.5
Спортивный товар,Черпаки-шумовки рыбацкие,37.5,45.0,3.0,37.0,32.5,37.5
Спортивный товар,Наконечники для клюшек,37.5,45.0,3.0,37.0,32.5,37.5
Строительные материалы,Тросы строительные,38.5,45.0,3.0,42.0,37.5,38.5
Мототовары,Мотогарнитуры,36.5,45.0,3.0,40.0,35.5,36.5
Обувь,Обувь,44.5,45.0,3.0,46.0,41.5,44.5
Спортивный товар,Звонки велосипедные,37.5,45.0,3.0,41.0,36.5,37.5
Красота,Наборы декоративной косметики,42.5,45.0,3.0,44.0,39.5,42.5
Здоровье,Корректоры осанки при письме,36.5,45.0,3.0,38.5,34.0,36.5
Игрушки,Доски для рисования,38.5,45.0,3.0,38.0,33.5,38.5
Техника для кухни,Карамелизаторы,34.5,35.0,3.0,27.0,22.5,34.5
Красота,Ароматизаторы для бани,42.5,45.0,3.0,44.0,39.5,42.5
Ручной инструмент и оснастка,Тахометры,41.5,45.0,3.0,44.5,40.0,41.5
Здоровье,Подставки медицинские,42.5,45.0,3.0,41.0,36.5,42.5
Мебель корпусная и мебель для хранения,Мебель корпусная и мебель для хранения,36.5,45.0,3.0,40.0,35.5,36.5
Головные уборы,Шапки,44.5,45.0,3.0,48.0,43.5,44.5
Рукоделие,Кромки для шитья,39.5,45.0,3.0,38.0,33.5,39.5
Товары для малышей,Защитные колпачки для термометров,36.5,45.0,3.0,40.0,31.5,36.5
Мототовары,Уход за мотоэкипировкой,36.5,45.0,3.0,40.0,35.5,36.5
Хозяйственные товары,Мешки для мусора,39.5,45.0,3.0,43.0,38.5,39.5
Спортивный товар,Подшипники для лыжероллеров,37.5,45.0,3.0,37.0,32.5,37.5
Хозяйственные товары,Другие хозяйственные принадлежности,39.5,45.0,3.0,33.0,28.5,39.5
Электрика,Панельки под микросхемы,38.5,45.0,3.0,35.0,30.5,38.5
Бытовая химия,Освежители воздуха,39.5,45.0,3.0,43.0,38.5,39.5
Рукоделие,Жемчуга жидкие,39.5,45.0,3.0,34.0,29.5,39.5
Здоровье,Стикеры от мобильного излучения,42.5,45.0,3.0,35.0,30.5,42.5
Товары для малышей,Бирки для новорожденных,36.5,45.0,3.0,27.0,22.5,36.5
Спортивный товар,Ножи туристические,37.5,45.0,3.0,41.0,36.5,37.5
Товары для животных,Пуходерки,31.5,35.0,3.0,35.0,30.5,31.5
Все для садоводства,Кассеты для рассады,39.5,45.0,3.0,35.5,34.5,39.5
Продукты,Сливки,4.5,4.5,3.0,35.0,30.5,4.5
Хозяйственные товары,Щетки для гриля,39.5,45.0,3.0,43.0,38.5,39.5
Посуда и инвентарь,Коврики в кухонные ящики,39.5,45.0,3.0,42.0,37.5,39.5
Техника для кухни,Суповарки электрические,34.5,35.0,3.0,32.0,27.5,34.5
Спецодежда и СИЗы,Полукомбинезоны рабочие,44.5,45.0,3.0,48.0,43.5,44.5
Отделочные материалы,Решетки на окна,38.5,45.0,3.0,38.0,33.5,38.5
Красота,Тампоны гигиенические,42.5,45.0,3.0,46.0,41.5,42.5
Товары для животных,Ушечистки для животных,31.5,35.0,3.0,30.0,25.5,31.5
Профессиональные музыкальные инструменты,Слайдеры для гитары,38.5,45.0,3.0,42.0,37.5,38.5
Автоаксессуары и дополнительное оборудование,Наборы автомобильных инструментов,36.5,45.0,3.0,40.0,35.5,36.5
Электрика,Полупроводниковые модули,38.5,45.0,3.0,35.0,30.5,38.5
Товары для малышей,Ванночки детские,36.5,45.0,3.0,31.0,26.5,36.5
Для праздника,Карнавальные очки,42.5,45.0,3.0,42.0,37.5,42.5
Аксессуары для обуви,Силиконовая защита для пяток,44.5,45.0,3.0,48.0,43.5,44.5
Автозапчасти,Бачки стеклоочистителя,36.5,45.0,3.0,40.0,35.5,36.5
Техника для красоты и здоровья,Косметические аппараты,35.5,35.0,3.0,33.0,28.5,35.5
Красота,Парфюмерная вода,42.5,45.0,3.0,46.0,41.5,42.5
Спортивные аксессуары,Ящики рыболовные,39.5,45.0,3.0,36.0,31.5,39.5
Транспортные средства,Корпусные лодки,0.5,0.5,0.5,0.5,0.5,0.5
Канцелярские товары,Фломастеры,39.5,45.0,3.0,38.0,33.5,39.5
Канцелярские товары,Краски для рисования,39.5,45.0,3.0,40.0,35.5,39.5
Продукты,Замороженное мясо,4.5,4.5,3.0,26.0,21.5,4.5
Посуда и инвентарь,Емкости неполимерные,39.5,45.0,3.0,42.0,37.5,39.5
Бижутерия,Зажимы для галстука,38.5,45.0,3.0,42.0,37.5,38.5
Аксессуары для электроники,Чехлы-аккумуляторы,44.5,45.0,3.0,38.0,33.5,44.5
Профессиональные музыкальные инструменты,Барабаны,38.5,45.0,3.0,37.0,32.5,38.5
Товары для отдыха и кемпинга,Освещение для бани,38.5,45.0,3.0,42.0,37.5,38.5
Здоровье,Маски послеоперационные,42.5,45.0,3.0,39.0,34.5,42.5
Спортивный товар,Кобуры для оружия,37.5,45.0,3.0,41.0,36.5,37.5
Спортивный товар,Цепи натяжители,37.5,45.0,3.0,40.5,36.0,37.5
Спортивная одежда,Кофты спортивные,44.5,45.0,3.0,48.0,43.5,44.5
Здоровье,Дефибрилляторы,42.5,45.0,3.0,39.0,30.5,42.5
Спортивный товар,Подшипники,37.5,45.0,3.0,37.0,32.5,37.5
Садовые инструменты и полив,Индикаторы почвы,39.5,45.0,3.0,39.0,34.5,39.5
Все для садоводства,Камни декоративные,39.5,45.0,3.0,39.5,38.5,39.5
Здоровье,Облучатели-рециркуляторы,35.5,45.0,3.0,39.0,34.5,35.5
Электрика,Розетки силовые,38.5,45.0,3.0,35.0,30.5,38.5
Мототовары,Звезды для мототехники,36.5,45.0,3.0,39.0,34.5,36.5
Техника для кухни,Кухонные весы,34.5,35.0,3.0,38.0,33.5,34.5
Спортивный товар,Коврики для тренажеров,37.5,45.0,3.0,31.0,26.5,37.5
Продукты,Сухарики,4.5,4.5,3.0,31.0,26.5,4.5
Аксессуары,Шали,44.5,45.0,3.0,48.0,43.5,44.5
Аксессуары для электроники,Разветвители,34.5,35.0,3.0,33.0,28.5,34.5
Посуда и инвентарь,Чайники для плиты,39.5,45.0,3.0,38.0,33.5,39.5
Товары для отдыха и кемпинга,Средства для очистки воды,38.5,45.0,3.0,38.0,33.5,38.5
Текстиль для дома,Полотенца кухонные,39.5,45.0,3.0,43.0,38.5,39.5
Для праздника,Украшения для бутылок,42.5,45.0,3.0,42.0,37.5,42.5
Автоаксессуары и дополнительное оборудование,Масленки для смазки,36.5,45.0,3.0,40.0,35.5,36.5
Спортивная одежда,Топы спортивные,44.5,45.0,3.0,48.0,43.5,44.5
Товары для животных,Автобоксы для животных,31.5,35.0,3.0,34.0,29.5,31.5
Сервисные услуги,Доставка карты,14.5,15.0,3.0,19.5,19.5,14.5
Товары для отдыха и кемпинга,Веранды и террасы,3.0,3.0,3.0,3.0,3.0,3.0
Ветаптека,Противовоспалительные препараты для животных,31.5,35.0,3.0,31.0,26.5,31.5
Спортивные аксессуары,Сумки для гироскутеров,39.5,45.0,3.0,39.0,34.5,39.5
Здоровье,Костыли,42.5,45.0,3.0,42.0,37.5,42.5
Аксессуары для электроники,Дисплеи для смартфонов,44.5,45.0,3.0,37.0,32.5,44.5
Садовая техника,Запчасти для цепных пил,38.5,45.0,3.0,42.0,37.5,38.5
Телевизоры и аудиотехника,Ресиверы телевизионные,31.5,35.0,3.0,27.0,22.5,31.5
Автоаксессуары и дополнительное оборудование,Тягово-сцепные устройства,36.5,45.0,3.0,36.0,31.5,36.5
Посуда и инвентарь,Лотки для приборов,39.5,45.0,3.0,39.0,34.5,39.5
Декор интерьера,Матрешки,39.5,45.0,3.0,34.0,29.5,39.5
Ручной инструмент и оснастка,Резаки для пенопласта,41.5,45.0,3.0,45.0,40.5,41.5
Ручной инструмент и оснастка,Бумага наждачная,41.5,45.0,3.0,32.0,27.5,41.5
Профессиональные музыкальные инструменты,Бубенцы,38.5,45.0,3.0,42.0,37.5,38.5
Здоровье,Маски СИПАП,42.5,45.0,3.0,38.0,33.5,42.5
Климатическая техника,Сплит-системы,29.5,35.0,3.0,23.5,22.5,29.5
Белье,Пэстис,44.5,45.0,3.0,44.0,39.5,44.5
Товары для животных,Миски для животных,31.5,35.0,3.0,34.0,29.5,31.5
Хранение вещей,Кейсы для дисков,36.5,45.0,3.0,40.0,35.5,36.5
Хозяйственные товары,Мыло металлическое,39.5,45.0,3.0,34.0,29.5,39.5
Автоаксессуары и дополнительное оборудование,Колесоотбойники,36.5,45.0,3.0,40.0,35.5,36.5
Автозапчасти,Выжимные подшипники,36.5,45.0,3.0,36.0,31.5,36.5
Автозапчасти,Колонки рулевого управления,36.5,45.0,3.0,39.0,34.5,36.5
Строительные материалы,Мешки строительные,38.5,45.0,3.0,34.0,29.5,38.5
Автоаксессуары и дополнительное оборудование,Зеркала дорожные,36.5,45.0,3.0,36.0,31.5,36.5
Бытовая техника,Колеса для робот-пылесосов,35.5,35.0,3.0,33.0,28.5,35.5
Спортивная одежда,Кальсоны спортивные,44.5,45.0,3.0,46.0,41.5,44.5
Профессиональные музыкальные инструменты,Аккордеоны,38.5,45.0,3.0,42.0,37.5,38.5
Автоаксессуары и дополнительное оборудование,Пепельницы автомобильные,36.5,45.0,3.0,40.0,35.5,36.5
Бижутерия,Цепочки,38.5,45.0,3.0,42.0,37.5,38.5
Сантехника,Биде,37.5,45.0,3.0,38.0,33.5,37.5
Автоаксессуары и дополнительное оборудование,Таблички для авто,36.5,45.0,3.0,38.0,33.5,36.5
Аксессуары,Держатели для очков,44.5,45.0,3.0,47.0,42.5,44.5
Продукты,Декор для выпечки,4.5,4.5,3.0,35.0,30.5,4.5
Все для садоводства,Фотосетки для декора,39.5,45.0,3.0,32.5,31.5,39.5
Автозапчасти,Сальники автомобильные,36.5,45.0,3.0,36.0,31.5,36.5
Товары для животных,Наборы для груминга и ухода,31.5,35.0,3.0,35.0,30.5,31.5
Ручной инструмент и оснастка,Насадки для верстаков,41.5,45.0,3.0,45.0,40.5,41.5
Здоровье,Трости,42.5,45.0,3.0,46.0,41.5,42.5
Продукты,Мюсли,4.5,4.5,3.0,30.0,25.5,4.5
Товары для животных,Сифонные поилки,31.5,35.0,3.0,26.0,21.5,31.5
Спортивный товар,Диски балансировочные,37.5,45.0,3.0,41.0,36.5,37.5
Электрика,Устройство автоматического ввода резерва,38.5,45.0,3.0,35.0,30.5,38.5
Канцелярские товары,Туши для рапидографов,39.5,45.0,3.0,28.0,23.5,39.5
Строительные материалы,Керамзит строительный,38.5,45.0,3.0,25.0,20.5,38.5
Посуда и инвентарь,Салатники,39.5,45.0,3.0,39.0,34.5,39.5
Электрика,Стабилизаторы напряжения,34.5,35.0,3.0,26.0,21.5,34.5
Бижутерия,Бутоньерки,38.5,45.0,3.0,42.0,37.5,38.5
Посуда и инвентарь,Наборы для приготовления роллов,39.5,45.0,3.0,39.0,34.5,39.5
Одежда для малышей,Шорты для малышей,44.5,45.0,3.0,48.0,43.5,44.5
Бытовая техника,Подогреватели пищи электрические,35.5,35.0,3.0,33.0,28.5,35.5
Все для садоводства,Торфы,39.5,45.0,3.0,29.5,28.5,39.5
Игрушки,Сортеры,38.5,45.0,3.0,42.0,37.5,38.5
Спецодежда и СИЗы,Костюмы медицинские,44.5,45.0,3.0,46.5,42.0,44.5
Профессиональные музыкальные инструменты,Джембе,38.5,45.0,3.0,32.0,27.5,38.5
Спортивный товар,Якорные намотки,37.5,45.0,3.0,39.0,34.5,37.5
Телевизоры и аудиотехника,Колонки компьютерные,31.5,35.0,3.0,38.0,25.5,31.5
Красота,Повязки косметические,42.5,45.0,3.0,42.0,37.5,42.5
Спортивный товар,Рамы велосипедные,37.5,45.0,3.0,31.0,26.5,37.5
Спортивные аксессуары,Рукоятки для тренажеров,39.5,45.0,3.0,43.0,38.5,39.5
Периферия и аксессуары,Периферия и аксессуары,34.5,35.0,3.0,38.0,33.5,34.5
Здоровье,Фотометры,42.5,45.0,3.0,38.5,34.0,42.5
Автозапчасти,Газораспределительные заслонки,36.5,45.0,3.0,36.0,31.5,36.5
Мототовары,Шланги топливные для мототехники,36.5,45.0,3.0,36.0,31.5,36.5
Аксессуары для электроники,Штативы для съемки,44.5,45.0,3.0,43.0,38.5,44.5
Продукты,Окорока,4.5,4.5,3.0,26.0,21.5,4.5
Строительные материалы,Вертлюги такелажные,38.5,45.0,3.0,37.0,32.5,38.5
Ювелирные украшения,Драгоценные камни,43.0,45.0,3.0,39.0,38.0,43.0
Здоровье,Приборы бытового назначения,42.5,45.0,3.0,37.0,32.5,42.5
Продукты,Маршмеллоу,4.5,4.5,3.0,33.0,28.5,4.5
Декор интерьера,Муляжи книг,39.5,45.0,3.0,34.0,29.5,39.5
Красота,Туалетная вода,42.5,45.0,3.0,44.5,40.0,42.5
Товары для отдыха и кемпинга,Подставки для зонтов,38.5,45.0,3.0,38.0,33.5,38.5
Красота,Зубные порошки,42.5,45.0,3.0,41.0,36.5,42.5
Электрика,Комплекты заземления для дома,38.5,45.0,3.0,35.0,30.5,38.5
Товары для малышей,Матрасы в коляску,36.5,45.0,3.0,40.0,35.5,36.5
Спортивный товар,Подставки под удочки,37.5,45.0,3.0,37.0,32.5,37.5
Продукты,Хлопья ржаные,4.5,4.5,3.0,20.0,15.5,4.5
Спортивные аксессуары,Оголовья для лошадей,39.5,45.0,3.0,43.0,38.5,39.5
Красота,Шапочки косметические,42.5,45.0,3.0,42.0,37.5,42.5
Профессиональные музыкальные инструменты,Канифоль для скрипки,38.5,45.0,3.0,42.0,37.5,38.5
Электрика,Транзисторы,38.5,45.0,3.0,35.0,30.5,38.5
Посуда и инвентарь,Фильтры для заваривания напитков,39.5,45.0,3.0,39.0,34.5,39.5
Все для садоводства,Свечи уличные,39.5,45.0,3.0,35.5,34.5,39.5
Автоэлектроника,Инверторы автомобильные,36.5,45.0,3.0,36.0,31.5,36.5
Все для садоводства,Шторы уличные,39.5,45.0,3.0,35.5,34.5,39.5
Аксессуары для электроники,Подсветка для телевизоров,39.5,45.0,3.0,37.0,32.5,39.5
Посуда и инвентарь,Открывалки,39.5,45.0,3.0,34.0,29.5,39.5
Посуда и инвентарь,Емкости для масла и уксуса,39.5,45.0,3.0,39.0,34.5,39.5
Аксессуары,Фата,44.5,45.0,3.0,48.0,43.5,44.5
Автозапчасти,Балки надрамника,36.5,45.0,3.0,40.0,35.5,36.5
Автозапчасти,Патроны для ламп автомобильные,36.5,45.0,3.0,35.0,30.5,36.5
Садовая техника,Культиваторы,29.5,35.0,3.0,33.0,28.5,29.5
Красота,Подставки для парикмахерских инструментов,42.5,45.0,3.0,42.0,37.5,42.5
Продукты,Опунция,4.5,4.5,3.0,25.0,20.5,4.5
Красота,Шиммер для ванн,42.5,45.0,3.0,41.0,36.5,42.5
Мототовары,Двигатели для мототехники,36.5,45.0,3.0,40.0,35.5,36.5
Товары для малышей,Комплекты для купания новорожденных,36.5,45.0,3.0,36.0,31.5,36.5
Продукты,Пахлава,4.5,4.5,3.0,35.0,30.5,4.5
Ювелирные украшения,Ювелирные цепочки,43.0,45.0,3.0,43.0,42.0,43.0
Канцелярские товары,Настольные наборы,39.5,45.0,3.0,39.0,34.5,39.5
Аксессуары для волос,Приспособления для плетения кос,44.5,45.0,3.0,38.0,33.5,44.5
Спортивная обувь,Ботинки горнолыжные,44.5,45.0,3.0,38.0,30.5,44.5
Книжная продукция и диски,Букинистические комплекты,39.5,45.0,3.0,39.0,34.5,39.5
Автозапчасти,Торсионы автомобильные,36.5,45.0,3.0,36.0,31.5,36.5
Ручной инструмент и оснастка,Правила строительные,41.5,45.0,3.0,44.0,39.5,41.5
Посуда и инвентарь,Таймеры кухонные,39.5,45.0,3.0,38.0,33.5,39.5
Здоровье,Рефлектор медицинский,35.5,45.0,3.0,39.0,34.5,35.5
Автозапчасти,Валы спидометра,36.5,45.0,3.0,40.0,35.5,36.5
Мебель корпусная и мебель для хранения,Вешалки встраиваемые,36.5,45.0,3.0,40.0,35.5,36.5
Садовые инструменты и полив,Наколенники садовые,39.5,45.0,3.0,39.0,34.5,39.5
Белье для малышей,Слитные купальники для малышей,44.5,45.0,3.0,44.0,39.5,44.5
Отделочные материалы,Средства для удаления затирки,38.5,45.0,3.0,42.0,37.5,38.5
Автозапчасти,Регулировочные шайбы,36.5,45.0,3.0,36.0,31.5,36.5
Аксессуары для обуви,Аксессуары для обуви,44.5,45.0,3.0,48.0,43.5,44.5
Ручной инструмент и оснастка,Ручной инструмент и оснастка,41.5,45.0,3.0,45.0,40.5,41.5
Посуда и инвентарь,Термокружки,39.5,45.0,3.0,43.0,38.5,39.5
Товары для курения,Мундштуки для кальяна,38.5,45.0,3.0,39.0,34.5,38.5
Спортивный товар,Аксессуары для лодок,37.5,45.0,3.0,37.0,32.5,37.5
Канцелярские товары,Клей,39.5,45.0,3.0,37.0,32.5,39.5
Профессиональные музыкальные инструменты,Гармошки,38.5,45.0,3.0,37.0,29.5,38.5
Рукоделие,Рукоделие,39.5,45.0,3.0,43.0,38.5,39.5
Красота,Полоски для век,42.5,45.0,3.0,41.0,36.5,42.5
Товары для взрослых,Гидропомпы эротик,39.5,45.0,3.0,39.0,34.5,39.5
Автозапчасти,Валы балансирные,36.5,45.0,3.0,40.0,35.5,36.5
Автозапчасти,Вакуумные трубопроводы автомобильные,36.5,45.0,3.0,40.0,35.5,36.5
Красота,Кремы,42.5,45.0,3.0,46.0,41.5,42.5
Спортивный товар,Прицелы для лука,37.5,45.0,3.0,37.0,32.5,37.5
Посуда и инвентарь,Шприцы колбасные,39.5,45.0,3.0,39.0,34.5,39.5
Спортивный товар,Визоры,37.5,45.0,3.0,37.0,32.5,37.5
Бытовая химия,Спреи для уборки,39.5,45.0,3.0,42.0,37.5,39.5
Декор интерьера,Колпачки для тушения свечей,39.5,45.0,3.0,43.0,38.5,39.5
Автозапчасти,Вилки возвратные,36.5,45.0,3.0,40.0,35.5,36.5
Товары для малышей,Детские накидки на стул,36.5,45.0,3.0,40.0,35.5,36.5
Сантехника,Поручни для ванной комнаты,37.5,45.0,3.0,37.0,32.5,37.5
Спортивный товар,Скамейки кемпинговые,37.5,45.0,3.0,36.0,31.5,37.5
Ручной инструмент и оснастка,Угломеры,41.5,45.0,3.0,45.0,40.5,41.5
Телевизоры и аудиотехника,Приемники видеосигнала,39.5,45.0,3.0,32.0,27.5,39.5
Автоэлектроника,Подсветка автомобильная,36.5,45.0,3.0,36.0,31.5,36.5
Продукты,Наборы молочных продуктов,4.5,4.5,3.0,31.0,26.5,4.5
Садовая техника,Садовые тракторы и райдеры,3.0,3.0,3.0,3.0,3.0,3.0
Бытовая химия,Порошки для уборки,39.5,45.0,3.0,39.0,34.5,39.5
Электрика,Наконечники кабельные,38.5,45.0,3.0,35.0,30.5,38.5
Аксессуары,Чехлы для ножниц,44.5,45.0,3.0,48.0,43.5,44.5
Отделочные материалы,Составы защитно-декоративные по дереву,38.5,45.0,3.0,40.0,35.5,38.5
Спортивный товар,Джамперы,37.5,45.0,3.0,37.0,32.5,37.5
Транспортные средства,Катера,0.5,0.5,0.5,0.5,0.5,0.5
Аксессуары,Манжеты,44.5,45.0,3.0,48.0,43.5,44.5
Товары для курения,Бумага для самокруток,38.5,45.0,3.0,38.0,33.5,38.5
Аксессуары для электроники,Муляжи мобильных устройств,44.5,45.0,3.0,43.0,38.5,44.5
Освещение,Освещение,39.5,45.0,3.0,43.0,38.5,39.5
Автозапчасти,Вакуумные усилители тормозов,36.5,45.0,3.0,36.0,31.5,36.5
Техника для красоты и здоровья,Аппараты для отбеливания зубов,35.5,35.0,3.0,33.0,28.5,35.5
Текстиль для дома,Наматрасники,39.5,45.0,3.0,38.0,33.5,39.5
Посуда и инвентарь,Прессы для картофеля,39.5,45.0,3.0,39.0,34.5,39.5
Климатическая техника,Котлы отопления электрические,35.5,35.0,3.0,33.0,28.5,35.5
Детское питание,Пюре детские,4.5,4.5,3.0,30.0,25.5,4.5
Посуда и инвентарь,Шпажки,39.5,45.0,3.0,31.0,26.5,39.5
Электрика,Кабели греющие,38.5,45.0,3.0,35.0,30.5,38.5
Ноутбуки и компьютеры,Видеочипы,31.5,35.0,3.0,29.0,24.5,31.5
Канцелярские товары,Обложки для книг,39.5,45.0,3.0,28.0,23.5,39.5
Рукоделие,Сундучки для рукоделия,39.5,45.0,3.0,34.0,29.5,39.5
Бытовая техника,Парогенераторы,35.5,35.0,3.0,39.0,34.5,35.5
Посуда и инвентарь,Стаканы,39.5,45.0,3.0,38.0,33.5,39.5
Товары для взрослых,Леденцы эротик,39.5,45.0,3.0,39.0,34.5,39.5
Автозапчасти,Гасители пульсаций,36.5,45.0,3.0,26.0,21.5,36.5
Рукоделие,Цветы декоративные,39.5,45.0,3.0,43.0,38.5,39.5
Здоровье,Губки для ухода за лежачими больными,42.5,45.0,3.0,38.5,34.0,42.5
Все для садоводства,Карбид кальция,39.5,45.0,3.0,35.5,34.5,39.5
Товары для малышей,Рюкзаки-переноски,36.5,45.0,3.0,40.0,35.5,36.5
Продукты,Пасты соевые,4.5,4.5,3.0,35.0,30.5,4.5
Спортивный товар,Лезвия для коньков,37.5,45.0,3.0,41.0,36.5,37.5
Ручной инструмент и оснастка,Регуляторы вентиляционные,41.5,45.0,3.0,41.0,36.5,41.5
Транспортные средства,Квадроциклы,0.5,0.5,0.5,0.5,0.5,0.5
Аксессуары для электроники,Телескопы,42.5,45.0,3.0,37.0,32.5,42.5
Спортивный товар,Кувалды для тренировок,37.5,45.0,3.0,41.0,32.5,37.5
Красота,Наконечники для тату,42.5,45.0,3.0,42.0,37.5,42.5
Спортивный товар,Альпинистские каски,37.5,45.0,3.0,41.0,36.5,37.5
Строительные материалы,Оргстекла,38.5,45.0,3.0,26.0,21.5,38.5
Автозапчасти,Стартеры электрические,36.5,45.0,3.0,40.0,35.5,36.5
Товары для малышей,Пакеты для детского питания,36.5,45.0,3.0,40.0,35.5,36.5
Посуда и инвентарь,Стерилизаторы для банок,39.5,45.0,3.0,33.0,28.5,39.5
Товары для малышей,Крючки для коляски,36.5,45.0,3.0,40.0,35.5,36.5
Здоровье,Пинцеты медицинские,42.5,45.0,3.0,41.0,36.5,42.5
Спортивный товар,Наборы для разведения огня,37.5,45.0,3.0,41.0,36.5,37.5
Для праздника,Флаги,42.5,45.0,3.0,46.0,41.5,42.5
Аксессуары для электроники,Фены для эмбоссинга,42.5,45.0,3.0,41.0,36.5,42.5
Автоаксессуары и дополнительное оборудование,Устройства для прокалывания отверстий в бампере,36.5,45.0,3.0,30.0,25.5,36.5
Электрика,Драйверы,38.5,45.0,3.0,35.0,30.5,38.5
Сантехника,Теплосчетчики,37.5,45.0,3.0,41.0,36.5,37.5
Строительные материалы,Праймеры битумные,38.5,45.0,3.0,24.0,19.5,38.5
Продукты,Сыры жареные,4.5,4.5,3.0,26.0,25.5,4.5
Спортивное питание и косметика,Вафли протеиновые,35.5,45.0,3.0,35.0,30.5,35.5
Игрушки,Мебель игровая,38.5,45.0,3.0,36.0,31.5,38.5
Бытовая химия,Краски для ткани,39.5,45.0,3.0,43.0,38.5,39.5
Строительные материалы,Профили для поликарбоната,38.5,45.0,3.0,38.0,33.5,38.5
Автозапчасти,Корпусы рулевого механизма,36.5,45.0,3.0,35.0,30.5,36.5
Спортивный товар,Запчасти для снегокатов,37.5,45.0,3.0,37.0,32.5,37.5
Спортивная одежда,Кимоно спортивное,44.5,45.0,3.0,48.0,43.5,44.5
Товары для животных,Игровые комплексы для кошек,31.5,35.0,3.0,25.0,20.5,31.5
Аксессуары,Чехлы для бритв,44.5,45.0,3.0,44.0,39.5,44.5
Здоровье,Компрессионные леггинсы,42.5,45.0,3.0,38.5,34.0,42.5
Мототовары,Бамперы для снегоходов,36.5,45.0,3.0,31.0,26.5,36.5
Автозапчасти,Корпусы дроссельной заслонки,36.5,45.0,3.0,40.0,35.5,36.5
Спортивный товар,Жилеты утяжелители,37.5,45.0,3.0,41.0,36.5,37.5
Климатическая техника,Климатическая техника,35.5,35.0,3.0,33.0,28.5,35.5
Здоровье,Стетоскопы,42.5,45.0,3.0,44.0,39.5,42.5
Товары для отдыха и кемпинга,Ловушки для ос,38.5,45.0,3.0,33.0,28.5,38.5
Аксессуары,Чехлы для ножей,44.5,45.0,3.0,48.0,43.5,44.5
Товары для взрослых,Вибротрусики,39.5,45.0,3.0,43.0,38.5,39.5
Техника для кухни,Кофемолки электрические,34.5,35.0,3.0,38.0,33.5,34.5
Хозяйственные товары,Ручки для переноски бутылей,39.5,45.0,3.0,30.0,25.5,39.5
Здоровье,Трусы одноразовые,42.5,45.0,3.0,42.0,37.5,42.5
Электроинструмент и оборудование,Портативные электростанции,41.5,45.0,3.0,37.0,32.5,41.5
Посуда и инвентарь,Тажины,39.5,45.0,3.0,43.0,38.5,39.5
Ручной инструмент и оснастка,Счетчики пылевых частиц,41.5,45.0,3.0,44.5,36.0,41.5
Спортивное питание и косметика,Джемы диетические,35.5,45.0,3.0,39.0,34.5,35.5
Красота,Дозаторы косметические,42.5,45.0,3.0,42.0,37.5,42.5
Продукты,Чак-чак,4.5,4.5,3.0,35.0,30.5,4.5
Спортивные аксессуары,Намотчики для лески,39.5,45.0,3.0,39.0,34.5,39.5
Отделочные материалы,Шпингалеты,38.5,45.0,3.0,34.0,29.5,38.5
Спортивная обувь,Скальные туфли,44.5,45.0,3.0,43.0,38.5,44.5
Товары для малышей,Подгузники детские,36.5,45.0,3.0,35.0,30.5,36.5
Спортивные аксессуары,Смазки спортивные,39.5,45.0,3.0,43.0,38.5,39.5
Продукты,Перловка,4.5,4.5,3.0,25.0,20.5,4.5
Автозапчасти,Реостаты отопителя,36.5,45.0,3.0,36.0,31.5,36.5
Продукты,Кутабы,4.5,4.5,3.0,26.0,21.5,4.5
Игровые консоли и игры,Игровые консоли PlayStation,31.5,35.0,3.0,35.0,30.5,31.5
Продукты,Хлопья овсяные,4.5,4.5,3.0,30.0,25.5,4.5
Спортивные аксессуары,Подковы для лошадей,39.5,45.0,3.0,42.0,37.5,39.5
Посуда и инвентарь,Прессы для чеснока,39.5,45.0,3.0,39.0,34.5,39.5
Аксессуары,Парео,44.5,45.0,3.0,48.0,43.5,44.5
Ноутбуки и компьютеры,Аккумуляторы для ноутбуков,34.5,35.0,3.0,38.0,33.5,34.5
Спортивный товар,Ремкомплекты для резиновых лодок,37.5,45.0,3.0,41.0,36.5,37.5
Здоровье,Устройства коррекции сна,42.5,45.0,3.0,38.0,33.5,42.5
Сантехника,Столешницы для ванной,37.5,45.0,3.0,37.0,32.5,37.5
Автозапчасти,Габаритные огни,36.5,45.0,3.0,36.0,31.5,36.5
Красота,Кассеты для бритв,42.5,45.0,3.0,46.0,41.5,42.5
Здоровье,Рукава послеоперационные,42.5,45.0,3.0,38.0,33.5,42.5
Готовая еда,"Роллы, суши и онигири",4.5,4.5,3.0,25.0,21.5,4.5
Здоровье,Гигиенические изделия,42.5,45.0,3.0,37.0,32.5,42.5
Ручной инструмент и оснастка,Фрезы,41.5,45.0,3.0,40.5,36.0,41.5
Бытовая химия,Уход за техникой,39.5,45.0,3.0,41.0,36.5,39.5
Строительные материалы,Шпагат хозяйственно-бытовой,38.5,45.0,3.0,38.0,33.5,38.5
Текстиль для дома,Держатели для балдахинов,39.5,45.0,3.0,39.0,34.5,39.5
Мототовары,Мотоодежда,36.5,45.0,3.0,36.0,31.5,36.5
Недвижимость,Недвижимость,2.5,2.5,2.5,2.5,2.5,2.5
Бытовая техника,Вешалки для отпаривателей,35.5,35.0,3.0,33.0,28.5,35.5
Аксессуары для электроники,Фонарики бытовые,42.5,45.0,3.0,41.0,36.5,42.5
Спортивный товар,Лямки спортивные,37.5,45.0,3.0,41.0,36.5,37.5
Автозапчасти,Глушители,36.5,45.0,3.0,40.0,35.5,36.5
Аксессуары для электроники,Кронштейны для кондиционера,35.5,35.0,3.0,33.0,28.5,35.5
Рукоделие,Эпоксидная смола для творчества,39.5,45.0,3.0,43.0,38.5,39.5
Умный дом и безопасность,Кнопки выхода,34.5,35.0,3.0,32.0,27.5,34.5
Спортивный товар,Стрелы для лука,37.5,45.0,3.0,41.0,36.5,37.5
Мебель корпусная и мебель для хранения,Шкафы для спальни,36.5,45.0,3.0,30.0,25.5,36.5
Продукты,Ростки пшеницы,4.5,4.5,3.0,31.0,26.5,4.5
Бижутерия,Шармы-подвески,38.5,45.0,3.0,42.0,37.5,38.5
Спортивный товар,Секундомеры,37.5,45.0,3.0,41.0,36.5,37.5
Рукоделие,Маркировщики петель,39.5,45.0,3.0,34.0,29.5,39.5
Красота,Грязь косметическая,42.5,45.0,3.0,45.0,40.5,42.5
Продукты,Крахмал,4.5,4.5,3.0,24.0,19.5,4.5
Аксессуары для электроники,Чехлы-бамперы для телефонов,44.5,45.0,3.0,43.0,38.5,44.5
Канцелярские товары,Цветная бумага,39.5,45.0,3.0,31.0,26.5,39.5
Здоровье,Пеленки для взрослых,42.5,45.0,3.0,36.0,31.5,42.5
Бытовая химия,Средства для ухода за инструментом,39.5,45.0,3.0,39.0,34.5,39.5
Белье,Вкладыши пуш-ап,44.5,45.0,3.0,44.0,39.5,44.5
Спортивный товар,Подушки для кувырков,37.5,45.0,3.0,41.0,36.5,37.5
Фото и Видеотехника,Фотоаппараты моментальной печати,38.5,45.0,3.0,38.5,34.0,38.5
Автозапчасти,Цилиндры замка,36.5,45.0,3.0,36.0,31.5,36.5
Мебель малых форм,Столики кальянные,36.5,45.0,3.0,36.0,31.5,36.5
Красота,Бальзамы,42.5,45.0,3.0,42.0,37.5,42.5
Все для садоводства,Семена,39.5,45.0,3.0,24.5,23.5,39.5
Ручной инструмент и оснастка,Микрометры,41.5,45.0,3.0,45.0,40.5,41.5
Продукты,Молоко сгущенное,4.5,4.5,3.0,35.0,30.5,4.5
Сантехника,Клапаны термостатические,37.5,45.0,3.0,41.0,36.5,37.5
Посуда и инвентарь,Оболочки для колбас искусственные,39.5,45.0,3.0,43.0,38.5,39.5
Хозяйственные товары,Корзины для белья,39.5,45.0,3.0,33.0,28.5,39.5
Канцелярские товары,Папки канцелярские,39.5,45.0,3.0,34.0,29.5,39.5
Посуда и инвентарь,Нити кулинарные,39.5,45.0,3.0,31.0,26.5,39.5
Автозапчасти,Прокладки турбонагнетателя,36.5,45.0,3.0,40.0,35.5,36.5
Автозапчасти,Датчики угла поворота,36.5,45.0,3.0,36.0,31.5,36.5
Рукоделие,Наборы катушек,39.5,45.0,3.0,43.0,38.5,39.5
Ручной инструмент и оснастка,Стамески,41.5,45.0,3.0,41.0,36.5,41.5
Автоаксессуары и дополнительное оборудование,Адаптеры для щеток стеклоочистителя,36.5,45.0,3.0,30.0,25.5,36.5
Мототовары,Другие запчасти для мототехники,36.5,45.0,3.0,40.0,35.5,36.5
Продукты,Мальтодекстрин,4.5,4.5,3.0,26.0,21.5,4.5
Сетевое оборудование,Роутеры,34.5,35.0,3.0,38.0,33.5,34.5
Аксессуары для электроники,Радиостанции,42.5,45.0,3.0,41.0,36.5,42.5
Профессиональные музыкальные инструменты,Маракасы,38.5,45.0,3.0,42.0,37.5,38.5
Красота,Скотч для наращивания ресниц,42.5,45.0,3.0,32.0,27.5,42.5
Продукты,Вареники,4.5,4.5,3.0,26.0,21.5,4.5
Товары для животных,Поплавковые поилки,31.5,35.0,3.0,31.0,26.5,31.5
Автозапчасти,Впрыскивающие элементы,36.5,45.0,3.0,40.0,35.5,36.5
Автоаксессуары и дополнительное оборудование,Лебедки электрические переносные,36.5,45.0,3.0,32.0,27.5,36.5
Ручной инструмент и оснастка,Шнеки,41.5,45.0,3.0,36.0,31.5,41.5
Одежда для малышей,Сарафаны для малышей,44.5,45.0,3.0,43.0,38.5,44.5
Рукоделие,Станки для рукоделия,39.5,45.0,3.0,43.0,38.5,39.5
Для праздника,Открытки,42.5,45.0,3.0,45.0,40.5,42.5
Аксессуары для электроники,Защитная пленка,44.5,45.0,3.0,43.0,38.5,44.5
Спортивные аксессуары,Шингарты,39.5,45.0,3.0,41.0,36.5,39.5
Профессиональные музыкальные инструменты,Педали для барабанов,38.5,45.0,3.0,42.0,37.5,38.5
Садовая техника,Подметальные машины,38.5,45.0,3.0,38.0,33.5,38.5
Спортивный товар,Ремкомплекты для туристических палаток,37.5,45.0,3.0,41.0,36.5,37.5
Продукты,Муссы мясные,4.5,4.5,3.0,25.0,20.5,4.5
Спортивный товар,Макивары,37.5,45.0,3.0,36.0,31.5,37.5
Товары для животных,Дождевики для животных,31.5,35.0,3.0,35.0,30.5,31.5
Товары для животных,Компрессоры для аквариума,31.5,35.0,3.0,35.0,30.5,31.5
Шторы и аксессуары,Ламбрекены,39.5,45.0,3.0,43.0,38.5,39.5
Спортивный товар,Ролики массажные,37.5,45.0,3.0,37.0,32.5,37.5
Автозапчасти,Патрубки системы охлаждения,36.5,45.0,3.0,36.0,31.5,36.5
Все для садоводства,Отпугиватели и ловушки садовые,39.5,45.0,3.0,39.5,38.5,39.5
Товары для малышей,Накидки для кормления грудью,36.5,45.0,3.0,36.0,31.5,36.5
Спортивный товар,Успокоители цепи,37.5,45.0,3.0,41.0,36.5,37.5
Одежда для малышей,Худи для малышей,44.5,45.0,3.0,48.0,43.5,44.5
Спортивный товар,Гамаки для йоги,37.5,45.0,3.0,41.0,36.5,37.5
Периферия и аксессуары,Шторки для веб-камер,34.5,35.0,3.0,27.0,22.5,34.5
Ручной инструмент и оснастка,Намагничиватели,41.5,45.0,3.0,45.0,40.5,41.5
Рукоделие,Шнуры для рукоделия,39.5,45.0,3.0,39.0,34.5,39.5
Автоаксессуары и дополнительное оборудование,Кабели свечные,36.5,45.0,3.0,40.0,35.5,36.5
Товары для животных,Ошейники,31.5,35.0,3.0,35.0,30.5,31.5
Аксессуары для электроники,Аксессуары для паровых станций,35.5,35.0,3.0,33.0,28.5,35.5
Строительные материалы,Штукатурка,38.5,45.0,3.0,31.5,27.0,38.5
Продукты,Ножки куриные,4.5,4.5,3.0,25.0,20.5,4.5
Игрушки,Погремушки,38.5,45.0,3.0,42.0,37.5,38.5
Канцелярские товары,Разбавители художественные,39.5,45.0,3.0,43.0,38.5,39.5
Аксессуары для малышей,Шапки-шлемы для малышей,44.5,45.0,3.0,47.0,42.5,44.5
Спортивные аксессуары,Флажки судейские,39.5,45.0,3.0,38.0,33.5,39.5
Товары для животных,Щипцы для посадки растений,31.5,35.0,3.0,31.0,26.5,31.5
Спецодежда и СИЗы,Брюки медицинские,44.5,45.0,3.0,47.5,43.0,44.5
Товары для малышей,Наматрасники для малышей,36.5,45.0,3.0,36.0,31.5,36.5
Посуда и инвентарь,Шпатели кондитерские,39.5,45.0,3.0,35.0,30.5,39.5
Ювелирные украшения,Столовое серебро,43.0,45.0,3.0,43.0,42.0,43.0
Автоаксессуары и дополнительное оборудование,Осушители автомобильные,36.5,45.0,3.0,40.0,35.5,36.5
Ручной инструмент и оснастка,Масла для инструментов,41.5,45.0,3.0,37.5,33.0,41.5
Красота,Маски оттеночные,42.5,45.0,3.0,46.0,41.5,42.5
Строительные материалы,Держатели для зеркал,38.5,45.0,3.0,32.0,27.5,38.5
Строительные материалы,Щебень,38.5,45.0,3.0,37.0,32.5,38.5
Мебель садовая,Стулья плетеные,36.5,45.0,3.0,36.5,28.0,36.5
Спортивный товар,Лыжи водные,37.5,45.0,3.0,32.0,27.5,37.5
Мототовары,Замки зажигания для мототехники,36.5,45.0,3.0,40.0,35.5,36.5
Алкогольная продукция,Биттер,4.5,4.5,3.0,4.5,4.5,4.5
Автозапчасти,Валы коробки передач,36.5,45.0,3.0,36.0,31.5,36.5
Автоаксессуары и дополнительное оборудование,Ручки коробки передач,36.5,45.0,3.0,40.0,35.5,36.5
Бытовая химия,Мыло хозяйственное,39.5,45.0,3.0,43.0,38.5,39.5
Профессиональные музыкальные инструменты,Тренажеры гитарные,38.5,45.0,3.0,42.0,37.5,38.5
Аксессуары для электроники,Чехлы для внешних аккумуляторов,44.5,45.0,3.0,43.0,38.5,44.5
Бижутерия,Серьги,38.5,45.0,3.0,42.0,37.5,38.5
Аксессуары для электроники,Металлоискатели,42.5,45.0,3.0,39.0,34.5,42.5
Товары для животных,Корсеты для животных,31.5,35.0,3.0,26.0,21.5,31.5
Отделочные материалы,Накладки для декора,38.5,45.0,3.0,42.0,37.5,38.5
Техника для кухни,Втулки для мясорубок,34.5,35.0,3.0,27.0,22.5,34.5
Ноутбуки и компьютеры,Салазки для накопителей,34.5,35.0,3.0,32.0,27.5,34.5
Спортивный товар,Шпоры для верховой езды,37.5,45.0,3.0,37.0,32.5,37.5
Сантехника,Насадки на кран,37.5,45.0,3.0,41.0,36.5,37.5
Спортивный товар,Бинты быстрые,37.5,45.0,3.0,37.0,32.5,37.5
Ручной инструмент и оснастка,Электроды,41.5,45.0,3.0,42.5,38.0,41.5
Спортивный товар,Пэды спортивные,37.5,45.0,3.0,41.0,36.5,37.5
Автоаксессуары и дополнительное оборудование,Соединители для коллекторов,36.5,45.0,3.0,40.0,35.5,36.5
Спортивный товар,Зацепы для скалодрома,37.5,45.0,3.0,37.0,32.5,37.5
Рукоделие,Ленты для эмбоссеров,39.5,45.0,3.0,34.0,29.5,39.5
Посуда и инвентарь,Банки для йогуртниц,39.5,45.0,3.0,39.0,34.5,39.5
Бытовая техника,Аппараты для надевания бахил,35.5,35.0,3.0,38.0,33.5,35.5
Аксессуары для обуви,Лосьоны для обуви,44.5,45.0,3.0,44.0,39.5,44.5
Здоровье,Спринцовки,42.5,45.0,3.0,39.0,34.5,42.5
Ручной инструмент и оснастка,Склерометры,41.5,45.0,3.0,44.5,40.0,41.5
Декор интерьера,Часы настольные,39.5,45.0,3.0,43.0,38.5,39.5
Посуда и инвентарь,Ведерки для льда,39.5,45.0,3.0,38.0,33.5,39.5
Техника для кухни,Льдогенераторы,34.5,35.0,3.0,32.0,27.5,34.5
Электрика,Резисторы,38.5,45.0,3.0,35.0,30.5,38.5
Спортивная обувь,Шиповки,44.5,45.0,3.0,44.0,39.5,44.5
Хозяйственные товары,Сетки для глажения,39.5,45.0,3.0,28.0,23.5,39.5
Садовая техника,Снеговые отвалы,38.5,45.0,3.0,37.5,33.0,38.5
Спортивная одежда,Куртки спортивные,44.5,45.0,3.0,44.0,39.5,44.5
Рукоделие,Портновские гладильные болванки,39.5,45.0,3.0,33.0,28.5,39.5
Канцелярские товары,Печати для пломбирования,39.5,45.0,3.0,43.0,38.5,39.5
Автозапчасти,Термостаты двигателя,36.5,45.0,3.0,40.0,35.5,36.5
Аксессуары,Платки,44.5,45.0,3.0,48.0,43.5,44.5
Для праздника,Флагштоки,42.5,45.0,3.0,46.0,41.5,42.5
Здоровье,Тренажеры реабилитационные,42.5,45.0,3.0,46.0,41.5,42.5
Товары для отдыха и кемпинга,Качели садовые,38.5,45.0,3.0,33.0,28.5,38.5
Товары для отдыха и кемпинга,Массажеры для бани,38.5,45.0,3.0,37.0,32.5,38.5
Автозапчасти,Комплекты цепи привода распредвала,36.5,45.0,3.0,40.0,35.5,36.5
Рукоделие,Наперстки,39.5,45.0,3.0,28.0,23.5,39.5
Спортивный товар,Доски тактические,37.5,45.0,3.0,41.0,36.5,37.5
Шторы и аксессуары,Рулонные шторы,39.5,45.0,3.0,43.0,38.5,39.5
Ручной инструмент и оснастка,Валики малярные,41.5,45.0,3.0,40.0,35.5,41.5
Продукты,Икра улитки,4.5,4.5,3.0,25.0,20.5,4.5
Строительные материалы,Саморезы в ленте,38.5,45.0,3.0,42.0,37.5,38.5
Автозапчасти,Радиаторы тяговой аккумуляторной батареи,36.5,45.0,3.0,31.0,26.5,36.5
Спецодежда и СИЗы,Шорты рабочие,44.5,45.0,3.0,44.0,39.5,44.5
Спортивный товар,Гамаки,37.5,45.0,3.0,38.0,33.5,37.5
Продукты,Щербет,4.5,4.5,3.0,35.0,30.5,4.5
Аксессуары для электроники,Дроны-опрыскиватели для сельского хозяйства,42.5,45.0,3.0,35.0,30.5,42.5
Автозапчасти,Шкивы ременные,36.5,45.0,3.0,40.0,35.5,36.5
Товары для животных,Ограждения для животных,31.5,35.0,3.0,35.0,30.5,31.5
Посуда и инвентарь,Прессы для бургеров,39.5,45.0,3.0,39.0,34.5,39.5
Детское питание,Компоты детские,4.5,4.5,3.0,34.0,29.5,4.5
Отделочные материалы,Лестницы,38.5,45.0,3.0,37.0,32.5,38.5
Фото и Видеотехника,Фото и Видеотехника,44.5,45.0,3.0,42.0,37.5,44.5
Здоровье,Светильники смотровые,42.5,45.0,3.0,44.0,39.5,42.5
Головные уборы,Шляпы,44.5,45.0,3.0,42.0,37.5,44.5
Профессиональные музыкальные инструменты,Подсветки для пюпитров,38.5,45.0,3.0,36.0,31.5,38.5
Белье,Термоджемперы,44.5,45.0,3.0,48.0,43.5,44.5
Рукоделие,Наборы для вязания,39.5,45.0,3.0,41.0,36.5,39.5
Спортивные аксессуары,Чехлы для обручей,39.5,45.0,3.0,39.0,34.5,39.5
Алкогольная продукция,Бренди,4.5,4.5,3.0,4.5,4.5,4.5
Посуда и инвентарь,Рюмки,39.5,45.0,3.0,39.0,34.5,39.5
Посуда и инвентарь,Наборы для крепких напитков,39.5,45.0,3.0,33.0,28.5,39.5
Спортивный товар,Палочки для гимнастических лент,37.5,45.0,3.0,37.0,32.5,37.5
Детское питание,Макароны детские,4.5,4.5,3.0,38.0,33.5,4.5
Аксессуары для электроники,Блоки питания для антенн,42.5,45.0,3.0,35.0,30.5,42.5
Строительные материалы,Зажимы для шлангов,38.5,45.0,3.0,42.0,37.5,38.5
Продукты,Напитки кофейные,4.5,4.5,3.0,35.0,30.5,4.5
Мебель малых форм,Зеркала для прихожей,36.5,45.0,3.0,35.0,30.5,36.5
Автоаксессуары и дополнительное оборудование,Накидки на автосидения для животных,36.5,45.0,3.0,40.0,35.5,36.5
Продукты,Соусы,4.5,4.5,3.0,35.0,30.5,4.5
Товары для животных,Тестеры воды для аквариума,31.5,35.0,3.0,31.0,26.5,31.5
Белье для малышей,Термоджемперы для малышей,44.5,45.0,3.0,39.0,34.5,44.5
Фото и Видеотехника,Экшн-камеры,38.5,45.0,3.0,38.0,33.5,38.5
Аксессуары,Кредитницы,44.5,45.0,3.0,48.0,43.5,44.5
Товары для взрослых,Концентраты феромонов,39.5,45.0,3.0,39.0,34.5,39.5
Здоровье,Пояса согревающие,42.5,45.0,3.0,44.0,39.5,42.5
Ручной инструмент и оснастка,Пилы ручные,41.5,45.0,3.0,44.0,39.5,41.5
Спецодежда и СИЗы,Спецодежда и СИЗы,44.5,45.0,3.0,48.0,43.5,44.5
Садовые инструменты и полив,Сучкорезы,39.5,45.0,3.0,43.0,38.5,39.5
Посуда и инвентарь,Кружки,39.5,45.0,3.0,42.0,37.5,39.5
Красота,Закрепители для ресниц,42.5,45.0,3.0,46.0,41.5,42.5
Аксессуары для электроники,Матричные коммутаторы,42.5,45.0,3.0,35.0,30.5,42.5
Спортивные аксессуары,Пояса для аквааэробики,39.5,45.0,3.0,39.0,34.5,39.5
Техника для кухни,Шашлычницы,34.5,35.0,3.0,34.0,29.5,34.5
Белье,Комбидресс,44.5,45.0,3.0,48.0,43.5,44.5
Товары для животных,Грунтоочистители,31.5,35.0,3.0,31.0,26.5,31.5
Все для садоводства,Грядки и комплектующие,39.5,45.0,3.0,39.5,38.5,39.5
Ветаптека,Лечение мочеполовой системы у животных,31.5,35.0,3.0,27.0,22.5,31.5
Аксессуары,Чехлы для чемоданов,44.5,45.0,3.0,48.0,43.5,44.5
Посуда и инвентарь,Контейнеры из полимеров,39.5,45.0,3.0,36.0,31.5,39.5
Аксессуары для обуви,Жидкости для обуви,44.5,45.0,3.0,48.0,43.5,44.5
Аксессуары,Очки для ювелирных работ,44.5,45.0,3.0,48.0,43.5,44.5
Строительные материалы,Мастика битумная,38.5,45.0,3.0,40.0,35.5,38.5
Автомобили,Автомобили,0.5,0.5,0.5,0.5,0.5,0.5
Фото и Видеотехника,Фотоаппараты,31.5,35.0,3.0,35.0,30.5,31.5
Канцелярские товары,Держатели канцелярские,39.5,45.0,3.0,34.0,29.5,39.5
Техника для кухни,Кулеры для воды,34.5,35.0,3.0,31.0,26.5,34.5
Продукты,Ягоды сушеные,4.5,4.5,3.0,35.0,30.5,4.5
Спортивная одежда,Толстовки спортивные,44.5,45.0,3.0,48.0,43.5,44.5
Красота,Ножницы парикмахерские,42.5,45.0,3.0,46.0,41.5,42.5
Спортивный товар,Антифог,37.5,45.0,3.0,41.0,36.5,37.5
Товары для малышей,Машины для приготовления смеси,36.5,45.0,3.0,36.0,31.5,36.5
Сантехника,Термометры для душа,37.5,45.0,3.0,37.0,32.5,37.5
Одежда для малышей,Комплекты нательные для малышей,44.5,45.0,3.0,48.0,43.5,44.5
Хозяйственные товары,Салфетки для одежды,39.5,45.0,3.0,38.0,33.5,39.5
Ручной инструмент и оснастка,Дальномеры,41.5,45.0,3.0,45.0,40.5,41.5
Техника для кухни,Маринаторы,34.5,35.0,3.0,38.0,27.5,34.5
Посуда и инвентарь,Ложки столовые,39.5,45.0,3.0,43.0,38.5,39.5
Продукты,Ростки ячменя,4.5,4.5,3.0,26.0,21.5,4.5
Ручной инструмент и оснастка,Губки абразивные,41.5,45.0,3.0,45.0,40.5,41.5
Товары для взрослых,Вибраторы,39.5,45.0,3.0,43.0,38.5,39.5
Мебель офисная и торговое оборудование,Полкодержатели,36.5,45.0,3.0,34.0,29.5,36.5
Аксессуары для электроники,Чехлы с держателем для телефонов,44.5,45.0,3.0,34.0,29.5,44.5
Товары для курения,Мундштуки для сигарет,38.5,45.0,3.0,38.0,33.5,38.5
Мебель офисная и торговое оборудование,Ножки мебельные,36.5,45.0,3.0,36.0,31.5,36.5
Красота,Тени,42.5,45.0,3.0,46.0,41.5,42.5
Спортивная одежда,Пачки балетные,44.5,45.0,3.0,44.0,39.5,44.5
Профессиональные музыкальные инструменты,Медиаторы,38.5,45.0,3.0,42.0,37.5,38.5
Спортивный товар,Запчасти для скейтбордов,37.5,45.0,3.0,37.0,32.5,37.5
Хозяйственные товары,Пакеты полиэтиленовые,39.5,45.0,3.0,35.0,30.5,39.5
Автоаксессуары и дополнительное оборудование,Ящики навесные для прицепов,36.5,45.0,3.0,36.0,31.5,36.5
Игрушки,Конструкторы,38.5,45.0,3.0,42.0,37.5,38.5
Посуда и инвентарь,Бочонки для напитков,39.5,45.0,3.0,39.0,34.5,39.5
Строительные материалы,Листы металлические,38.5,45.0,3.0,27.0,22.5,38.5
Товары для животных,Вакуумные поилки,31.5,35.0,3.0,31.0,26.5,31.5
Спортивные аксессуары,Держатели для мела,39.5,45.0,3.0,43.0,38.5,39.5
Электроинструмент и оборудование,Фены паяльные,41.5,45.0,3.0,43.0,38.5,41.5
Книжная продукция и диски,Книги родословные,39.5,45.0,3.0,39.0,34.5,39.5
Товары для малышей,Слингомайки,36.5,45.0,3.0,36.0,31.5,36.5
Аксессуары для малышей,Шляпы для малышей,44.5,45.0,3.0,43.0,38.5,44.5
Автозапчасти,Системы привода сцепления,36.5,45.0,3.0,36.0,31.5,36.5
Электрика,Переходники для микроэлектроники,38.5,45.0,3.0,35.0,30.5,38.5
Ювелирные украшения,Ювелирные броши,43.0,45.0,3.0,43.0,42.0,43.0
Аксессуары для электроники,Переходники,44.5,45.0,3.0,42.0,37.5,44.5
Аксессуары,Рюкзаки для фотоаппаратов,44.5,45.0,3.0,44.0,39.5,44.5
Продукты,Язычки медовые,4.5,4.5,3.0,26.0,21.5,4.5
Спортивный товар,Вилки для самокатов,37.5,45.0,3.0,37.0,32.5,37.5
Ручной инструмент и оснастка,Другие измерители,41.5,45.0,3.0,45.0,40.5,41.5
Алкогольная продукция,Абсент,4.5,4.5,3.0,4.5,4.5,4.5
Автозапчасти,Составляющие рулевых тяг,36.5,45.0,3.0,31.0,26.5,36.5
Умный дом и безопасность,Мониторы видеодомофона,34.5,35.0,3.0,38.0,33.5,34.5
Здоровье,Калиперы механические,42.5,45.0,3.0,41.0,36.5,42.5
Посуда и инвентарь,Палочки для сахарной ваты,39.5,45.0,3.0,39.0,34.5,39.5
Продукты,Куриные палочки,4.5,4.5,3.0,25.0,20.5,4.5
Здоровье,Комплектующие для инвалидных колясок,42.5,45.0,3.0,42.0,37.5,42.5
Белье,Пояса для чулок,44.5,45.0,3.0,48.0,43.5,44.5
Спортивный товар,Сноуборды,37.5,45.0,3.0,37.0,32.5,37.5
Все для садоводства,Флюгеры,39.5,45.0,3.0,39.5,38.5,39.5
Обувь,Унты,44.5,45.0,3.0,37.0,32.5,44.5
Спортивная одежда,Болеро спортивные,44.5,45.0,3.0,48.0,43.5,44.5
Продукты,Кулак краба,4.5,4.5,3.0,26.0,21.5,4.5
Игрушки,Электронные планшеты для рисования,38.5,45.0,3.0,42.0,37.5,38.5
Спортивный товар,Ленты ободные,37.5,45.0,3.0,34.0,29.5,37.5
Одежда,Брюки,44.5,45.0,3.0,48.0,43.5,44.5
Садовые инструменты и полив,Сеялки и сажалки,39.5,45.0,3.0,39.0,34.5,39.5
Спортивные аксессуары,Стремена,39.5,45.0,3.0,43.0,38.5,39.5
Автозапчасти,Диски сцепления для авто,36.5,45.0,3.0,36.0,31.5,36.5
Товары для взрослых,Страпоны,39.5,45.0,3.0,43.0,38.5,39.5
Все для садоводства,Балконные ящики,39.5,45.0,3.0,35.5,34.5,39.5
Мототовары,Склизы для снегоходов,36.5,45.0,3.0,31.0,26.5,36.5
Электроинструмент и оборудование,Штроборезы,41.5,45.0,3.0,45.0,40.5,41.5
Посуда и инвентарь,Емкости из полимеров,39.5,45.0,3.0,39.0,34.5,39.5
Профессиональные музыкальные инструменты,Бубны,38.5,45.0,3.0,40.0,35.5,38.5
Автоаксессуары и дополнительное оборудование,Подвески пневматические усиленные,36.5,45.0,3.0,40.0,35.5,36.5
Красота,Пробники косметические,42.5,45.0,3.0,42.0,37.5,42.5
Товары для животных,Кормушки для животных,31.5,35.0,3.0,34.0,29.5,31.5
Спортивный товар,Салфетки для удаления смазки,37.5,45.0,3.0,41.0,36.5,37.5
Красота,Массажеры косметические,42.5,45.0,3.0,41.0,36.5,42.5
Спортивное питание и косметика,Батончики спортивные,35.5,45.0,3.0,35.0,30.5,35.5
Садовая техника,Электропилы цепные,29.5,35.0,3.0,33.0,28.5,29.5
Посуда и инвентарь,Подставки для чайных пакетиков,39.5,45.0,3.0,39.0,34.5,39.5
Садовые инструменты и полив,Насосы поверхностные,29.5,35.0,3.0,29.0,24.5,29.5
Автозапчасти,Тросы КПП,36.5,45.0,3.0,39.0,34.5,36.5
Товары для курения,Запчасти для электронных сигарет,38.5,45.0,3.0,35.0,30.5,38.5
Садовая техника,Триммерные насадки садовые,38.5,45.0,3.0,42.0,37.5,38.5
Красота,Блоки питания для тату машинки,42.5,45.0,3.0,42.0,37.5,42.5
Спортивный товар,Альпинистские кошки,37.5,45.0,3.0,37.0,32.5,37.5
Спортивный товар,Стяжки для ковриков,37.5,45.0,3.0,36.0,31.5,37.5
Красота,Инструменты для маникюра и педикюра,42.5,45.0,3.0,33.0,28.5,42.5
Спортивный товар,Огниво туристическое,37.5,45.0,3.0,31.0,26.5,37.5
Рукоделие,Подрамники,39.5,45.0,3.0,39.0,34.5,39.5
Продукты,Фрикадельки,4.5,4.5,3.0,26.0,21.5,4.5
Товары для отдыха и кемпинга,Чехлы для гриля и мангала,38.5,45.0,3.0,42.0,37.5,38.5
Аксессуары для электроники,Анализаторы состава тела,42.5,45.0,3.0,41.0,36.5,42.5
Одежда для малышей,Распашонки,44.5,45.0,3.0,44.0,39.5,44.5
Аксессуары,Банданы,44.5,45.0,3.0,44.0,39.5,44.5
Спортивный товар,Штанги,37.5,45.0,3.0,37.0,32.5,37.5
Товары для животных,Кольца для птиц,31.5,35.0,3.0,31.0,26.5,31.5
Ювелирные украшения,Ионизаторы серебряные,43.0,45.0,3.0,43.0,42.0,43.0
Автозапчасти,Датчики дождя,36.5,45.0,3.0,36.0,31.5,36.5
Здоровье,Ванночки для лежачих больных,42.5,45.0,3.0,34.5,30.0,42.5
Красота,Основы для пилок,42.5,45.0,3.0,42.0,37.5,42.5
Спортивный товар,Луки,37.5,45.0,3.0,41.0,36.5,37.5
Спортивный товар,Фиксаторы спортивного инвентаря,37.5,45.0,3.0,37.0,32.5,37.5
Автоаксессуары и дополнительное оборудование,Утеплители радиатора,36.5,45.0,3.0,34.0,29.5,36.5
Спортивный товар,Экспедиционные ящики,37.5,45.0,3.0,37.0,32.5,37.5
Периферия и аксессуары,Наушники игровые,34.5,35.0,3.0,29.0,25.0,34.5
Аксессуары,Наклейки для техники,44.5,45.0,3.0,41.0,36.5,44.5
Обувь,Ботинки,44.5,45.0,3.0,42.0,37.5,44.5
Хранение вещей,Вешалки-плечики,36.5,45.0,3.0,34.0,29.5,36.5
Товары для отдыха и кемпинга,Угольные грили,38.5,45.0,3.0,35.0,30.5,38.5
Продукты,Соки,4.5,4.5,3.0,25.0,20.5,4.5
Бытовая техника,Термометры кухонные,35.5,35.0,3.0,39.0,34.5,35.5
Автозапчасти,Гофры глушителя,36.5,45.0,3.0,36.0,31.5,36.5
Хозяйственные товары,Мышеловки,39.5,45.0,3.0,43.0,38.5,39.5
Аксессуары для электроники,Радиосистемы вокальные,42.5,45.0,3.0,41.0,36.5,42.5
Ручной инструмент и оснастка,Кирки,41.5,45.0,3.0,39.0,34.5,41.5
Мототовары,Мотопластик,36.5,45.0,3.0,34.0,29.5,36.5
Готовая еда,Готовые соусы,4.5,4.5,3.0,38.0,34.5,4.5
Автоаксессуары и дополнительное оборудование,Автобаферы,36.5,45.0,3.0,40.0,35.5,36.5
Автозапчасти,Подрамники автомобильные,36.5,45.0,3.0,38.0,33.5,36.5
Красота,Очищающие полоски,42.5,45.0,3.0,46.0,41.5,42.5
Бытовая химия,Средства для прочистки труб,39.5,45.0,3.0,43.0,38.5,39.5
Бытовая техника,Помпы для воды,35.5,35.0,3.0,39.0,34.5,35.5
Красота,Бинты для обертывания,42.5,45.0,3.0,46.0,41.5,42.5
Рукоделие,Другие жидкости для рукоделия,39.5,45.0,3.0,35.0,30.5,39.5
Отделочные материалы,Растворители,38.5,45.0,3.0,26.0,21.5,38.5
Товары для малышей,Термометры для воды,36.5,45.0,3.0,36.0,31.5,36.5
Канцелярские товары,Смачиватели для пальцев,39.5,45.0,3.0,28.0,23.5,39.5
Товары для животных,Лотковые кормушки,31.5,35.0,3.0,31.0,26.5,31.5
Алкогольная продукция,Бальзамы алкогольные,4.5,4.5,3.0,4.5,4.5,4.5
Аксессуары,Инструменты и запчасти для часов,44.5,45.0,3.0,39.0,34.5,44.5
Аксессуары для обуви,Пены для обуви,44.5,45.0,3.0,48.0,43.5,44.5
Спортивный товар,Тренажеры гребные,37.5,45.0,3.0,41.0,36.5,37.5
Профессиональные музыкальные инструменты,Казу,38.5,45.0,3.0,42.0,37.5,38.5
Продукты,Консервы грибные,4.5,4.5,3.0,35.0,30.5,4.5
Для праздника,Небесные фонарики,42.5,45.0,3.0,36.0,31.5,42.5
Здоровье,Компрессы детские,36.5,45.0,3.0,38.5,34.0,36.5
Мототовары,Крылья для мототехники,36.5,45.0,3.0,35.0,30.5,36.5
Аксессуары для электроники,Умная жидкость,44.5,45.0,3.0,43.0,38.5,44.5
Аксессуары,Зажимы для денег,44.5,45.0,3.0,44.0,39.5,44.5
Головные уборы,Шапки-шлемы,44.5,45.0,3.0,44.0,39.5,44.5
Спортивный товар,Аттрактанты рыболовные,37.5,45.0,3.0,41.0,36.5,37.5
Автозапчасти,Маслоохладители автомобильные,36.5,45.0,3.0,40.0,35.5,36.5
Автоаксессуары и дополнительное оборудование,Тяги стеклоочистителя,36.5,45.0,3.0,31.0,26.5,36.5
Для праздника,Елочные украшения,42.5,45.0,3.0,39.0,34.5,42.5
Ручной инструмент и оснастка,Струбцины,41.5,45.0,3.0,45.0,40.5,41.5
Для праздника,Подушечки для обручальных колец,42.5,45.0,3.0,42.0,37.5,42.5
Электроинструмент и оборудование,Вибраторы глубинные,41.5,45.0,3.0,39.0,34.5,41.5
Автоаксессуары и дополнительное оборудование,Другие автоинструменты,36.5,45.0,3.0,36.0,31.5,36.5
Продукты,Яйца,4.5,4.5,3.0,26.0,21.5,4.5
Строительные материалы,Другие строительные крепления,38.5,45.0,3.0,38.0,33.5,38.5
Бытовая химия,Уход за украшениями,39.5,45.0,3.0,43.0,38.5,39.5
Декор интерьера,Подставки для благовоний,39.5,45.0,3.0,34.0,29.5,39.5
Канцелярские товары,Линейки,39.5,45.0,3.0,28.0,23.5,39.5
Красота,Закрепители для лака,42.5,45.0,3.0,42.0,37.5,42.5
Товары для отдыха и кемпинга,Веники для бани,38.5,45.0,3.0,37.0,32.5,38.5
Аксессуары для электроники,Электронные книги,42.5,45.0,3.0,41.0,36.5,42.5
Сантехника,Сифоны,37.5,45.0,3.0,39.0,34.5,37.5
Здоровье,Фонарики диагностические,42.5,45.0,3.0,44.0,39.5,42.5
Товары для отдыха и кемпинга,Бассейны надувные,38.5,45.0,3.0,34.0,29.5,38.5
Строительные материалы,Листовые пластики,38.5,45.0,3.0,27.0,22.5,38.5
Товары для взрослых,Юбки эротик,39.5,45.0,3.0,43.0,38.5,39.5
Товары для отдыха и кемпинга,Печи для казана,38.5,45.0,3.0,38.0,33.5,38.5
Аксессуары для электроники,Видеоувеличители,42.5,45.0,3.0,41.0,36.5,42.5
Электроинструмент и оборудование,Краскопульты,41.5,45.0,3.0,41.0,36.5,41.5
Отделочные материалы,Антисептики-пропитки,38.5,45.0,3.0,41.0,36.5,38.5
Текстиль для дома,Коврики для ванной,39.5,45.0,3.0,41.0,36.5,39.5
Ювелирные украшения,Ювелирные запонки,43.0,45.0,3.0,43.0,42.0,43.0
Красота,Чехлы для косметики,42.5,45.0,3.0,46.0,41.5,42.5
Строительные материалы,Пленки изоляционные,38.5,45.0,3.0,28.0,23.5,38.5
Товары для малышей,Подставки для детских ванночек,36.5,45.0,3.0,40.0,35.5,36.5
Спортивные аксессуары,Наушники для стрельбы,39.5,45.0,3.0,43.0,38.5,39.5
Сантехника,Теплоизоляция для труб,37.5,45.0,3.0,31.0,26.5,37.5
Товары для животных,Системы CO2,31.5,35.0,3.0,31.0,26.5,31.5
Автозапчасти,Электродвигатели,36.5,45.0,3.0,40.0,35.5,36.5
Мототовары,Коленвалы для мототехники,36.5,45.0,3.0,40.0,35.5,36.5
Товары для малышей,Конверты для пеленания,36.5,45.0,3.0,40.0,35.5,36.5
Здоровье,Клинки для ларингоскопа,42.5,45.0,3.0,39.0,34.5,42.5
Товары для курения,Жидкости для электронных сигарет,38.5,45.0,3.0,33.0,28.5,38.5
Игрушки,Патроны для игрушечного оружия,38.5,45.0,3.0,31.0,26.5,38.5
Игрушки,Лодки и катеры,38.5,45.0,3.0,39.0,34.5,38.5
Продукты,Конфеты,4.5,4.5,3.0,35.0,30.5,4.5
Бытовая техника,Подставки для бытовой техники,35.5,35.0,3.0,33.0,28.5,35.5
Автоаксессуары и дополнительное оборудование,Спойлеры,36.5,45.0,3.0,40.0,35.5,36.5
Сетевое оборудование,Wi-Fi-адаптеры,34.5,35.0,3.0,38.0,33.5,34.5
Товары для животных,Шубы для животных,31.5,35.0,3.0,26.0,21.5,31.5
Товары для животных,Гели для животных,31.5,35.0,3.0,31.0,26.5,31.5
Аксессуары для электроники,Фонарики для луп,42.5,45.0,3.0,31.0,26.5,42.5
Готовая еда,Лапша WOK,4.5,4.5,3.0,20.0,16.5,4.5
Ювелирные украшения,Инструменты для ювелирных работ,43.0,45.0,3.0,43.0,42.0,43.0
Автоаксессуары и дополнительное оборудование,Зарядные кабели автомобильные,36.5,45.0,3.0,36.0,31.5,36.5
Текстиль для дома,Наволочки декоративные,39.5,45.0,3.0,35.0,30.5,39.5
Мебель корпусная и мебель для хранения,Шкафы,36.5,45.0,3.0,31.0,26.5,36.5
Канцелярские товары,Наклейки для творчества,39.5,45.0,3.0,38.0,33.5,39.5
Электроинструмент и оборудование,Наковальни,41.5,45.0,3.0,45.0,40.5,41.5
Садовые инструменты и полив,Контейнеры садовые,39.5,45.0,3.0,33.0,28.5,39.5
Одежда,Карнавальные костюмы,44.5,45.0,3.0,48.0,43.5,44.5
Красота,Лосьоны,42.5,45.0,3.0,42.0,37.5,42.5
Рукоделие,Манекены,39.5,45.0,3.0,39.0,34.5,39.5
Канцелярские товары,Канцелярские наборы,39.5,45.0,3.0,39.0,34.5,39.5
Спортивный товар,Поплавки,37.5,45.0,3.0,37.0,32.5,37.5
Спортивный товар,Держатели заднего переключателя,37.5,45.0,3.0,32.0,27.5,37.5
Спортивный товар,Комплектующие к рулевым колонкам,37.5,45.0,3.0,41.0,36.5,37.5
Автозапчасти,Тяги рулевые,36.5,45.0,3.0,40.0,35.5,36.5
Продукты,Консервы овощные,4.5,4.5,3.0,30.0,25.5,4.5
Смартфоны и гаджеты,Смартфоны и гаджеты,44.5,45.0,3.0,40.0,35.5,44.5
Бытовая техника,Лампы для бытовой техники,35.5,35.0,3.0,33.0,28.5,35.5
Электроинструмент и оборудование,Лобзики,41.5,45.0,3.0,42.0,37.5,41.5
Здоровье,Писсуары,42.5,45.0,3.0,41.0,36.5,42.5
Автозапчасти,Составные части стойки амортизатора,36.5,45.0,3.0,40.0,35.5,36.5
Бытовая химия,Средства для мытья окон и зеркал,39.5,45.0,3.0,39.0,34.5,39.5
Рукоделие,Ножи раскройные,39.5,45.0,3.0,39.0,34.5,39.5
Продукты,Трубочки для молока,4.5,4.5,3.0,35.0,30.5,4.5
Фото и Видеотехника,Делители видеосигнала,38.5,45.0,3.0,41.0,36.5,38.5
Одежда,Пижамы,44.5,45.0,3.0,48.0,43.5,44.5
Декор интерьера,Маски сувенирные,39.5,45.0,3.0,43.0,38.5,39.5
Посуда и инвентарь,Ножи для фигурной резки,39.5,45.0,3.0,34.0,29.5,39.5
Ручной инструмент и оснастка,Воротки,41.5,45.0,3.0,45.0,40.5,41.5
Лотереи,Лотерейные билеты,10.0,10.0,3.0,10.0,10.0,10.0
Одежда,Кигуруми,44.5,45.0,3.0,44.0,39.5,44.5
Профессиональные музыкальные инструменты,Кахоны,38.5,45.0,3.0,37.0,32.5,38.5
Для праздника,Аксессуары для фотосессий,42.5,45.0,3.0,42.0,37.5,42.5
Посуда и инвентарь,Формы для льда,39.5,45.0,3.0,39.0,34.5,39.5
Умный дом и безопасность,Видеорегистраторы цифровые,34.5,35.0,3.0,32.0,27.5,34.5
Посуда и инвентарь,Наборы для кэнди бара,39.5,45.0,3.0,32.5,28.0,39.5
Отделочные материалы,Ограничители оконные,38.5,45.0,3.0,32.0,27.5,38.5
Техника для кухни,Приборы экологического контроля,34.5,35.0,3.0,32.0,27.5,34.5
Спортивный товар,Гидролинии велосипедные,37.5,45.0,3.0,37.0,32.5,37.5
Спортивный товар,Фляги велосипедные,37.5,45.0,3.0,36.0,31.5,37.5
Посуда и инвентарь,Крышки для гастроемкостей,39.5,45.0,3.0,43.0,38.5,39.5
Здоровье,Эластики для брекетов,42.5,45.0,3.0,39.0,34.5,42.5
Аксессуары для электроники,Запчасти для сушильных машин,38.5,45.0,3.0,35.5,31.0,38.5
Посуда и инвентарь,Лопатки кухонные,39.5,45.0,3.0,39.0,34.5,39.5
Посуда и инвентарь,Кокотницы,39.5,45.0,3.0,43.0,38.5,39.5
Бытовая химия,Средства для мытья продуктов,39.5,45.0,3.0,43.0,38.5,39.5
Игрушки,Фиджет спиннеры,38.5,45.0,3.0,37.0,32.5,38.5
Автозапчасти,Сальники водяного насоса,36.5,45.0,3.0,36.0,31.5,36.5
Ручной инструмент и оснастка,Стремянки,41.5,45.0,3.0,35.0,30.5,41.5
Мебель офисная и торговое оборудование,Выносные дисплеи,36.5,45.0,3.0,36.0,31.5,36.5
Канцелярские товары,Лотки для бумаг,39.5,45.0,3.0,38.0,33.5,39.5
Здоровье,Ремни для выпрямления ног,42.5,45.0,3.0,32.0,27.5,42.5
Спортивный товар,Обмотки руля,37.5,45.0,3.0,41.0,36.5,37.5
Автоаксессуары и дополнительное оборудование,Тенты автомобильные,36.5,45.0,3.0,39.0,34.5,36.5
Автозапчасти,Разъемы автомобильные,36.5,45.0,3.0,40.0,35.5,36.5
Цифровые товары,Цифровые товары,15.0,15.0,15.0,15.0,15.0,15.0
Автоаксессуары и дополнительное оборудование,Алкотестеры,36.5,45.0,3.0,40.0,35.5,36.5
Спортивный товар,Кофры для снегоходов,37.5,45.0,3.0,37.0,32.5,37.5
Канцелярские товары,Обложки для переплета,39.5,45.0,3.0,39.0,34.5,39.5
Профессиональные музыкальные инструменты,Калимбы,38.5,45.0,3.0,36.0,31.5,38.5
Продукты,Воздушный рис,4.5,4.5,3.0,30.0,25.5,4.5
Посуда и инвентарь,Сахарницы,39.5,45.0,3.0,43.0,38.5,39.5
Посуда и инвентарь,Машинки закаточные,39.5,45.0,3.0,43.0,38.5,39.5
Канцелярские товары,Ценники,39.5,45.0,3.0,43.0,38.5,39.5
Сетевое оборудование,Усилители мобильного сигнала,34.5,35.0,3.0,32.0,27.5,34.5
Автохимия и автокосметика,Ионизаторы и нейтрализаторы запахов в автомобиль,36.5,45.0,3.0,36.0,31.5,36.5
Декор интерьера,Свечи,39.5,45.0,3.0,43.0,38.5,39.5
Автоаксессуары и дополнительное оборудование,Насосы автомобильные,36.5,45.0,3.0,40.0,35.5,36.5
Товары для животных,Вольеры,31.5,35.0,3.0,35.0,30.5,31.5
Белье,Подтяжки бельевые,44.5,45.0,3.0,48.0,43.5,44.5
Строительные материалы,Дюбели,38.5,45.0,3.0,37.0,32.5,38.5
Здоровье,Шприц-пистолеты Калашникова,42.5,45.0,3.0,39.0,34.5,42.5
Продукты,Мясные деликатесы,4.5,4.5,3.0,31.0,26.5,4.5
Шторы и аксессуары,Карнизы,39.5,45.0,3.0,39.0,34.5,39.5
Красота,Бальзамы после бритья,42.5,45.0,3.0,46.0,41.5,42.5
Декор интерьера,Постеры,39.5,45.0,3.0,43.0,38.5,39.5
Товары для курения,Чехлы для зажигалок,38.5,45.0,3.0,42.0,37.5,38.5
Аксессуары для электроники,Сумки для ноутбуков,44.5,45.0,3.0,39.0,34.5,44.5
Здоровье,Комплексные пищевые добавки,42.5,45.0,3.0,38.5,34.0,42.5
Садовые инструменты и полив,Наборы садовых инструментов,39.5,45.0,3.0,42.0,37.5,39.5
Красота,Густое мыло,42.5,45.0,3.0,42.0,37.5,42.5
Все для садоводства,Фитолампы для растений и аксессуары,39.5,45.0,3.0,39.5,38.5,39.5
Садовые инструменты и полив,Насосные станции,29.5,35.0,3.0,33.0,28.5,29.5
Бижутерия,Броши,38.5,45.0,3.0,42.0,37.5,38.5
Посуда и инвентарь,Формочки кулинарные,39.5,45.0,3.0,43.0,38.5,39.5
Мебель садовая,Сундуки садовые,36.5,45.0,3.0,29.0,24.5,36.5
Строительные материалы,Листы оцинкованные,38.5,45.0,3.0,32.0,27.5,38.5
Аксессуары для электроники,Пульсометры,44.5,45.0,3.0,43.0,38.5,44.5
Текстиль для дома,Полотенца-пончо,39.5,45.0,3.0,39.0,34.5,39.5
Спортивное питание и косметика,Гели пищевые,35.5,45.0,3.0,39.0,34.5,35.5
Климатическая техника,Блоки управления для конвекторов,35.5,35.0,3.0,33.0,28.5,35.5
Спортивные аксессуары,Скребки для лыж,39.5,45.0,3.0,37.0,32.5,39.5
Аксессуары для электроники,Экраны для проекторов,42.5,45.0,3.0,38.0,33.5,42.5
Аксессуары для электроники,Кронштейны для аудиотехники,42.5,45.0,3.0,35.0,30.5,42.5
Автозапчасти,Преобразователи давления,36.5,45.0,3.0,40.0,35.5,36.5
Автозапчасти,Комплектующие топливных баков,36.5,45.0,3.0,40.0,35.5,36.5
Хозяйственные товары,Сиденья для ванной,39.5,45.0,3.0,40.0,35.5,39.5
Рукоделие,Резаки для мыла,39.5,45.0,3.0,39.0,34.5,39.5
Аксессуары для электроники,Аккумуляторы для радиоуправляемых игрушек,42.5,45.0,3.0,41.0,36.5,42.5
Посуда и инвентарь,Штопоры,39.5,45.0,3.0,39.0,34.5,39.5
Канцелярские товары,Банковские резинки,39.5,45.0,3.0,28.0,23.5,39.5
Продукты,Урбеч,4.5,4.5,3.0,35.0,30.5,4.5
Канцелярские товары,Печати,39.5,45.0,3.0,43.0,38.5,39.5
Автоаксессуары и дополнительное оборудование,Комплекты шумоизоляции для авто,36.5,45.0,3.0,36.0,31.5,36.5
Автозапчасти,Виброгасители автомобильные,36.5,45.0,3.0,40.0,35.5,36.5
Товары для отдыха и кемпинга,Подголовники для бани,38.5,45.0,3.0,38.0,33.5,38.5
Спортивный товар,Круги для плавания,37.5,45.0,3.0,37.0,32.5,37.5
Аксессуары,Подтяжки,44.5,45.0,3.0,48.0,43.5,44.5
Бытовая химия,Саше ароматические,39.5,45.0,3.0,39.0,34.5,39.5
Здоровье,Пустышки для медикаментов,36.5,45.0,3.0,32.0,27.5,36.5
Обувь,Кроссовки,44.5,45.0,3.0,46.0,41.5,44.5
Одежда,Джемперы,44.5,45.0,3.0,48.0,43.5,44.5
Продукты,Наборы для приготовления шоколада,4.5,4.5,3.0,31.0,26.5,4.5
Товары для животных,Колокольчики для лошади,31.5,35.0,3.0,31.0,26.5,31.5
Аксессуары,Палантины,44.5,45.0,3.0,48.0,43.5,44.5
Ручной инструмент и оснастка,Ключи трубные и газовые,41.5,45.0,3.0,45.0,40.5,41.5
Хозяйственные товары,Доски стиральные,39.5,45.0,3.0,43.0,38.5,39.5
Спортивная одежда,Термолонгсливы спортивные,44.5,45.0,3.0,44.0,39.5,44.5
Крупная бытовая техника,Паровые шкафы для одежды,29.5,35.0,3.0,29.5,28.5,29.5
Сантехника,Гигиенические поддоны под мойку,37.5,45.0,3.0,37.0,32.5,37.5
Игрушки,Шарики для сухих бассейнов,38.5,45.0,3.0,38.0,33.5,38.5
Профессиональные музыкальные инструменты,Системы персонального мониторинга,38.5,45.0,3.0,42.0,37.5,38.5
Садовые инструменты и полив,Блоки автоматики для насосов,39.5,45.0,3.0,39.0,34.5,39.5
Строительные материалы,Рулонная изоляция,38.5,45.0,3.0,28.5,24.0,38.5
Климатическая техника,Сушилки для рук,35.5,35.0,3.0,33.0,28.5,35.5
Продукты,Пишмание,4.5,4.5,3.0,26.0,21.5,4.5
Здоровье,Шприцы-ручки,42.5,45.0,3.0,39.0,34.5,42.5
Аксессуары для электроники,Аксессуары для микрофонов,39.5,45.0,3.0,38.0,33.5,39.5
Бытовая химия,Кремы для уборки,39.5,45.0,3.0,43.0,38.5,39.5
Строительные материалы,Сайдинг панели,38.5,45.0,3.0,29.5,25.0,38.5
Аксессуары для электроники,Защитные стекла,44.5,45.0,3.0,43.0,38.5,44.5
Аксессуары для электроники,Кольца-держатели для телефона,44.5,45.0,3.0,37.0,32.5,44.5
Спецодежда и СИЗы,Краги сварщика,44.5,45.0,3.0,46.5,42.0,44.5
Спортивные аксессуары,Попоны,39.5,45.0,3.0,38.0,33.5,39.5
Бытовая техника,Сервомоторы для швейных машин,35.5,35.0,3.0,33.0,28.5,35.5
Бытовая химия,Соль таблетированная,39.5,45.0,3.0,39.0,34.5,39.5
Спортивные аксессуары,Аккумуляторы для лодок,39.5,45.0,3.0,30.0,26.0,39.5
Ручной инструмент и оснастка,Полотна для сабельных пил,41.5,45.0,3.0,45.0,40.5,41.5
Канцелярские товары,Грамоты и дипломы,39.5,45.0,3.0,39.0,34.5,39.5
Продукты,Десерты творожные,4.5,4.5,3.0,26.0,21.5,4.5
Автозапчасти,Стекла автомобильные,36.5,45.0,3.0,39.0,34.5,36.5
Автозапчасти,Главные пары,36.5,45.0,3.0,40.0,35.5,36.5
Мототовары,Комплектующие руля для мототехники,36.5,45.0,3.0,40.0,35.5,36.5
Текстиль для дома,Чехлы для мебели,39.5,45.0,3.0,43.0,38.5,39.5
Спортивный товар,Ручки тактические,37.5,45.0,3.0,41.0,36.5,37.5
Товары для животных,Аптечки для сельскохозяйственных животных,31.5,35.0,3.0,31.0,26.5,31.5
Сантехника,Пробки для ванной,37.5,45.0,3.0,27.0,22.5,37.5
Красота,Держатели для флаконов лака,42.5,45.0,3.0,46.0,41.5,42.5
Строительные материалы,Затирки,38.5,45.0,3.0,32.0,27.5,38.5
Профессиональные музыкальные инструменты,Клаве,38.5,45.0,3.0,40.0,35.5,38.5
Товары для животных,Рептухи для сена,31.5,35.0,3.0,31.0,26.5,31.5
Продукты,Вина безалкогольные,4.5,4.5,3.0,35.0,30.5,4.5
Строительные материалы,Сваи,38.5,45.0,3.0,28.0,23.5,38.5
Спортивный товар,Юбки для каякинга,37.5,45.0,3.0,32.0,27.5,37.5
Автоаксессуары и дополнительное оборудование,Наклейки на авто,36.5,45.0,3.0,36.0,31.5,36.5
Спортивный товар,Велосипеды трехколесные,37.5,45.0,3.0,41.0,36.5,37.5
Продукты,Консервированные готовые блюда,4.5,4.5,3.0,35.0,30.5,4.5
Товары для животных,Каши для собак,31.5,35.0,3.0,35.0,30.5,31.5
Автоаксессуары и дополнительное оборудование,Обложки для автодокументов,36.5,45.0,3.0,40.0,35.5,36.5
Автохимия и автокосметика,Воски для автомобиля,36.5,45.0,3.0,36.0,31.5,36.5
Спортивный товар,Тренировочные ремни,37.5,45.0,3.0,41.0,36.5,37.5
Аксессуары,Декор для сумок и рюкзаков,44.5,45.0,3.0,41.0,36.5,44.5
Товары для взрослых,Товары для взрослых,39.5,45.0,3.0,43.0,38.5,39.5
Товары для животных,Соединители для аквариумных шлангов,31.5,35.0,3.0,26.0,21.5,31.5
Здоровье,Инвалидные коляски электрические,42.5,45.0,3.0,42.0,37.5,42.5
Бытовая техника,Будильники энурезные,35.5,35.0,3.0,39.0,34.5,35.5
Мебель корпусная и мебель для хранения,Стойки гардеробные,36.5,45.0,3.0,40.0,35.5,36.5
Одежда,Комбинезоны,44.5,45.0,3.0,47.0,42.5,44.5
Одежда,Дождевики,44.5,45.0,3.0,48.0,43.5,44.5
Здоровье,Компрессионные брюки,42.5,45.0,3.0,34.5,30.0,42.5
Спортивные аксессуары,Защита тела,39.5,45.0,3.0,39.0,34.5,39.5
Красота,Защита для клип-кордов,42.5,45.0,3.0,45.0,40.5,42.5
Автозапчасти,Рулевые механизмы,36.5,45.0,3.0,40.0,35.5,36.5
Автозапчасти,Гидроаккумуляторы автомобильные,36.5,45.0,3.0,36.0,31.5,36.5
Красота,Клей для накладных ресниц,42.5,45.0,3.0,46.0,41.5,42.5
Ручной инструмент и оснастка,Стеклодомкраты,41.5,45.0,3.0,41.5,37.0,41.5
Все для садоводства,Сумки для выращивания рассады,39.5,45.0,3.0,39.5,38.5,39.5
Сантехника,Унитазы,37.5,45.0,3.0,37.0,32.5,37.5
Товары для взрослых,Печенье эротик,39.5,45.0,3.0,43.0,34.5,39.5
Автоаксессуары и дополнительное оборудование,Комплектующие для лебедок,36.5,45.0,3.0,36.0,31.5,36.5
Мототовары,Электробайки,40.5,45.0,3.0,31.0,27.5,40.5
Здоровье,Антисептики кожные,42.5,45.0,3.0,39.0,34.5,42.5
Ручной инструмент и оснастка,Гвоздодеры,41.5,45.0,3.0,45.0,40.5,41.5
Красота,Сменные файлы для пилок,42.5,45.0,3.0,46.0,41.5,42.5
Профессиональные музыкальные инструменты,Звукосниматели,38.5,45.0,3.0,42.0,37.5,38.5
Товары для животных,Фиксаторы аквариумного фона,31.5,35.0,3.0,31.0,26.5,31.5
Продукты,Рыбные палочки,4.5,4.5,3.0,26.0,21.5,4.5
Товары для отдыха и кемпинга,Подушки для садовых качелей,38.5,45.0,3.0,38.0,33.5,38.5
Электрика,Замки для электрошкафов,38.5,45.0,3.0,35.0,30.5,38.5
Здоровье,Крючки медицинские,42.5,45.0,3.0,34.5,30.0,42.5
Продукты,Ветчина,4.5,4.5,3.0,31.0,26.5,4.5
Игрушки,Кинетический песок,38.5,45.0,3.0,38.0,33.5,38.5
Аксессуары для электроники,Запчасти для стиральных машин,38.5,45.0,3.0,42.0,37.5,38.5
Спортивный товар,Велоудочки,37.5,45.0,3.0,37.0,32.5,37.5
Садовые инструменты и полив,Серпы,39.5,45.0,3.0,43.0,38.5,39.5
Автозапчасти,Соединительные элементы масляного радиатора,36.5,45.0,3.0,29.5,25.0,36.5
Канцелярские товары,Растушевки,39.5,45.0,3.0,38.0,33.5,39.5
Канцелярские товары,Рапидографы,39.5,45.0,3.0,43.0,38.5,39.5
Красота,Смесители и комплектующие для парикмахерских моек,42.5,45.0,3.0,42.0,37.5,42.5
Спортивный товар,Упоры для отжиманий,37.5,45.0,3.0,40.0,35.5,37.5
Ручной инструмент и оснастка,Паяльники,41.5,45.0,3.0,45.0,40.5,41.5
Ручной инструмент и оснастка,Лестницы строительные,41.5,45.0,3.0,40.0,35.5,41.5
Спортивный товар,Печи туристические,37.5,45.0,3.0,37.0,32.5,37.5
Спортивный товар,Турники,37.5,45.0,3.0,37.0,32.5,37.5
Отделочные материалы,Комплектующие к плинтусам,38.5,45.0,3.0,37.0,32.5,38.5
Товары для малышей,Заглушки для розеток,36.5,45.0,3.0,35.0,30.5,36.5
Товары для животных,Толстовки для животных,31.5,35.0,3.0,35.0,30.5,31.5
Здоровье,Ходунки медицинские,42.5,45.0,3.0,40.0,35.5,42.5
Строительные материалы,Древесно-плитные материалы,38.5,45.0,3.0,27.0,22.5,38.5
Спортивный товар,Полотенца спортивные,37.5,45.0,3.0,41.0,36.5,37.5
Техника для кухни,Кипятильники,34.5,35.0,3.0,38.0,33.5,34.5
Для праздника,Букеты свадебные,42.5,45.0,3.0,42.0,37.5,42.5
Ноутбуки и компьютеры,Другие запчасти для компьютеров,34.5,35.0,3.0,38.0,33.5,34.5
Посуда и инвентарь,Кастрюли,39.5,45.0,3.0,41.0,36.5,39.5
Хозяйственные товары,Ершики для унитаза,39.5,45.0,3.0,39.0,34.5,39.5
Красота,Пленка для обертывания,42.5,45.0,3.0,43.0,38.5,42.5
Умный дом и безопасность,Умные лампочки,34.5,35.0,3.0,38.0,33.5,34.5
Автозапчасти,Вспомогательные передачи,36.5,45.0,3.0,31.0,26.5,36.5
Автохимия и автокосметика,Жидкое стекло,36.5,45.0,3.0,36.0,31.5,36.5
Красота,Флюиды,42.5,45.0,3.0,46.0,41.5,42.5
Одежда для малышей,Песочники,44.5,45.0,3.0,48.0,43.5,44.5
Ручной инструмент и оснастка,Губки для удаления затирки,41.5,45.0,3.0,41.0,36.5,41.5
Автозапчасти,Системы рециркуляции отработавших газов,36.5,45.0,3.0,40.0,35.5,36.5
Строительные материалы,Комплектующие для ворот и калиток,38.5,45.0,3.0,42.0,37.5,38.5
Для праздника,Карнавальные парики,42.5,45.0,3.0,42.0,37.5,42.5
Товары для животных,Пластыри для животных,31.5,35.0,3.0,35.0,30.5,31.5
Профессиональные музыкальные инструменты,Стойки для музыкальных инструментов,38.5,45.0,3.0,39.0,34.5,38.5
Строительные материалы,Наборы крепежа,38.5,45.0,3.0,42.0,37.5,38.5
Автозапчасти,Фильтры автомобильные,36.5,45.0,3.0,38.0,33.5,36.5
Канцелярские товары,Разделители страниц,39.5,45.0,3.0,34.0,29.5,39.5
Канцелярские товары,Холдеры для коллекционирования,39.5,45.0,3.0,34.0,29.5,39.5
Строительные материалы,Цепи строительные,38.5,45.0,3.0,42.0,37.5,38.5
Цифровые товары,Сертификаты на услуги,15.0,15.0,15.0,15.0,15.0,15.0
Обувь,Сандалии,44.5,45.0,3.0,43.0,38.5,44.5
Продукты,Кефир,4.5,4.5,3.0,25.0,20.5,4.5
Мебель мягкая,Кушетки,36.5,45.0,3.0,25.0,20.5,36.5
Транспортные средства,Гидроциклы,0.5,0.5,0.5,0.5,0.5,0.5
Автоаксессуары и дополнительное оборудование,Домкраты,36.5,45.0,3.0,40.0,35.5,36.5
Автоаксессуары и дополнительное оборудование,Сигналы звуковые пневмо-электрические,36.5,45.0,3.0,36.0,31.5,36.5
Автозапчасти,Торсионные демпферы,36.5,45.0,3.0,40.0,35.5,36.5
Белье,Носки,44.5,45.0,3.0,48.0,43.5,44.5
Профессиональные музыкальные инструменты,Кастаньеты,38.5,45.0,3.0,42.0,37.5,38.5
Товары для животных,Комплектующие для доильных аппаратов,31.5,35.0,3.0,31.0,26.5,31.5
Спортивный товар,Скакалки,37.5,45.0,3.0,41.0,36.5,37.5
Красота,Бронзеры,42.5,45.0,3.0,46.0,41.5,42.5
Товары для отдыха и кемпинга,Средства для септиков,38.5,45.0,3.0,38.0,33.5,38.5
Спортивная обувь,Ботинки лыжные,44.5,45.0,3.0,38.0,33.5,44.5
Автозапчасти,Радиаторы охлаждения,36.5,45.0,3.0,33.0,28.5,36.5
Товары для отдыха и кемпинга,Чаши для костра,38.5,45.0,3.0,41.0,36.5,38.5
Аксессуары,Чехлы для галстуков,44.5,45.0,3.0,48.0,43.5,44.5
Товары для малышей,Стерилизаторы детские,36.5,45.0,3.0,40.0,35.5,36.5
Декор интерьера,Сухоцветы,39.5,45.0,3.0,43.0,38.5,39.5
Сантехника,Кран-буксы,37.5,45.0,3.0,41.0,36.5,37.5
Для праздника,Медали подарочные,42.5,45.0,3.0,46.0,41.5,42.5
Здоровье,Пипетки,42.5,45.0,3.0,31.0,26.5,42.5
Товары для взрослых,Бюстгальтеры эротик,39.5,45.0,3.0,43.0,38.5,39.5
Мебель корпусная и мебель для хранения,Обувницы,36.5,45.0,3.0,36.0,31.5,36.5
Аксессуары для электроники,Щетки для робот-пылесосов,35.5,35.0,3.0,31.0,26.5,35.5
Красота,Глина косметическая,42.5,45.0,3.0,46.0,41.5,42.5
Обувь,Сапоги,44.5,45.0,3.0,38.0,33.5,44.5
Крупная бытовая техника,Духовые шкафы,29.5,35.0,3.0,20.5,19.5,29.5
Ручной инструмент и оснастка,Шумомеры,41.5,45.0,3.0,45.0,40.5,41.5
Ручной инструмент и оснастка,Центроискатели,41.5,45.0,3.0,41.0,36.5,41.5
Спортивный товар,Чехлы для путешествий,37.5,45.0,3.0,41.0,36.5,37.5
Спортивный товар,Пули для пневматики,37.5,45.0,3.0,41.0,36.5,37.5
Строительные материалы,Вагонки деревянные,38.5,45.0,3.0,24.0,19.5,38.5
Аксессуары для обуви,Щетки для обуви,44.5,45.0,3.0,39.0,34.5,44.5
Товары для животных,Щетки для животных,31.5,35.0,3.0,26.0,21.5,31.5
Одежда,Худи,44.5,45.0,3.0,44.0,39.5,44.5
Товары для отдыха и кемпинга,Дровницы,38.5,45.0,3.0,38.0,33.5,38.5
Автозапчасти,Прокладки термостатов,36.5,45.0,3.0,40.0,35.5,36.5
Автоаксессуары и дополнительное оборудование,Боди-лифт,36.5,45.0,3.0,40.0,35.5,36.5
Автоэлектроника,Радар-детекторы,36.5,45.0,3.0,38.0,33.5,36.5
Детское питание,Кисели детские,4.5,4.5,3.0,34.0,29.5,4.5
Одежда,Одежда,44.5,45.0,3.0,48.0,43.5,44.5
Товары для отдыха и кемпинга,Ремкомплекты для надувной мебели,38.5,45.0,3.0,26.0,21.5,38.5
Спортивный товар,Газовые лампы,37.5,45.0,3.0,37.0,32.5,37.5
Продукты,Шоколадные яйца,4.5,4.5,3.0,35.0,30.5,4.5
Сантехника,Мойки для кухни,37.5,45.0,3.0,31.5,27.0,37.5
Посуда и инвентарь,Чехлы для ручек холодильников,39.5,45.0,3.0,38.5,34.0,39.5
Автохимия и автокосметика,Очистители кузова,36.5,45.0,3.0,40.0,35.5,36.5
Продукты,Маслины,4.5,4.5,3.0,35.0,30.5,4.5
Продукты,Орехи в меду,4.5,4.5,3.0,31.0,26.5,4.5
Продукты,Люля-кебаб,4.5,4.5,3.0,26.0,21.5,4.5
Автозапчасти,Сошки рулевого управления,36.5,45.0,3.0,40.0,35.5,36.5
Бытовая химия,Капсулы для посудомоечных машин,39.5,45.0,3.0,43.0,38.5,39.5
Спортивный товар,Приманки мягкие,37.5,45.0,3.0,41.0,36.5,37.5
Ручной инструмент и оснастка,Смазки для откручивания,41.5,45.0,3.0,41.0,36.5,41.5
Сантехника,Фильтры магистральные,37.5,45.0,3.0,37.0,32.5,37.5
Канцелярские товары,Таблички и наклейки информационные,39.5,45.0,3.0,43.0,38.5,39.5
Электроинструмент и оборудование,Фены технические,41.5,45.0,3.0,39.0,34.5,41.5
Автоаксессуары и дополнительное оборудование,Вешалки автомобильные,36.5,45.0,3.0,40.0,35.5,36.5
Рукоделие,Грибки для штопки,39.5,45.0,3.0,34.0,29.5,39.5
Отделочные материалы,"Дверные доборы, коробки и наличники",38.5,45.0,3.0,42.0,37.5,38.5
Посуда и инвентарь,Подставки для варки на пару,39.5,45.0,3.0,43.0,38.5,39.5
Крупная бытовая техника,Стиральные машины активаторного типа,29.5,35.0,3.0,19.5,18.5,29.5
Строительные материалы,Доборные элементы для кровли,38.5,45.0,3.0,24.0,19.5,38.5
Все для садоводства,Укрывной материал для растений,39.5,45.0,3.0,33.5,32.5,39.5
Спортивный товар,Концевики велосипедные,37.5,45.0,3.0,32.0,27.5,37.5
Автозапчасти,Вкладыши коленвала,36.5,45.0,3.0,36.0,31.5,36.5
Алкогольная продукция,Коньяк,4.5,4.5,3.0,9.5,9.5,4.5
Здоровье,Зеркала медицинские,42.5,45.0,3.0,41.0,36.5,42.5
Автозапчасти,Конденсаторы автомобильные,36.5,45.0,3.0,31.0,26.5,36.5
Продукты,Рыба сушеная,4.5,4.5,3.0,35.0,30.5,4.5
Спортивное питание и косметика,Хлебцы протеиновые,35.5,45.0,3.0,36.0,31.5,35.5
Товары для взрослых,Календари эротические,39.5,45.0,3.0,38.0,33.5,39.5
Хозяйственные товары,Карнизы для ванной,39.5,45.0,3.0,40.0,35.5,39.5
Канцелярские товары,Ленты чековые,39.5,45.0,3.0,41.0,36.5,39.5
Автоаксессуары и дополнительное оборудование,Столбики парковочные,36.5,45.0,3.0,33.0,28.5,36.5
Техника для красоты и здоровья,Дезинфицирующие аппараты,35.5,35.0,3.0,33.0,28.5,35.5
Товары для взрослых,Запчасти для секс машины,39.5,45.0,3.0,43.0,38.5,39.5
Ручной инструмент и оснастка,Заготовки для ножей,41.5,45.0,3.0,41.0,36.5,41.5
Телевизоры и аудиотехника,Приборы для настройки спутниковых антенн,39.5,45.0,3.0,36.0,31.5,39.5
Ветаптека,Дерматологические препараты для животных,31.5,35.0,3.0,27.0,22.5,31.5
Спортивный товар,Коврики спортивные,37.5,45.0,3.0,31.0,26.5,37.5
Посуда и инвентарь,Тарелки,39.5,45.0,3.0,42.0,37.5,39.5
Электроинструмент и оборудование,Перфораторы,41.5,45.0,3.0,40.0,35.5,41.5
Рукоделие,Наборы для создания слепков,39.5,45.0,3.0,39.0,34.5,39.5
Товары для животных,Рукава для дрессировки,31.5,35.0,3.0,31.0,26.5,31.5
Одежда для малышей,Джеггинсы для малышей,44.5,45.0,3.0,44.0,39.5,44.5
Здоровье,Насадки для систем отбеливания,42.5,45.0,3.0,39.0,34.5,42.5
Продукты,Посыпки кондитерские,4.5,4.5,3.0,30.0,25.5,4.5
Ручной инструмент и оснастка,Шпатели строительные,41.5,45.0,3.0,40.0,35.5,41.5
Спортивный товар,Бинты спортивные,37.5,45.0,3.0,37.0,32.5,37.5
Красота,Средства для снятия лака,42.5,45.0,3.0,36.0,31.5,42.5
Техника для красоты и здоровья,Электрические зубные щетки,35.5,35.0,3.0,33.0,28.5,35.5
Декор интерьера,Наборы для чистки камина,39.5,45.0,3.0,43.0,38.5,39.5
Рукоделие,Карандаши для ткани,39.5,45.0,3.0,30.0,25.5,39.5
Профессиональные музыкальные инструменты,Пэды тренировочные,38.5,45.0,3.0,42.0,37.5,38.5
Посуда и инвентарь,Плунжеры кондитерские,39.5,45.0,3.0,38.0,33.5,39.5
Хранение вещей,Ключницы настенные,36.5,45.0,3.0,40.0,35.5,36.5
Спортивный товар,Нейтрализаторы запаха спортивные,37.5,45.0,3.0,41.0,36.5,37.5
Здоровье,Изделия от мобильного излучения,42.5,45.0,3.0,39.0,34.5,42.5
Строительные материалы,Штакетники,38.5,45.0,3.0,42.0,37.5,38.5
Аксессуары для электроники,Зарядные устройства,44.5,45.0,3.0,43.0,38.5,44.5
Посуда и инвентарь,Ножи кухонные,39.5,45.0,3.0,43.0,38.5,39.5
Спортивный товар,Педали,37.5,45.0,3.0,41.0,36.5,37.5
Посуда и инвентарь,Безмены,39.5,45.0,3.0,43.0,38.5,39.5
Книжная продукция и диски,Карты Оракул,39.5,45.0,3.0,39.0,34.5,39.5
Аксессуары,Косметички,44.5,45.0,3.0,48.0,43.5,44.5
Красота,Зубные щетки,42.5,45.0,3.0,46.0,41.5,42.5
Рукоделие,Колодки портновские,39.5,45.0,3.0,43.0,38.5,39.5
Игрушки,Игровые телефоны,38.5,45.0,3.0,42.0,37.5,38.5
Автоаксессуары и дополнительное оборудование,Очки для водителей,36.5,45.0,3.0,36.0,31.5,36.5
Товары для животных,Майки для животных,31.5,35.0,3.0,35.0,30.5,31.5
Аксессуары,Рукава,44.5,45.0,3.0,48.0,43.5,44.5
Автоаксессуары и дополнительное оборудование,Тестеры заряда АКБ,36.5,45.0,3.0,40.0,35.5,36.5
Красота,Клей для наращивания волос,42.5,45.0,3.0,42.0,37.5,42.5
Спортивный товар,Счетчики лески,37.5,45.0,3.0,37.0,32.5,37.5
Строительные материалы,Замки почтовые,38.5,45.0,3.0,28.0,23.5,38.5
Белье,Подвязки,44.5,45.0,3.0,48.0,43.5,44.5
Аксессуары,Веера,44.5,45.0,3.0,48.0,43.5,44.5
Все для садоводства,Флорариумы,39.5,45.0,3.0,35.5,34.5,39.5
Товары для взрослых,Анальные груши,39.5,45.0,3.0,43.0,38.5,39.5
Посуда и инвентарь,Наборы для декорирования десертов,39.5,45.0,3.0,43.0,38.5,39.5
Спортивный товар,Гарпуны,37.5,45.0,3.0,41.0,36.5,37.5
Автоаксессуары и дополнительное оборудование,Огнетушители автомобильные,36.5,45.0,3.0,40.0,35.5,36.5
Спортивный товар,Велокомпьютеры,37.5,45.0,3.0,41.0,36.5,37.5
Игрушки,Наборы для песочницы,38.5,45.0,3.0,37.0,32.5,38.5
Красота,Органайзеры для косметики,42.5,45.0,3.0,41.0,36.5,42.5
Товары для отдыха и кемпинга,Походный душ,38.5,45.0,3.0,42.0,37.5,38.5
Автозапчасти,Фильтры охлаждающей жидкости,36.5,45.0,3.0,35.0,30.5,36.5
Спортивная обувь,Борцовки,44.5,45.0,3.0,48.0,43.5,44.5
Текстиль для дома,Наперники,39.5,45.0,3.0,43.0,38.5,39.5
Отделочные материалы,Пасты полировальные,38.5,45.0,3.0,42.0,37.5,38.5
Спортивный товар,Трубки духовые,37.5,45.0,3.0,37.0,32.5,37.5
Детское питание,Нектары детские,4.5,4.5,3.0,28.0,23.5,4.5
Спортивный товар,Спальники туристические,37.5,45.0,3.0,34.0,29.5,37.5
Аккумуляторы для ТС,Аккумуляторы для автомобилей,36.5,45.0,3.0,36.0,31.5,36.5
Садовые инструменты и полив,Катки для газона,39.5,45.0,3.0,38.0,33.5,39.5
Декор интерьера,Комплектующие для диффузоров,39.5,45.0,3.0,34.0,29.5,39.5
Бытовая техника,Машинки против катышек,35.5,35.0,3.0,39.0,34.5,35.5
Товары для животных,Навесные поилки,31.5,35.0,3.0,31.0,26.5,31.5
Сантехника,Краны шаровые для газа,37.5,45.0,3.0,41.0,36.5,37.5
Автохимия и автокосметика,Грунтовки для автомобиля,36.5,45.0,3.0,40.0,35.5,36.5
Товары для животных,Машинки для стрижки животных,31.5,35.0,3.0,35.0,30.5,31.5
Профессиональные музыкальные инструменты,Наклейки для гитар,38.5,45.0,3.0,42.0,37.5,38.5
Белье,Костюмы купальные,44.5,45.0,3.0,48.0,43.5,44.5
Товары для животных,Инструменты для пчеловодства,31.5,35.0,3.0,35.0,30.5,31.5
Посуда и инвентарь,Пробки для бутылок,39.5,45.0,3.0,38.0,33.5,39.5
Здоровье,Подгузники для взрослых,42.5,45.0,3.0,36.0,31.5,42.5
Посуда и инвентарь,Доски сервировочные,39.5,45.0,3.0,43.0,38.5,39.5
Хранение вещей,Органайзеры подвесные,36.5,45.0,3.0,40.0,35.5,36.5
Посуда и инвентарь,Палочки для мороженого,39.5,45.0,3.0,33.0,28.5,39.5
Рукоделие,Стразы,39.5,45.0,3.0,43.0,38.5,39.5
Канцелярские товары,Информационные стойки,39.5,45.0,3.0,43.0,38.5,39.5
Рукоделие,Этюдники,39.5,45.0,3.0,43.0,38.5,39.5
Товары для взрослых,Возбуждающие напитки,39.5,45.0,3.0,33.0,28.5,39.5
Аксессуары для электроники,Аксессуары для виртуальных очков,44.5,45.0,3.0,39.0,34.5,44.5
Ветаптека,Препараты для лечения глаз и ушей у животных,31.5,35.0,3.0,28.0,23.5,31.5
Игровые консоли и игры,Игровые консоли,29.5,35.0,3.0,33.0,28.5,29.5
Здоровье,Имплантируемые порт-системы,42.5,45.0,3.0,37.0,32.5,42.5
Фото и Видеотехника,Аксессуары для экшн-камер,38.5,45.0,3.0,36.0,31.5,38.5
Электроинструмент и оборудование,Насосы вакуумные,41.5,45.0,3.0,36.0,31.5,41.5
Мототовары,Проставки для квадроциклов,36.5,45.0,3.0,40.0,35.5,36.5
Автозапчасти,Интеркулеры,36.5,45.0,3.0,39.0,34.5,36.5
Спортивный товар,Канаты тренировочные,37.5,45.0,3.0,40.0,35.5,37.5
Отделочные материалы,Двери межкомнатные,38.5,45.0,3.0,35.0,30.5,38.5
Ветаптека,Успокоительные препараты для животных,31.5,35.0,3.0,24.0,19.5,31.5
Для праздника,Карнавальные ободки,42.5,45.0,3.0,42.0,37.5,42.5
Продукты,Халва,4.5,4.5,3.0,35.0,30.5,4.5
Отделочные материалы,Заготовки ключей,38.5,45.0,3.0,38.0,33.5,38.5
Климатическая техника,Ножки для конвекторов,35.5,35.0,3.0,33.0,28.5,35.5
Белье,Комплекты белья,44.5,45.0,3.0,48.0,43.5,44.5
Декор интерьера,Магниты сувенирные,39.5,45.0,3.0,43.0,38.5,39.5
Для праздника,Карнавальные маски,42.5,45.0,3.0,46.0,41.5,42.5
Продукты,Колбасы,4.5,4.5,3.0,31.0,26.5,4.5
Посуда и инвентарь,Иглы кулинарные,39.5,45.0,3.0,39.0,34.5,39.5
Строительные материалы,Закладные детали,38.5,45.0,3.0,32.0,27.5,38.5
Посуда и инвентарь,Трафареты для напитков,39.5,45.0,3.0,31.0,26.5,39.5
Мототовары,Реле для мототехники,36.5,45.0,3.0,40.0,35.5,36.5
Ручной инструмент и оснастка,Инструменты для зачистки проводов,41.5,45.0,3.0,41.0,36.5,41.5
Телевизоры и аудиотехника,Blu-Ray проигрыватели,39.5,45.0,3.0,35.0,30.5,39.5
Все для садоводства,Арки садовые,39.5,45.0,3.0,39.5,38.5,39.5
Автохимия и автокосметика,Полироли кузова,36.5,45.0,3.0,40.0,35.5,36.5
Хозяйственные товары,Перчатки хозяйственные,39.5,45.0,3.0,43.0,38.5,39.5
Автохимия и автокосметика,Автомобильные ароматизаторы,36.5,45.0,3.0,40.0,35.5,36.5
Красота,Тележки парикмахерские,42.5,45.0,3.0,42.0,37.5,42.5
Садовые инструменты и полив,Ножи садовые,39.5,45.0,3.0,43.0,38.5,39.5
Аксессуары для электроники,Аксессуары для аэрогрилей,34.5,35.0,3.0,32.0,27.5,34.5
Бытовая химия,Ополаскиватели для посудомоечных машин,39.5,45.0,3.0,43.0,38.5,39.5
Автоаксессуары и дополнительное оборудование,Инструменты для кручения болтов,36.5,45.0,3.0,40.0,35.5,36.5
Мебель офисная и торговое оборудование,Столики для ноутбуков,36.5,45.0,3.0,36.0,31.5,36.5
Спортивный товар,Аквадиски,37.5,45.0,3.0,37.0,32.5,37.5
Рукоделие,Бисер,39.5,45.0,3.0,41.0,36.5,39.5
Электрика,Конденсаторы,42.5,45.0,3.0,39.5,35.0,42.5
Спецодежда и СИЗы,Брюки одноразовые,38.5,45.0,3.0,42.0,37.5,38.5
Мебель офисная и торговое оборудование,Весы ювелирные,36.5,45.0,3.0,40.0,35.5,36.5
Спортивный товар,Автопилоты для прикормочных корабликов,37.5,45.0,3.0,36.5,32.0,37.5
Ручной инструмент и оснастка,Ступени,41.5,45.0,3.0,38.0,33.5,41.5
Товары для взрослых,Грации эротик,39.5,45.0,3.0,43.0,38.5,39.5
Аксессуары,Другие аксессуары для багажа,44.5,45.0,3.0,44.0,39.5,44.5
Спортивный товар,Тренажеры,37.5,45.0,3.0,40.0,35.5,37.5
Сантехника,Прокладки сантехнические,37.5,45.0,3.0,30.0,25.5,37.5
Красота,CC-кремы,42.5,45.0,3.0,46.0,41.5,42.5
Спортивный товар,Другой спортивный инвентарь,37.5,45.0,3.0,41.0,36.5,37.5
Аксессуары для электроники,Аксессуары и запчасти для кофемашин и кофеварок,34.5,35.0,3.0,38.0,33.5,34.5
Автозапчасти,Цилиндры автомобильные,36.5,45.0,3.0,36.0,31.5,36.5
Строительные материалы,Сетки заборные,38.5,45.0,3.0,38.0,33.5,38.5
Отделочные материалы,Глазки дверные,38.5,45.0,3.0,42.0,37.5,38.5
Автохимия и автокосметика,Очистители тормозов,36.5,45.0,3.0,40.0,35.5,36.5
Садовые инструменты и полив,Грабли,39.5,45.0,3.0,41.0,36.5,39.5
Спортивный товар,Арбалеты для отдыха,37.5,45.0,3.0,41.0,36.5,37.5
Автозапчасти,Блоки управления вентилятора,36.5,45.0,3.0,36.0,31.5,36.5
Товары для малышей,Автокресла детские,36.5,45.0,3.0,30.0,25.5,36.5
Товары для малышей,Полотенца крестильные,36.5,45.0,3.0,40.0,35.5,36.5
Электрика,Джамперы для микроэлектроники,38.5,45.0,3.0,35.0,30.5,38.5
Техника для кухни,Электрические консервные ножи,34.5,35.0,3.0,30.0,25.5,34.5
Здоровье,Одеяла одноразовые,42.5,45.0,3.0,28.0,23.5,42.5
Продукты,Наггетсы,4.5,4.5,3.0,25.0,20.5,4.5
Отделочные материалы,Петли дверные,38.5,45.0,3.0,42.0,37.5,38.5
Техника для красоты и здоровья,Мультистайлеры,35.5,35.0,3.0,33.0,28.5,35.5
Одежда,Пеньюары,44.5,45.0,3.0,48.0,43.5,44.5
Товары для отдыха и кемпинга,Сетки для сушки,38.5,45.0,3.0,38.0,33.5,38.5
Мебель офисная и торговое оборудование,Промоящики,36.5,45.0,3.0,33.0,28.5,36.5
Электроинструмент и оборудование,Вибротехника,41.5,45.0,3.0,40.0,35.5,41.5
Товары для отдыха и кемпинга,Меха для розжига,38.5,45.0,3.0,27.0,22.5,38.5
Продукты,Фитококтейли,4.5,4.5,3.0,35.0,30.5,4.5
Хранение вещей,Подставки для париков,36.5,45.0,3.0,30.0,25.5,36.5
Спортивный товар,Заглушки для лыж,37.5,45.0,3.0,36.5,32.0,37.5
Товары для курения,Шилья для кальяна,38.5,45.0,3.0,42.0,37.5,38.5
Электроинструмент и оборудование,Комплекты транспортировочные для генераторов,41.5,45.0,3.0,40.0,35.5,41.5
Автозапчасти,Шатуны автомобильные,36.5,45.0,3.0,40.0,35.5,36.5
Строительные материалы,Коуши,38.5,45.0,3.0,35.0,30.5,38.5
Аксессуары,Клатчи,44.5,45.0,3.0,48.0,43.5,44.5
Аксессуары для электроники,Трекеры сна,42.5,45.0,3.0,35.0,30.5,42.5
Автохимия и автокосметика,Лаки для автомобиля,36.5,45.0,3.0,40.0,35.5,36.5
Сантехника,Теплоизоляция для теплых полов,37.5,45.0,3.0,31.0,26.5,37.5
Товары для животных,Доильные аппараты,31.5,35.0,3.0,31.0,26.5,31.5
Здоровье,Протезы и аксессуары,42.5,45.0,3.0,42.0,37.5,42.5
Продукты,Манты,4.5,4.5,3.0,26.0,21.5,4.5
Красота,Кейсы для косметики,42.5,45.0,3.0,41.0,36.5,42.5
Фото и Видеотехника,Конвертеры видеосигнала,38.5,45.0,3.0,36.0,31.5,38.5
Спортивная одежда,Платья спортивные,44.5,45.0,3.0,48.0,43.5,44.5
Товары для животных,Ринговки для собак,31.5,35.0,3.0,31.0,26.5,31.5
Профессиональные музыкальные инструменты,Трости для саксофонов,38.5,45.0,3.0,42.0,37.5,38.5
Продукты,Рийет,4.5,4.5,3.0,25.0,20.5,4.5
Автозапчасти,Головки соединительные,36.5,45.0,3.0,40.0,35.5,36.5
Масла и технические жидкости,Наборы для ТО,36.5,45.0,3.0,35.0,30.5,36.5
Хранение вещей,Контейнеры для ванной комнаты,36.5,45.0,3.0,34.0,29.5,36.5
Автоаксессуары и дополнительное оборудование,Автохолодильники,36.5,45.0,3.0,35.0,30.5,36.5
Продукты,Энергетические напитки,4.5,4.5,3.0,31.0,26.5,4.5
Техника для красоты и здоровья,Термошапки для волос,35.5,35.0,3.0,33.0,28.5,35.5
Товары для взрослых,Пролонгаторы,39.5,45.0,3.0,43.0,38.5,39.5
Посуда и инвентарь,Наборы кухонных принадлежностей,39.5,45.0,3.0,42.0,37.5,39.5
Продукты,Мука,4.5,4.5,3.0,32.0,27.5,4.5
Белье для малышей,Термофутболки для малышей,44.5,45.0,3.0,44.0,39.5,44.5
Аксессуары,Сумки-шопперы,44.5,45.0,3.0,39.0,34.5,44.5
Красота,Пенки,42.5,45.0,3.0,46.0,41.5,42.5
Сантехника,Сиденья для унитаза,37.5,45.0,3.0,37.0,32.5,37.5
Аксессуары для электроники,Пульты телевизионные,39.5,45.0,3.0,38.0,33.5,39.5
Для праздника,Гримы,42.5,45.0,3.0,46.0,41.5,42.5
Здоровье,Бюстгальтеры медицинские,42.5,45.0,3.0,42.0,37.5,42.5
Аксессуары для волос,Резинки,44.5,45.0,3.0,38.0,33.5,44.5
Товары для отдыха и кемпинга,Коврики для бани,38.5,45.0,3.0,38.0,33.5,38.5
Посуда и инвентарь,Сушилки для лапши,39.5,45.0,3.0,39.0,34.5,39.5
Фото и Видеотехника,Видеорегистраторы персональные,38.5,45.0,3.0,34.5,30.0,38.5
Товары для взрослых,Браслеты эротик,39.5,45.0,3.0,43.0,38.5,39.5
Строительные материалы,Бруски строительные,38.5,45.0,3.0,24.0,19.5,38.5
Товары для отдыха и кемпинга,Дома и бани сборные,3.0,3.0,3.0,3.0,3.0,3.0
Ручной инструмент и оснастка,Линейки строительные,41.5,45.0,3.0,41.0,36.5,41.5
Автохимия и автокосметика,Автохимия и автокосметика,36.5,45.0,3.0,40.0,35.5,36.5
Товары для животных,Жилеты для животных,31.5,35.0,3.0,32.0,27.5,31.5
Красота,Гидрофильные плитки,42.5,45.0,3.0,42.0,37.5,42.5
Масла и технические жидкости,Масла моторные,36.5,45.0,3.0,39.0,34.5,36.5
Продукты,Крупа ячневая,4.5,4.5,3.0,30.0,25.5,4.5
Техника для кухни,Кофемашины,34.5,35.0,3.0,38.0,33.5,34.5
Техника для красоты и здоровья,Воскоплавы,35.5,35.0,3.0,33.0,28.5,35.5
Здоровье,Приспособления для надевания белья,42.5,45.0,3.0,38.5,34.0,42.5
Одежда для малышей,Кейпы для малышей,44.5,45.0,3.0,39.0,34.5,44.5
Аксессуары для малышей,Снуды для малышей,44.5,45.0,3.0,48.0,43.5,44.5
Здоровье,Реанимационные устройства,42.5,45.0,3.0,36.0,31.5,42.5
Обувь,Туфли,44.5,45.0,3.0,44.0,39.5,44.5
Товары для малышей,Светоотражатели детские,36.5,45.0,3.0,28.0,23.5,36.5
Ноутбуки и компьютеры,Термопасты,34.5,35.0,3.0,38.0,33.5,34.5
Спортивный товар,Иглы для мячей,37.5,45.0,3.0,26.0,21.5,37.5
Товары для малышей,Слингобусы,36.5,45.0,3.0,40.0,35.5,36.5
Здоровье,Подъемники для ванны,42.5,45.0,3.0,37.0,32.5,42.5
Спортивные аксессуары,Герморюкзаки,39.5,45.0,3.0,39.0,34.5,39.5
Отделочные материалы,Бордюры для обоев,38.5,45.0,3.0,42.0,37.5,38.5
Ветаптека,Пребиотики и пробиотики для животных,31.5,35.0,3.0,27.0,22.5,31.5
Спортивные аксессуары,Щитки,39.5,45.0,3.0,39.0,34.5,39.5
Сантехника,Полотенцесушители,37.5,45.0,3.0,38.0,33.5,37.5
Продукты,Сметана,4.5,4.5,3.0,25.0,20.5,4.5
Ручной инструмент и оснастка,Насадки на дрель,41.5,45.0,3.0,41.0,36.5,41.5
Посуда и инвентарь,Фреш-пакеты,39.5,45.0,3.0,43.0,38.5,39.5
Сантехника,Конвекторы внутрипольные,37.5,45.0,3.0,41.0,36.5,37.5
Спортивный товар,Сетки спортивные,37.5,45.0,3.0,41.0,36.5,37.5
Продукты,Морсы,4.5,4.5,3.0,35.0,30.5,4.5
Товары для животных,Наборы для чистки аквариумов,31.5,35.0,3.0,31.0,26.5,31.5
Посуда и инвентарь,Подставки для ведер и бутылок,39.5,45.0,3.0,43.0,38.5,39.5
Мебель корпусная и мебель для хранения,Вешалки напольные,36.5,45.0,3.0,36.0,31.5,36.5
Белье для малышей,Трусы для малышей,44.5,45.0,3.0,48.0,43.5,44.5
Автоаксессуары и дополнительное оборудование,Аксессуары для автокресел,36.5,45.0,3.0,40.0,35.5,36.5
Мебель офисная и торговое оборудование,Ролики конвейерные,36.5,45.0,3.0,40.0,35.5,36.5
Хозяйственные товары,Чехлы для гладильных досок,39.5,45.0,3.0,43.0,38.5,39.5
Одежда для малышей,Юбки для малышей,44.5,45.0,3.0,48.0,43.5,44.5
Декор интерьера,Ящики почтовые,39.5,45.0,3.0,39.0,34.5,39.5
Автомобили,Автомобили новые,0.5,0.5,0.5,0.5,0.5,0.5
Отделочные материалы,Отделочные материалы,38.5,45.0,3.0,42.0,37.5,38.5
Здоровье,Вальгусные шины,42.5,45.0,3.0,35.0,30.5,42.5
Спортивный товар,Аксессуары для бильярда,37.5,45.0,3.0,41.0,36.5,37.5
Аксессуары для электроники,Оксиметры,42.5,45.0,3.0,41.0,36.5,42.5
Спортивный товар,Полотна для воздушной гимнастики,37.5,45.0,3.0,41.0,36.5,37.5
Автоаксессуары и дополнительное оборудование,Блоки подготовки воздуха тонкой очистки,36.5,45.0,3.0,39.5,35.0,36.5
Автоаксессуары и дополнительное оборудование,Системы регулирования скорости,36.5,45.0,3.0,35.5,31.0,36.5
Красота,Пинцеты,42.5,45.0,3.0,44.0,39.5,42.5
Спортивный товар,Оси для самокатов,37.5,45.0,3.0,32.0,27.5,37.5
Автозапчасти,Фильтры сажевые,36.5,45.0,3.0,35.0,30.5,36.5
Автозапчасти,Фильтры частичные,36.5,45.0,3.0,30.5,26.0,36.5
Автозапчасти,Уплотнители автомобильные,36.5,45.0,3.0,36.0,31.5,36.5
Электроинструмент и оборудование,Станки сверлильные,41.5,45.0,3.0,40.0,35.5,41.5
Ручной инструмент и оснастка,Маски паяльные,38.5,45.0,3.0,42.0,37.5,38.5
Спортивный товар,Коврики для переобувания,37.5,45.0,3.0,41.0,36.5,37.5
Автозапчасти,Педально-рычажные детали,36.5,45.0,3.0,40.0,35.5,36.5
Аксессуары для электроники,Метрономы,42.5,45.0,3.0,41.0,36.5,42.5
Бытовая техника,Оверлоки,35.5,35.0,3.0,35.0,30.5,35.5
Белье,Термободи,44.5,45.0,3.0,48.0,43.5,44.5
Продукты,Конфитюр,4.5,4.5,3.0,35.0,30.5,4.5
Одежда для малышей,Бомберы для малышей,44.5,45.0,3.0,48.0,43.5,44.5
Ручной инструмент и оснастка,Съемники хомутов,41.5,45.0,3.0,41.0,36.5,41.5
Автоаксессуары и дополнительное оборудование,Лампы переносные автомобильные,36.5,45.0,3.0,40.0,35.5,36.5
Канцелярские товары,Жидкости для снятия этикеток,39.5,45.0,3.0,39.0,34.5,39.5
Бытовая техника,Приточные установки,35.5,35.0,3.0,39.0,34.5,35.5
Спортивный товар,Деки для самокатов,37.5,45.0,3.0,37.0,32.5,37.5
Товары для курения,Щипцы для кальянов,38.5,45.0,3.0,37.0,32.5,38.5
Аксессуары для электроники,Ремешки для умных часов,44.5,45.0,3.0,43.0,38.5,44.5
Здоровье,Зонды ректальные,42.5,45.0,3.0,41.0,36.5,42.5
Сантехника,Тумбы для ванной,37.5,45.0,3.0,37.0,32.5,37.5
Спортивный товар,Таганок,37.5,45.0,3.0,41.0,36.5,37.5
Товары для малышей,Контейнеры для детского питания,36.5,45.0,3.0,36.0,31.5,36.5
Продукты,Сухари панировочные,4.5,4.5,3.0,35.0,30.5,4.5
Товары для взрослых,Массажные средства эротик,39.5,45.0,3.0,43.0,38.5,39.5
Все для садоводства,Дуги для парника,39.5,45.0,3.0,39.5,38.5,39.5
Телевизоры и аудиотехника,Усилители телевизионные,39.5,45.0,3.0,36.5,32.0,39.5
Готовая еда,Сашими,4.5,4.5,3.0,26.0,21.5,4.5
Товары для животных,Пакеты для транспортировки рыб,31.5,35.0,3.0,31.0,26.5,31.5
Товары для животных,Ванночки для животных,31.5,35.0,3.0,35.0,30.5,31.5
Спецодежда и СИЗы,Огнетушители,38.5,45.0,3.0,38.0,33.5,38.5
Рукоделие,Выкройки для рукоделия,39.5,45.0,3.0,43.0,38.5,39.5
Мебель офисная и торговое оборудование,Другое торговое оборудование,36.5,45.0,3.0,37.0,32.5,36.5
Автозапчасти,Тормозные пневматические камеры,36.5,45.0,3.0,37.0,32.5,36.5
Автоаксессуары и дополнительное оборудование,Стекла защитные для авто,36.5,45.0,3.0,36.0,31.5,36.5
Продукты,Вафельные стаканчики,4.5,4.5,3.0,32.0,27.5,4.5
Фарма,Лекарственные травы,3.0,3.0,3.0,3.0,3.0,3.0
Автозапчасти,Насосы высокого давления,36.5,45.0,3.0,40.0,35.5,36.5
Красота,Зубные нити,42.5,45.0,3.0,46.0,41.5,42.5
Товары для животных,Мелки для шерсти,31.5,35.0,3.0,31.0,26.5,31.5
Оргтехника,МФУ,34.5,35.0,3.0,35.0,30.5,34.5
Продукты,Напитки газированные,4.5,4.5,3.0,29.0,24.5,4.5
Здоровье,Окклюдеры,42.5,45.0,3.0,38.5,34.0,42.5
Аксессуары,Армбенды,44.5,45.0,3.0,44.0,39.5,44.5
Игрушки,Игрушки для ванной,38.5,45.0,3.0,42.0,37.5,38.5
Товары для отдыха и кемпинга,Ведра для золы,38.5,45.0,3.0,38.0,33.5,38.5
Автоаксессуары и дополнительное оборудование,Упоры противооткатные,36.5,45.0,3.0,36.0,31.5,36.5
Товары для животных,Ножницы для стрижки животных,31.5,35.0,3.0,35.0,30.5,31.5
Религия и эзотерика,Венчальные наборы,19.5,25.0,3.0,33.0,29.5,19.5
Продукты,Морские ежи,4.5,4.5,3.0,26.0,21.5,4.5
Товары для взрослых,Сувениры эротик,39.5,45.0,3.0,40.0,35.5,39.5
Строительные материалы,Подкладки монтажные,38.5,45.0,3.0,38.0,33.5,38.5
Электроинструмент и оборудование,Компрессоры,41.5,45.0,3.0,33.5,29.0,41.5
Здоровье,Защитные колпачки для пальцев,42.5,45.0,3.0,37.0,32.5,42.5
Спортивный товар,Петли тренировочные,37.5,45.0,3.0,41.0,36.5,37.5
Посуда и инвентарь,Коврики барные,39.5,45.0,3.0,34.0,29.5,39.5
Сантехника,Теплоносители,37.5,45.0,3.0,37.0,32.5,37.5
Бытовая химия,Средства для жироуловителей,39.5,45.0,3.0,39.0,34.5,39.5
Электрика,Светильники переносные,38.5,45.0,3.0,35.0,30.5,38.5
Техника для красоты и здоровья,Принтеры для ногтей,35.5,35.0,3.0,33.0,28.5,35.5
Автозапчасти,Фильтры салонные,36.5,45.0,3.0,40.0,35.5,36.5
Аксессуары для электроники,Запчасти для морозильных камер,38.5,45.0,3.0,36.0,31.5,38.5
Бытовая техника,Роботы-пылесосы,35.5,35.0,3.0,38.0,33.5,35.5
Автоаксессуары и дополнительное оборудование,Насосы для ГСМ,36.5,45.0,3.0,40.0,35.5,36.5
Автоаксессуары и дополнительное оборудование,Ареометры,36.5,45.0,3.0,36.0,31.5,36.5
Профессиональные музыкальные инструменты,Чехлы для музыкального оборудования,38.5,45.0,3.0,42.0,37.5,38.5
Красота,Микробраши,42.5,45.0,3.0,39.0,34.5,42.5
Телевизоры и аудиотехника,Модуляторы видеосигнала,39.5,45.0,3.0,37.0,32.5,39.5
Посуда и инвентарь,Пистолеты для фламбирования,39.5,45.0,3.0,42.5,38.0,39.5
Спортивный товар,Накладки гимнастические,37.5,45.0,3.0,41.0,36.5,37.5
Садовые инструменты и полив,Перчатки садовые,39.5,45.0,3.0,39.0,34.5,39.5
Рукоделие,Ленты для рукоделия,39.5,45.0,3.0,39.0,34.5,39.5
Мототовары,Прицепы для квадроциклов,36.5,45.0,3.0,35.5,31.0,36.5
Автоаксессуары и дополнительное оборудование,Комплектующие сигнальных ламп,36.5,45.0,3.0,36.0,31.5,36.5
Красота,Аксессуары для окрашивания волос,42.5,45.0,3.0,42.0,37.5,42.5
Рукоделие,Швейная фурнитура,39.5,45.0,3.0,39.0,34.5,39.5
Рукоделие,Средства для нанесения декалей,39.5,45.0,3.0,39.0,34.5,39.5
Автозапчасти,Балки продольные,36.5,45.0,3.0,36.0,31.5,36.5
Профессиональные музыкальные инструменты,Каподастры,38.5,45.0,3.0,39.0,34.5,38.5
Электрика,Коробки распределительные,38.5,45.0,3.0,35.0,30.5,38.5
Белье для малышей,Раздельные купальники для малышей,44.5,45.0,3.0,44.0,39.5,44.5
Оргтехника,Комплектующие для 3D,34.5,35.0,3.0,38.0,33.5,34.5
Аксессуары для электроники,Манжеты для пульсометров,42.5,45.0,3.0,41.0,36.5,42.5
Спортивный товар,Велостанки,37.5,45.0,3.0,41.0,36.5,37.5
Спецодежда и СИЗы,Спецобувь,44.5,45.0,3.0,44.0,39.5,44.5
Автоаксессуары и дополнительное оборудование,Пленки тонировочные,36.5,45.0,3.0,36.0,31.5,36.5
Мототовары,Аксессуары для мотоэкипировки,36.5,45.0,3.0,36.0,31.5,36.5
Аксессуары для электроники,Чехлы для ноутбуков,44.5,45.0,3.0,37.0,32.5,44.5
Хозяйственные товары,Полотенца бумажные,39.5,45.0,3.0,33.0,28.5,39.5
Товары для отдыха и кемпинга,Розжиги электрические,38.5,45.0,3.0,42.0,37.5,38.5
Спортивный товар,Сапборды,37.5,45.0,3.0,41.0,36.5,37.5
Строительные материалы,Наливные полы,38.5,45.0,3.0,24.0,19.5,38.5
Автозапчасти,Электроприводы для клапанов,36.5,45.0,3.0,40.0,35.5,36.5
Спецодежда и СИЗы,Халаты рабочие,44.5,45.0,3.0,48.0,43.5,44.5
Профессиональные музыкальные инструменты,Гусли,38.5,45.0,3.0,42.0,37.5,38.5
Спортивные аксессуары,Валики для приседаний,39.5,45.0,3.0,39.0,34.5,39.5
Спортивная обувь,Акваноски,44.5,45.0,3.0,48.0,43.5,44.5
Аксессуары для электроники,Блокноты электронные,42.5,45.0,3.0,40.0,35.5,42.5
Товары для отдыха и кемпинга,Биотуалеты,38.5,45.0,3.0,35.0,30.5,38.5
Продукты,Перга,4.5,4.5,3.0,31.0,26.5,4.5
Продукты,Сырные шарики,4.5,4.5,3.0,26.0,21.5,4.5
Сантехника,Заглушки для металлических труб,37.5,45.0,3.0,37.0,32.5,37.5
Посуда и инвентарь,Тестораскатки,39.5,45.0,3.0,43.0,38.5,39.5
Мебель офисная и торговое оборудование,Мебель офисная и торговое оборудование,36.5,45.0,3.0,40.0,35.5,36.5
Хранение вещей,Мешочки для хранения,36.5,45.0,3.0,36.0,31.5,36.5
Телевизоры и аудиотехника,Медиаплееры,31.5,35.0,3.0,35.0,30.5,31.5
Ветаптека,Ветаптека,31.5,35.0,3.0,31.0,26.5,31.5
Канцелярские товары,Мелки,39.5,45.0,3.0,31.0,26.5,39.5
Продукты,Пюре быстрого приготовления,4.5,4.5,3.0,31.0,26.5,4.5
Продукты,Хлопья кукурузные,4.5,4.5,3.0,30.0,25.5,4.5
Автозапчасти,Опоры амортизаторов,36.5,45.0,3.0,40.0,35.5,36.5
Посуда и инвентарь,Точилки для ножей,39.5,45.0,3.0,43.0,38.5,39.5
Автоаксессуары и дополнительное оборудование,Лопаты автомобильные,36.5,45.0,3.0,31.0,26.5,36.5
Садовые инструменты и полив,Кусторезы,39.5,45.0,3.0,38.5,34.0,39.5
Ручной инструмент и оснастка,pH метры,41.5,45.0,3.0,41.0,36.5,41.5
Продукты,Рыба,4.5,4.5,3.0,26.0,21.5,4.5
Товары для животных,Лотки для животных,31.5,35.0,3.0,25.0,20.5,31.5
Канцелярские товары,Книги для записи рецептов,39.5,45.0,3.0,43.0,38.5,39.5
Здоровье,Тесты медицинские,42.5,45.0,3.0,39.5,35.0,42.5
Умный дом и безопасность,Умные светильники,34.5,35.0,3.0,32.0,27.5,34.5
Профессиональные музыкальные инструменты,Увлажнители для гитары,38.5,45.0,3.0,32.0,27.5,38.5
Ручной инструмент и оснастка,Держатели гвоздей,41.5,45.0,3.0,37.0,32.5,41.5
Автозапчасти,Поршни автомобильные,36.5,45.0,3.0,40.0,35.5,36.5
Автоаксессуары и дополнительное оборудование,Накладки защитные автомобильные,36.5,45.0,3.0,36.0,31.5,36.5
Белье,Подследники,44.5,45.0,3.0,47.0,42.5,44.5
Автоаксессуары и дополнительное оборудование,Держатели в авто,36.5,45.0,3.0,40.0,35.5,36.5
Здоровье,Бандажи ортопедические,42.5,45.0,3.0,45.5,41.0,42.5
Ручной инструмент и оснастка,Круги шлифовальные,41.5,45.0,3.0,45.0,40.5,41.5
Автоаксессуары и дополнительное оборудование,Пленки антидождь,36.5,45.0,3.0,36.0,31.5,36.5
Посуда и инвентарь,Посуда и инвентарь,39.5,45.0,3.0,43.0,38.5,39.5
Ручной инструмент и оснастка,Пассатижи,41.5,45.0,3.0,41.0,36.5,41.5
Здоровье,Средства профилактики,42.5,45.0,3.0,38.0,33.5,42.5
Строительные материалы,Саморезы для сэндвич панелей,38.5,45.0,3.0,38.0,33.5,38.5
Товары для курения,Пепельницы,38.5,45.0,3.0,42.0,37.5,38.5
Аксессуары для обуви,Спреи для обуви,44.5,45.0,3.0,44.0,39.5,44.5
Посуда и инвентарь,Миски,39.5,45.0,3.0,39.0,34.5,39.5
Оргтехника,Фотобумага,34.5,35.0,3.0,36.0,31.5,34.5
Автозапчасти,Датчики кислорода,36.5,45.0,3.0,40.0,35.5,36.5
Транспортные средства,Транспортные средства,0.5,0.5,0.5,0.5,0.5,0.5
Бытовая техника,Ароматизаторы воздуха электрические,35.5,35.0,3.0,39.0,34.5,35.5
Хозяйственные товары,Чехлы для чистки кондиционера,39.5,45.0,3.0,38.0,33.5,39.5
Мебель офисная и торговое оборудование,Механизмы для диванов,36.5,45.0,3.0,36.0,31.5,36.5
Хозяйственные товары,Влажная туалетная бумага,39.5,45.0,3.0,43.0,38.5,39.5
Автоаксессуары и дополнительное оборудование,Антипробуксовочные приспособления,36.5,45.0,3.0,40.0,35.5,36.5
Хранение вещей,Таблички для органайзеров и ящиков,36.5,45.0,3.0,36.0,31.5,36.5
Игрушки,Прыгуны,38.5,45.0,3.0,37.0,32.5,38.5
Здоровье,Бинты эластичные медицинские,42.5,45.0,3.0,39.0,34.5,42.5
Мебель мягкая,Кресла-качалки,36.5,45.0,3.0,31.0,26.5,36.5
Белье для малышей,Термокомбинезоны для малышей,44.5,45.0,3.0,42.0,37.5,44.5
Спортивный товар,Автоподсекатели для удочек,37.5,45.0,3.0,32.0,27.5,37.5
Электрика,Аварийное освещение,38.5,45.0,3.0,35.0,30.5,38.5
Спортивная одежда,Фитнес-корсеты,44.5,45.0,3.0,48.0,43.5,44.5
Профессиональные музыкальные инструменты,Флейты,38.5,45.0,3.0,42.0,37.5,38.5
Спортивный товар,Вкладыши в спальные мешки,37.5,45.0,3.0,40.0,35.5,37.5
Мебель корпусная и мебель для хранения,Шкафы детские,36.5,45.0,3.0,35.0,30.5,36.5
Мебель садовая,Кресла подвесные,36.5,45.0,3.0,30.0,25.5,36.5
Декор интерьера,Декор интерьера,39.5,45.0,3.0,43.0,38.5,39.5
Товары для животных,Адаптеры для автокормушек,31.5,35.0,3.0,35.0,30.5,31.5
Спортивный товар,Втулки велосипедные,37.5,45.0,3.0,37.0,32.5,37.5
Товары для взрослых,Подушки эротик,39.5,45.0,3.0,39.0,34.5,39.5
Аксессуары для электроники,Аксессуары для хлебопечек,34.5,35.0,3.0,32.0,27.5,34.5
Товары для животных,Загоны для животных,31.5,35.0,3.0,25.0,20.5,31.5
Религия и эзотерика,Полки для икон,24.5,29.5,5.0,38.0,34.5,24.5
Товары для отдыха и кемпинга,Аксессуары для обустройства бани,38.5,45.0,3.0,38.0,33.5,38.5
Товары для взрослых,Простыни БДСМ,39.5,45.0,3.0,39.0,34.5,39.5
Спортивный товар,Дубинки резиновые,37.5,45.0,3.0,41.0,36.5,37.5
Сантехника,ТЭНы для водонагревателей,37.5,45.0,3.0,41.0,36.5,37.5
Смартфоны и гаджеты,Sim карты,44.5,45.0,3.0,33.0,28.5,44.5
Мототовары,Амортизаторы для мототехники,36.5,45.0,3.0,40.0,35.5,36.5
Здоровье,Костюмы реабилитационные,42.5,45.0,3.0,31.0,26.5,42.5
Спортивный товар,Треугольники бильярдные,37.5,45.0,3.0,41.0,36.5,37.5
Фото и Видеотехника,Стримеры видеосигнала,38.5,45.0,3.0,31.0,26.5,38.5
Мебель офисная и торговое оборудование,Полки для магазина,36.5,45.0,3.0,40.0,35.5,36.5
Бытовая химия,Защита от насекомых,39.5,45.0,3.0,43.0,38.5,39.5
Ноутбуки и компьютеры,Корпуса для ПК,34.5,35.0,3.0,34.0,29.5,34.5
Спортивный товар,Колеса для велосипедов,37.5,45.0,3.0,37.0,32.5,37.5
Спортивный товар,Ласты,37.5,45.0,3.0,39.0,34.5,37.5
Спортивная одежда,Велоштаны,44.5,45.0,3.0,44.0,39.5,44.5
Умный дом и безопасность,Видеодомофоны,34.5,35.0,3.0,38.0,33.5,34.5
Автозапчасти,Ремни приводные,36.5,45.0,3.0,36.0,31.5,36.5
Здоровье,Индикаторные полоски,42.5,45.0,3.0,35.0,30.5,42.5
Автозапчасти,Прокладки вала,36.5,45.0,3.0,40.0,35.5,36.5
Игрушки,Конструкторы LEGO,38.5,45.0,3.0,42.0,37.5,38.5
Красота,Средства для химической завивки,42.5,45.0,3.0,46.0,41.5,42.5
Спортивный товар,Балансиры рыболовные,37.5,45.0,3.0,41.0,36.5,37.5
Автохимия и автокосметика,Шампуни для автомобиля,36.5,45.0,3.0,40.0,35.5,36.5
Транспортные средства,Модули для мотобуксировщика,0.5,0.5,0.5,0.5,0.5,0.5
Для праздника,Носки для подарков,42.5,45.0,3.0,36.0,31.5,42.5
Сантехника,Фитинги,37.5,45.0,3.0,41.0,36.5,37.5
Аксессуары для электроники,Другие аксессуары для телевизоров,39.5,45.0,3.0,38.0,33.5,39.5
Транспортные средства,Мотоциклы,0.5,0.5,0.5,0.5,0.5,0.5
Товары для малышей,Сушилки для бутылочек,36.5,45.0,3.0,31.0,26.5,36.5
Канцелярские товары,Канцелярские товары,42.5,45.0,3.0,43.0,38.5,42.5
Декор интерьера,Термометры комнатные,39.5,45.0,3.0,34.0,29.5,39.5
Здоровье,Концентраторы кислорода,35.5,45.0,3.0,39.0,34.5,35.5
Красота,Планшеты для наращивания ресниц,42.5,45.0,3.0,42.0,37.5,42.5
Товары для малышей,Аксессуары для молокоотсосов,36.5,45.0,3.0,40.0,35.5,36.5
Сантехника,Ручки для ванной комнаты,37.5,45.0,3.0,32.0,27.5,37.5
Товары для отдыха и кемпинга,Средства для ухода за баней и сауной,38.5,45.0,3.0,41.5,37.0,38.5
Строительные материалы,Саморезы по металлу,38.5,45.0,3.0,38.0,33.5,38.5
Посуда и инвентарь,Кувшины,39.5,45.0,3.0,36.0,31.5,39.5
Религия и эзотерика,Свечи религиозные,19.5,25.0,3.0,33.0,29.5,19.5
Электрика,Удлинители,38.5,45.0,3.0,35.0,30.5,38.5
Автозапчасти,Лобовые стекла,36.5,45.0,3.0,36.0,31.5,36.5
Техника для красоты и здоровья,Ирригаторы,35.5,35.0,3.0,33.0,28.5,35.5
Красота,Лэшбоксы,42.5,45.0,3.0,42.0,37.5,42.5
Строительные материалы,Уголки металлические,38.5,45.0,3.0,32.0,27.5,38.5
Автозапчасти,Клапаны автомобильные,36.5,45.0,3.0,40.0,35.5,36.5
Аксессуары,Горжетки,44.5,45.0,3.0,44.0,39.5,44.5
Аксессуары для электроники,Радио,42.5,45.0,3.0,41.0,36.5,42.5
Белье,Термоноски,44.5,45.0,3.0,44.0,39.5,44.5
Продукты,Программы питания,4.5,4.5,3.0,35.0,30.5,4.5
Все для садоводства,Тапенеры и расходники,39.5,45.0,3.0,35.5,34.5,39.5
Автоаксессуары и дополнительное оборудование,Блоки согласования фаркопов,36.5,45.0,3.0,40.0,35.5,36.5
Техника для кухни,Сепараторы молочные,34.5,35.0,3.0,38.0,33.5,34.5
Ручной инструмент и оснастка,Кувалды,41.5,45.0,3.0,43.0,38.5,41.5
Товары для животных,Когти накладные,31.5,35.0,3.0,30.0,25.5,31.5
Автозапчасти,Провода масляного радиатора,36.5,45.0,3.0,31.0,26.5,36.5
Товары для животных,Камеры для оксигенации животных,31.5,35.0,3.0,31.0,26.5,31.5
Автозапчасти,Фильтры АКПП,36.5,45.0,3.0,36.0,31.5,36.5
Спортивный товар,Стойки спортивные,37.5,45.0,3.0,37.0,32.5,37.5
Книжная продукция и диски,Ноты,39.5,45.0,3.0,39.0,34.5,39.5
Продукты,Крем-десерты,4.5,4.5,3.0,35.0,30.5,4.5
Строительные материалы,Гипс строительный,38.5,45.0,3.0,38.0,33.5,38.5
Товары для курения,Фольга для кальянов,38.5,45.0,3.0,37.0,32.5,38.5
Здоровье,Гинекологические наборы,42.5,45.0,3.0,37.0,32.5,42.5
Здоровье,Пакеты гипотермические,42.5,45.0,3.0,40.0,35.5,42.5
Фото и Видеотехника,Салфетки для оптики,38.5,45.0,3.0,30.0,25.5,38.5
Спортивный товар,Адаптеры для тормозной системы,37.5,45.0,3.0,32.0,27.5,37.5
Канцелярские товары,Краски штемпельные,39.5,45.0,3.0,36.0,31.5,39.5
Посуда и инвентарь,Ниппели под термометры,39.5,45.0,3.0,34.0,29.5,39.5
Алкогольная продукция,Шампанское,4.5,4.5,3.0,4.5,4.5,4.5
Автозапчасти,Кожухи двигателя,36.5,45.0,3.0,37.0,32.5,36.5
Телевизоры и аудиотехника,Ресиверы,39.5,45.0,3.0,43.0,38.5,39.5
Техника для кухни,Ломтерезки,34.5,35.0,3.0,37.0,32.5,34.5
Аксессуары для волос,Китайские палочки для волос,44.5,45.0,3.0,42.0,37.5,44.5
Красота,Подставки для маникюра и педикюра,42.5,45.0,3.0,39.0,34.5,42.5
Автозапчасти,Кулачки механизма ручного стартера,36.5,45.0,3.0,39.5,31.0,36.5
Профессиональные музыкальные инструменты,Трубы,38.5,45.0,3.0,39.0,34.5,38.5
Строительные материалы,Черепица гибкая,38.5,45.0,3.0,27.0,22.5,38.5
Красота,Пистолеты для пирсинга,42.5,45.0,3.0,38.0,33.5,42.5
Спортивный товар,Снегокаты,37.5,45.0,3.0,31.0,26.5,37.5
Продукты,Филе кальмаров,4.5,4.5,3.0,25.0,20.5,4.5
Автозапчасти,Насосы водяные,36.5,45.0,3.0,40.0,35.5,36.5
Аксессуары,Темляки,44.5,45.0,3.0,44.0,39.5,44.5
Ручной инструмент и оснастка,Долото,41.5,45.0,3.0,41.0,36.5,41.5
Строительные материалы,Смеси М-300,38.5,45.0,3.0,24.0,19.5,38.5
Все для садоводства,Пугала садовые,39.5,45.0,3.0,39.5,38.5,39.5
Автоаксессуары и дополнительное оборудование,Водосгоны автомобильные,36.5,45.0,3.0,36.0,31.5,36.5
Спортивный товар,Шагомеры,37.5,45.0,3.0,41.0,36.5,37.5
Рукоделие,Эмбоссеры ручные,39.5,45.0,3.0,39.0,34.5,39.5
Ручной инструмент и оснастка,Карандаши строительные,41.5,45.0,3.0,41.0,36.5,41.5
Аксессуары для электроники,Инструменты для портативной техники,42.5,45.0,3.0,41.0,36.5,42.5
Товары для взрослых,Стопы для фистинга,39.5,45.0,3.0,32.0,28.5,39.5
Мототовары,Цепи привода,36.5,45.0,3.0,40.0,35.5,36.5
Здоровье,Вставки для большого пальца,42.5,45.0,3.0,29.0,24.5,42.5
Товары для курения,Колпаки для кальяна,38.5,45.0,3.0,37.0,32.5,38.5
Товары для взрослых,Возбуждающие средства,39.5,45.0,3.0,39.0,34.5,39.5
Товары для животных,Блоки подогрева и стерилизации воды для поилки,31.5,35.0,3.0,35.0,30.5,31.5
Товары для животных,Корм для муравьев,31.5,35.0,3.0,30.0,25.5,31.5
Мототовары,Блоки зажигания снегохода,36.5,45.0,3.0,35.0,26.5,36.5
Строительные материалы,Шифер,38.5,45.0,3.0,27.0,22.5,38.5
Спортивный товар,Ледоступы,37.5,45.0,3.0,37.0,32.5,37.5
Спортивная одежда,Термоджемперы спортивные,44.5,45.0,3.0,48.0,43.5,44.5
Здоровье,Компрессионные носки,42.5,45.0,3.0,39.0,34.5,42.5
Строительные материалы,Саморезы по дереву,38.5,45.0,3.0,38.0,33.5,38.5
Автозапчасти,Пыльники ШРУСа,36.5,45.0,3.0,36.0,31.5,36.5
Аксессуары для обуви,Колодки обувные,44.5,45.0,3.0,48.0,43.5,44.5
Профессиональные музыкальные инструменты,Губные гармошки,38.5,45.0,3.0,42.0,37.5,38.5
Красота,Кусачки педикюрные,42.5,45.0,3.0,42.0,37.5,42.5
Отделочные материалы,Комплектующие для мягких окон,38.5,45.0,3.0,42.0,37.5,38.5
Строительные материалы,Кладочный раствор,38.5,45.0,3.0,31.5,27.0,38.5
Товары для отдыха и кемпинга,Средства для чистки грилей,38.5,45.0,3.0,38.0,33.5,38.5
Строительные материалы,Двутавры,38.5,45.0,3.0,32.0,27.5,38.5
Спортивные аксессуары,Полупальцы,39.5,45.0,3.0,42.0,37.5,39.5
Садовые инструменты и полив,Компостеры садовые,39.5,45.0,3.0,33.0,28.5,39.5
Товары для животных,Совки для туалета,31.5,35.0,3.0,20.0,15.5,31.5
Бытовая химия,Капсулы для стирки,39.5,45.0,3.0,43.0,38.5,39.5
Товары для взрослых,Веревки для бондажа,39.5,45.0,3.0,43.0,38.5,39.5
Спортивный товар,Трамплины,37.5,45.0,3.0,32.0,27.5,37.5
Климатическая техника,Модули отопительные,35.5,35.0,3.0,33.0,28.5,35.5
Головные уборы,Панамы,44.5,45.0,3.0,48.0,43.5,44.5
Товары для животных,Пакеты для уборки за животными,31.5,35.0,3.0,35.0,30.5,31.5
Рукоделие,Основы для вышивания,39.5,45.0,3.0,39.0,34.5,39.5
Автоаксессуары и дополнительное оборудование,Компрессометры,36.5,45.0,3.0,40.0,35.5,36.5
Техника для кухни,Аксессуары для тостеров,34.5,35.0,3.0,38.0,33.5,34.5
Красота,Праймеры для тела,42.5,45.0,3.0,46.0,41.5,42.5
Спортивный товар,Завязыватели крючков,37.5,45.0,3.0,37.0,32.5,37.5
Алкогольная продукция,Сидр,4.5,4.5,3.0,4.5,4.5,4.5
Продукты,Паштеты,4.5,4.5,3.0,35.0,30.5,4.5
Оргтехника,Тонеры для картриджей,34.5,35.0,3.0,38.0,33.5,34.5
Товары для животных,Рубашки для животных,31.5,35.0,3.0,35.0,30.5,31.5
Крупная бытовая техника,Машины посудомоечные,29.5,35.0,3.0,24.5,23.5,29.5
Белье для малышей,Майки бельевые для малышей,44.5,45.0,3.0,44.0,39.5,44.5
Аксессуары для электроники,Держатели для съемки смартфоном,44.5,45.0,3.0,33.0,28.5,44.5
Мебель садовая,Комоды плетеные,36.5,45.0,3.0,30.0,25.5,36.5
Аксессуары для электроники,3D очки,42.5,45.0,3.0,41.0,36.5,42.5
Отделочные материалы,Колеровка краски,38.5,45.0,3.0,41.5,37.0,38.5
Спецодежда и СИЗы,Колпаки медицинские,44.5,45.0,3.0,46.0,41.5,44.5
Ручной инструмент и оснастка,Проекторы отверстий,41.5,45.0,3.0,44.5,40.0,41.5
Ручной инструмент и оснастка,Скребки строительные,41.5,45.0,3.0,41.0,36.5,41.5
Декор интерьера,Подвески интерьерные,39.5,45.0,3.0,34.0,29.5,39.5
Мебель для сна,Кровати,36.5,45.0,3.0,30.0,25.5,36.5
Ювелирные украшения,Ювелирные кольца,43.0,45.0,3.0,43.0,42.0,43.0
Фото и Видеотехника,Удлинители видеосигнала,38.5,45.0,3.0,36.0,31.5,38.5
Шторы и аксессуары,Аксессуары для штор,39.5,45.0,3.0,33.0,28.5,39.5
Автоаксессуары и дополнительное оборудование,Шторки автомобильные,36.5,45.0,3.0,40.0,35.5,36.5
Аксессуары для волос,Гребни,44.5,45.0,3.0,42.0,37.5,44.5
Посуда и инвентарь,Вилки столовые,39.5,45.0,3.0,43.0,38.5,39.5
Продукты,Сахарная вата,4.5,4.5,3.0,31.0,26.5,4.5
Канцелярские товары,Наборы букв и цифр,39.5,45.0,3.0,39.0,34.5,39.5
Отделочные материалы,Обои,38.5,45.0,3.0,37.0,32.5,38.5
Канцелярские товары,Короба почтовые,39.5,45.0,3.0,41.0,36.5,39.5
Спортивные аксессуары,Очки для плавания,39.5,45.0,3.0,43.0,38.5,39.5
Одежда,Парки,44.5,45.0,3.0,38.0,33.5,44.5
Мототовары,Блоки управления двигателем снегохода,36.5,45.0,3.0,40.0,35.5,36.5
Отделочные материалы,Плитка ковровая,38.5,45.0,3.0,32.0,27.5,38.5
Посуда и инвентарь,Щипцы кухонные,39.5,45.0,3.0,37.0,32.5,39.5
Автоаксессуары и дополнительное оборудование,Коврики для гаража,36.5,45.0,3.0,36.0,31.5,36.5
Здоровье,Листы для изготовления ортезов,42.5,45.0,3.0,37.0,32.5,42.5
Продукты,Паста,4.5,4.5,3.0,35.0,30.5,4.5
Автозапчасти,Воздуховоды автомобильные,36.5,45.0,3.0,36.0,31.5,36.5
Автозапчасти,Комплекты тормозов,36.5,45.0,3.0,40.0,35.5,36.5
Спортивные аксессуары,Напульсники,39.5,45.0,3.0,39.0,34.5,39.5
Спортивный товар,Боковые колеса для детских велосипедов,37.5,45.0,3.0,41.0,36.5,37.5
Автозапчасти,Балки поперечные,36.5,45.0,3.0,38.0,33.5,36.5
Товары для малышей,Замки для колясок,36.5,45.0,3.0,36.0,35.5,36.5
Профессиональные музыкальные инструменты,Виолончели,38.5,45.0,3.0,32.0,27.5,38.5
Автозапчасти,Составляющие эмульсионной трубки,36.5,45.0,3.0,35.5,31.0,36.5
Спортивное питание и косметика,Коктейли протеиновые,35.5,45.0,3.0,35.0,30.5,35.5
Рукоделие,Аксессуары для рукоделия,39.5,45.0,3.0,43.0,38.5,39.5
Спортивный товар,Трещотки велосипедные,37.5,45.0,3.0,41.0,36.5,37.5
Электроинструмент и оборудование,Клипсаторы,41.5,45.0,3.0,41.0,36.5,41.5
Мототовары,Косметика для лодок и яхт,36.5,45.0,3.0,31.0,26.5,36.5
Красота,Тоники,42.5,45.0,3.0,46.0,41.5,42.5
Климатическая техника,Ионизаторы воздуха,35.5,35.0,3.0,33.0,28.5,35.5
Детское питание,Каши детские,4.5,4.5,3.0,30.0,25.5,4.5
Строительные материалы,Заклепки,38.5,45.0,3.0,41.0,36.5,38.5
Продукты,Кордон блю,4.5,4.5,3.0,25.0,20.5,4.5
Товары для малышей,Конверты для малышей,36.5,45.0,3.0,40.0,35.5,36.5
Товары для животных,Бандажи для животных,31.5,35.0,3.0,35.0,30.5,31.5
Все для садоводства,Чехлы для теплиц,39.5,45.0,3.0,35.5,34.5,39.5
Текстиль для дома,Коврики придверные,39.5,45.0,3.0,43.0,38.5,39.5
Товары для животных,Ходунки для животных,31.5,35.0,3.0,35.0,30.5,31.5
Спортивная обувь,Бахилы горнолыжные,44.5,45.0,3.0,44.0,39.5,44.5
Аксессуары для электроники,Запчасти для плит,38.5,45.0,3.0,42.0,37.5,38.5
Ручной инструмент и оснастка,Комплектующие для генераторов,41.5,45.0,3.0,38.0,33.5,41.5
Красота,Прокладки гигиенические,42.5,45.0,3.0,46.0,41.5,42.5
Товары для курения,Чаши для кальянов,38.5,45.0,3.0,38.0,33.5,38.5
Мебель мягкая,Наполнители мебельные,36.5,45.0,3.0,35.0,30.5,36.5
Электрика,Изоленты,38.5,45.0,3.0,30.0,25.5,38.5
Рукоделие,Картины по номерам,39.5,45.0,3.0,39.0,34.5,39.5
Канцелярские товары,Наборы марок для коллекционирования,39.5,45.0,3.0,39.0,34.5,39.5
Спортивный товар,Кронштейны для скейтбордов,37.5,45.0,3.0,37.0,32.5,37.5
Техника для красоты и здоровья,Насадки для ирригатора,35.5,35.0,3.0,33.0,28.5,35.5
Здоровье,Компрессионные перчатки,42.5,45.0,3.0,42.0,37.5,42.5
Транспортные средства,Скутеры,0.5,0.5,0.5,0.5,0.5,0.5
Садовые инструменты и полив,Тележки садовые,39.5,45.0,3.0,35.0,30.5,39.5
Ноутбуки и компьютеры,Системы жидкостного охлаждения и компоненты,34.5,35.0,3.0,38.0,33.5,34.5
Спортивные аксессуары,Средства для ухода за оружием,39.5,45.0,3.0,39.0,34.5,39.5
Продукты,Сусло,4.5,4.5,3.0,35.0,30.5,4.5
Для праздника,Насосы для шариков,42.5,45.0,3.0,37.0,32.5,42.5
Техника для красоты и здоровья,Оборудование для тату,35.5,35.0,3.0,29.0,24.5,35.5
Мебель малых форм,Столешницы для стола,36.5,45.0,3.0,36.0,31.5,36.5
Игрушки,Кубики,38.5,45.0,3.0,42.0,37.5,38.5
Спортивные аксессуары,Рукава спортивные,39.5,45.0,3.0,43.0,38.5,39.5
Канцелярские товары,Подставки для книг,39.5,45.0,3.0,39.0,34.5,39.5
Детское питание,Смузи детские,4.5,4.5,3.0,38.0,29.5,4.5
Посуда и инвентарь,Бутылкорезы,39.5,45.0,3.0,43.0,38.5,39.5
Ветаптека,Антибиотики для животных,31.5,35.0,3.0,28.0,23.5,31.5
Игрушки,Игровые центры для малышей,38.5,45.0,3.0,33.0,28.5,38.5
Хозяйственные товары,Хозяйственные товары,39.5,45.0,3.0,43.0,38.5,39.5
Аксессуары,Резинки для варежек и перчаток,44.5,45.0,3.0,48.0,43.5,44.5
Автозапчасти,Маховики,36.5,45.0,3.0,40.0,35.5,36.5
Электрика,Датчики для микроэлектроники,38.5,45.0,3.0,35.0,30.5,38.5
Аксессуары для электроники,Аксессуары для увлажнителей и очистителей,35.5,35.0,3.0,33.0,28.5,35.5
Товары для малышей,Грелки детские,36.5,45.0,3.0,40.0,35.5,36.5
Телевизоры и аудиотехника,DJ контроллеры,39.5,45.0,3.0,41.0,36.5,39.5
Ручной инструмент и оснастка,Шаблоны строительные,41.5,45.0,3.0,45.0,40.5,41.5
Продукты,Булгур,4.5,4.5,3.0,26.0,21.5,4.5
Канцелярские товары,Пеналы,39.5,45.0,3.0,39.0,34.5,39.5
Аксессуары для волос,Тики,44.5,45.0,3.0,44.0,39.5,44.5
Мебель офисная и торговое оборудование,Биркодержатели,36.5,45.0,3.0,40.0,35.5,36.5
Ручной инструмент и оснастка,Диски пильные,41.5,45.0,3.0,37.0,32.5,41.5
Для праздника,Снежные шары,42.5,45.0,3.0,42.0,37.5,42.5
Профессиональные музыкальные инструменты,Трости для скрипки,38.5,45.0,3.0,31.0,26.5,38.5
Ручной инструмент и оснастка,Мультитулы,41.5,45.0,3.0,45.0,40.5,41.5
Книжная продукция и диски,Интеллект-карты,39.5,45.0,3.0,43.0,38.5,39.5
Автозапчасти,Рычаги тормозной системы,36.5,45.0,3.0,40.0,35.5,36.5
Канцелярские товары,Дыроколы,39.5,45.0,3.0,41.0,36.5,39.5
Красота,Педали для тату машинки,42.5,45.0,3.0,42.0,37.5,42.5
Автозапчасти,Комплектующие автомобильных фар,36.5,45.0,3.0,36.0,31.5,36.5
Книжная продукция и диски,Наборы карточек,39.5,45.0,3.0,43.0,38.5,39.5
Товары для животных,Нагреватели для аквариума,31.5,35.0,3.0,35.0,30.5,31.5
Товары для малышей,Аксессуары для детских горшков,36.5,45.0,3.0,31.0,26.5,36.5
Спортивные аксессуары,Троки для лошади,39.5,45.0,3.0,43.0,38.5,39.5
Продукты,Карамель жидкая,4.5,4.5,3.0,35.0,30.5,4.5
Спортивный товар,Шипы для педалей,37.5,45.0,3.0,41.0,36.5,37.5
Мебель офисная и торговое оборудование,Подъемные механизмы для мебели,36.5,45.0,3.0,36.0,31.5,36.5
Одежда,Топы,44.5,45.0,3.0,48.0,43.5,44.5
Электрика,Розетки,38.5,45.0,3.0,35.0,30.5,38.5
Товары для животных,Скребницы,31.5,35.0,3.0,31.0,26.5,31.5
Строительные материалы,Трубы металлические,38.5,45.0,3.0,23.0,18.5,38.5
Бытовая техника,Боксы для часов,35.5,35.0,3.0,39.0,34.5,35.5
Продукты,Пудинги,4.5,4.5,3.0,35.0,30.5,4.5
Масла и технические жидкости,Антифризы,36.5,45.0,3.0,37.0,32.5,36.5
Спортивный товар,Буи,37.5,45.0,3.0,41.0,36.5,37.5
Строительные материалы,Профнастилы,38.5,45.0,3.0,32.0,27.5,38.5
Товары для отдыха и кемпинга,Перекись водорода для бассейна,38.5,45.0,3.0,33.0,28.5,38.5
Спортивное питание и косметика,Батончики протеиновые кондитерские,35.5,45.0,3.0,35.0,30.5,35.5
Спортивный товар,Плавательные жилеты,37.5,45.0,3.0,38.0,33.5,37.5
Спортивная одежда,Джерси,44.5,45.0,3.0,44.0,39.5,44.5
Товары для малышей,Прыгунки,36.5,45.0,3.0,40.0,35.5,36.5
Рукоделие,Воски для свечей,39.5,45.0,3.0,39.0,34.5,39.5
Спецодежда и СИЗы,Маски для противогазов,38.5,45.0,3.0,42.0,37.5,38.5
Ручной инструмент и оснастка,Коврики для пайки,41.5,45.0,3.0,41.0,36.5,41.5
Товары для малышей,Покрывала для малышей,36.5,45.0,3.0,40.0,35.5,36.5
Сетевое оборудование,Модемы,34.5,35.0,3.0,38.0,33.5,34.5
Профессиональные музыкальные инструменты,Саксофоны,38.5,45.0,3.0,39.0,34.5,38.5
Аксессуары,Зонты,44.5,45.0,3.0,48.0,43.5,44.5
Посуда и инвентарь,Сито,39.5,45.0,3.0,36.0,31.5,39.5
Электрика,Теплопроводящие материалы,38.5,45.0,3.0,35.0,30.5,38.5
Сантехника,Ринзеры,37.5,45.0,3.0,37.0,32.5,37.5
Игрушки,Йо-йо,38.5,45.0,3.0,42.0,37.5,38.5
Текстиль для дома,Подушки на стул,39.5,45.0,3.0,39.0,34.5,39.5
Одежда для малышей,Капри для малышей,44.5,45.0,3.0,48.0,43.5,44.5
Профессиональные музыкальные инструменты,Банкетки для пианино,38.5,45.0,3.0,36.0,31.5,38.5
Продукты,Лапша,4.5,4.5,3.0,35.0,30.5,4.5
Периферия и аксессуары,Трекпады,34.5,35.0,3.0,38.0,33.5,34.5
Здоровье,Крепления для массажеров,42.5,45.0,3.0,35.0,30.5,42.5
Игрушки,Спортивные комплексы для детей,38.5,45.0,3.0,42.0,37.5,38.5
Товары для отдыха и кемпинга,Туалеты уличные сборные,3.0,3.0,3.0,8.0,8.0,3.0
Климатическая техника,Обогреватели,35.5,35.0,3.0,33.0,28.5,35.5
Товары для малышей,Переноски для детей,36.5,45.0,3.0,36.0,31.5,36.5
Рукоделие,Булавки,39.5,45.0,3.0,29.0,24.5,39.5
Красота,Отбеливающие средства для зубов,42.5,45.0,3.0,43.5,39.0,42.5
Все для садоводства,Кормушки садовые,39.5,45.0,3.0,35.5,34.5,39.5
Спортивные аксессуары,Крепления для сноуборда,39.5,45.0,3.0,37.0,32.5,39.5
Шины и диски,Шипы ремонтные,36.5,45.0,3.0,36.5,35.5,36.5
Бытовая химия,Поглотители запаха и влаги,39.5,45.0,3.0,43.0,38.5,39.5
Бытовая химия,Фумигаторы,39.5,45.0,3.0,43.0,38.5,39.5
Здоровье,Компрессионные шорты,42.5,45.0,3.0,39.0,34.5,42.5
Спортивный товар,Подушки для растяжки,37.5,45.0,3.0,41.0,36.5,37.5
Товары для взрослых,Свечи эротик,39.5,45.0,3.0,43.0,38.5,39.5
Продукты,Конфеты 18+,4.5,4.5,3.0,25.0,20.5,4.5
Автозапчасти,Блокировки дифференциалов,36.5,45.0,3.0,39.5,35.0,36.5
Товары для животных,Вертлюги для животных,31.5,35.0,3.0,31.0,26.5,31.5
Здоровье,Наборы хирургические,42.5,45.0,3.0,36.0,31.5,42.5
Товары для курения,Электронные сигареты,38.5,45.0,3.0,33.0,28.5,38.5
Одежда,Сарафаны,44.5,45.0,3.0,48.0,43.5,44.5
Продукты,Курники,4.5,4.5,3.0,25.0,20.5,4.5
Аксессуары для электроники,Громкоговорители,42.5,45.0,3.0,35.0,30.5,42.5
Ручной инструмент и оснастка,Диспенсеры для монтажных лент,41.5,45.0,3.0,43.0,38.5,41.5
Товары для животных,Мешки для фильтрующих наполнителей,31.5,35.0,3.0,30.0,25.5,31.5
Мебель малых форм,Столы,36.5,45.0,3.0,31.0,26.5,36.5
Ручной инструмент и оснастка,Пинцеты монтажные,41.5,45.0,3.0,45.0,40.5,41.5
Канцелярские товары,Маркеры,39.5,45.0,3.0,40.0,35.5,39.5
Товары для малышей,Защитные накладки для дома,36.5,45.0,3.0,40.0,35.5,36.5
Одежда,Джеггинсы,44.5,45.0,3.0,48.0,43.5,44.5
Спортивные аксессуары,Варежки спортивные,39.5,45.0,3.0,39.0,34.5,39.5
Спортивная обувь,Спортивная обувь,44.5,45.0,3.0,48.0,43.5,44.5
Хозяйственные товары,Диспенсеры для туалетной бумаги,39.5,45.0,3.0,36.0,31.5,39.5
Товары для курения,Чистящие средства для кальяна,38.5,45.0,3.0,42.0,37.5,38.5
Здоровье,Ванночки сидячие,42.5,45.0,3.0,34.5,30.0,42.5
Товары для животных,Фильтры для поилки,31.5,35.0,3.0,31.0,26.5,31.5
Продукты,Солод,4.5,4.5,3.0,21.0,16.5,4.5
Мебель офисная и торговое оборудование,Шкафы архивные,36.5,45.0,3.0,40.0,35.5,36.5
Автозапчасти,Прокладки крышки ГРМ,36.5,45.0,3.0,40.0,35.5,36.5
Техника для красоты и здоровья,Мини-холодильники для косметики,35.5,35.0,3.0,33.0,28.5,35.5
Здоровье,Зонды логопедические,42.5,45.0,3.0,44.0,39.5,42.5
Автозапчасти,Сиденья автомобильные,36.5,45.0,3.0,31.0,26.5,36.5
Декор интерьера,Светодиодные деревья,39.5,45.0,3.0,43.0,38.5,39.5
Крупная бытовая техника,Стиральные машины,29.5,35.0,3.0,25.5,24.5,29.5
Аксессуары для электроники,Боксы для элементов питания,42.5,45.0,3.0,39.0,34.5,42.5
Строительные материалы,Саморезы универсальные,38.5,45.0,3.0,38.0,33.5,38.5
Канцелярские товары,Лаки художественные,39.5,45.0,3.0,41.0,36.5,39.5
Бытовая химия,Пятновыводители,39.5,45.0,3.0,34.0,29.5,39.5
Красота,Гидролаты,42.5,45.0,3.0,46.0,41.5,42.5
Для праздника,Карнавальные перчатки,42.5,45.0,3.0,46.0,41.5,42.5
Профессиональные музыкальные инструменты,Трещотки музыкальные,38.5,45.0,3.0,42.0,37.5,38.5
Транспортные средства,Хаусботы,0.5,0.5,0.5,0.5,0.5,0.5
Рукоделие,Глина для лепки,39.5,45.0,3.0,43.0,38.5,39.5
Бытовая техника,Паровые швабры,35.5,35.0,3.0,39.0,34.5,35.5
Хозяйственные товары,Кассеты для фильтров-кувшинов,39.5,45.0,3.0,43.0,38.5,39.5
Посуда и инвентарь,Комплектующие для дистиллятора,39.5,45.0,3.0,43.0,38.5,39.5
Продукты,Рыбные деликатесы,4.5,4.5,3.0,31.0,30.5,4.5
Мебель офисная и торговое оборудование,Заглушки мебельные,36.5,45.0,3.0,30.0,25.5,36.5
Техника для кухни,Су-вид,34.5,35.0,3.0,38.0,33.5,34.5
Одежда для малышей,Майки спортивные для малышей,44.5,45.0,3.0,37.0,33.5,44.5
Товары для взрослых,Уретральные зонды,39.5,45.0,3.0,43.0,38.5,39.5
Строительные материалы,Формы для облицовочного камня,38.5,45.0,3.0,38.0,33.5,38.5
Для праздника,Конверты для денег,42.5,45.0,3.0,42.0,37.5,42.5
Отделочные материалы,Противоскользящие элементы,38.5,45.0,3.0,42.0,37.5,38.5
Строительные материалы,Опоры крепежные,38.5,45.0,3.0,41.0,36.5,38.5
Автозапчасти,Ремкомплекты для стекол,36.5,45.0,3.0,36.0,31.5,36.5
Фото и Видеотехника,Крышки для камер,38.5,45.0,3.0,36.0,31.5,38.5
Спецодежда и СИЗы,Рубашки одноразовые,38.5,45.0,3.0,38.0,33.5,38.5
Спортивный товар,Фляги топливные,37.5,45.0,3.0,35.5,31.0,37.5
Рукоделие,Заготовки для поделок,39.5,45.0,3.0,39.0,34.5,39.5
Товары для животных,Коврики для лотков,31.5,35.0,3.0,35.0,30.5,31.5
Спортивный товар,Оружие для страйкбола,37.5,45.0,3.0,41.0,36.5,37.5
Отделочные материалы,Подложки для напольных покрытий,38.5,45.0,3.0,33.0,28.5,38.5
Аксессуары для электроники,Заглушки для гаджетов,44.5,45.0,3.0,38.0,33.5,44.5
Товары для малышей,Май-слинги,36.5,45.0,3.0,36.0,31.5,36.5
Посуда и инвентарь,Подставки для подогрева,39.5,45.0,3.0,39.0,34.5,39.5
Профессиональные музыкальные инструменты,Бонго,38.5,45.0,3.0,38.0,33.5,38.5
Спортивный товар,Рога на руль,37.5,45.0,3.0,41.0,36.5,37.5
Товары для животных,Декорации для муравьиных ферм,31.5,35.0,3.0,26.0,21.5,31.5
Строительные материалы,Пандусы,38.5,45.0,3.0,38.0,33.5,38.5
Автоаксессуары и дополнительное оборудование,Вставки в монтажную головку,36.5,45.0,3.0,36.0,31.5,36.5
Посуда и инвентарь,Ножи столовые,39.5,45.0,3.0,43.0,38.5,39.5
Белье,Термолонгсливы,44.5,45.0,3.0,44.0,39.5,44.5
Умный дом и безопасность,Извещатели пожарные,34.5,35.0,3.0,38.0,33.5,34.5
Электроинструмент и оборудование,Тележки гидравлические,41.5,45.0,3.0,34.0,29.5,41.5
Аксессуары для электроники,Блоки питания,34.5,35.0,3.0,27.0,22.5,34.5
Профессиональные музыкальные инструменты,Гитары,38.5,45.0,3.0,32.0,27.5,38.5
Красота,Держатели для тату машинки,42.5,45.0,3.0,41.0,36.5,42.5
Спортивный товар,Электрошокеры,37.5,45.0,3.0,31.0,26.5,37.5
Здоровье,Гели для зубов/десен,42.5,45.0,3.0,46.0,41.5,42.5
Текстиль для дома,Прихватки,39.5,45.0,3.0,39.0,34.5,39.5
Техника для кухни,Хлебопечи,34.5,35.0,3.0,38.0,33.5,34.5
Канцелярские товары,Записные книжки,39.5,45.0,3.0,38.0,33.5,39.5
Аксессуары,Шарфы-пледы,44.5,45.0,3.0,48.0,43.5,44.5
Товары для малышей,Пододеяльники для малышей,36.5,45.0,3.0,40.0,35.5,36.5
Спецодежда и СИЗы,Футболки рабочие,44.5,45.0,3.0,48.0,43.5,44.5
Спортивный товар,Утяжелители,37.5,45.0,3.0,41.0,36.5,37.5
Игрушки,Неваляшки,38.5,45.0,3.0,42.0,37.5,38.5
Профессиональные музыкальные инструменты,Тарелки музыкальные,38.5,45.0,3.0,36.0,31.5,38.5
Автозапчасти,Тяговые реле стартера,36.5,45.0,3.0,40.0,35.5,36.5
Сантехника,Ремкомплекты для ванны,37.5,45.0,3.0,41.0,36.5,37.5
Белье,Термофутболки,44.5,45.0,3.0,48.0,43.5,44.5
Спортивный товар,Подушки для медитаций,37.5,45.0,3.0,40.0,35.5,37.5
Здоровье,Кресла санитарные,42.5,45.0,3.0,36.0,31.5,42.5
Продукты,Самса,4.5,4.5,3.0,25.0,20.5,4.5
Бытовая химия,Средства для мытья пола,39.5,45.0,3.0,39.0,34.5,39.5
Садовые инструменты и полив,Щетки уличные,39.5,45.0,3.0,39.0,34.5,39.5
Товары для животных,Корм сухой,31.5,35.0,3.0,35.0,30.5,31.5
Профессиональные музыкальные инструменты,Ножки для барабанов,38.5,45.0,3.0,36.0,31.5,38.5
Строительные материалы,Ленты крепежные,38.5,45.0,3.0,38.0,33.5,38.5
Техника для красоты и здоровья,Техника для красоты и здоровья,35.5,35.0,3.0,33.0,28.5,35.5
Продукты,Имбирь маринованный,4.5,4.5,3.0,30.0,25.5,4.5
Продукты,Пекмезы,4.5,4.5,3.0,35.0,30.5,4.5
Ноутбуки и компьютеры,Внешние SSD-накопители,31.5,35.0,3.0,29.0,24.5,31.5
Автоаксессуары и дополнительное оборудование,Маячки проблесковые,36.5,45.0,3.0,40.0,35.5,36.5
Мебель офисная и торговое оборудование,Системы крепления цоколя,36.5,45.0,3.0,30.0,25.5,36.5
Автоаксессуары и дополнительное оборудование,Автоиконы,36.5,45.0,3.0,36.0,31.5,36.5
Спортивные аксессуары,Перчатки сноубордические,39.5,45.0,3.0,34.0,29.5,39.5
Канцелярские товары,Механизмы для скоросшивания,39.5,45.0,3.0,39.0,34.5,39.5
Посуда и инвентарь,Емкости для выпечки,39.5,45.0,3.0,39.0,34.5,39.5
Посуда и инвентарь,Прессы для сока,39.5,45.0,3.0,39.0,34.5,39.5
Канцелярские товары,Подушечки для смачивания пальцев,39.5,45.0,3.0,28.0,23.5,39.5
Сантехника,Картриджи для смесителей,37.5,45.0,3.0,41.0,36.5,37.5
Строительные материалы,Карабины строительные,38.5,45.0,3.0,35.0,30.5,38.5
Электрика,Зажимы-крокодил,38.5,45.0,3.0,35.0,30.5,38.5
Спецодежда и СИЗы,Брюки рабочие,44.5,45.0,3.0,48.0,43.5,44.5
Продукты,Меренги,4.5,4.5,3.0,20.0,15.5,4.5
Отделочные материалы,Клей строительный,38.5,45.0,3.0,36.5,32.0,38.5
Автозапчасти,Радиаторы масляные,36.5,45.0,3.0,40.0,35.5,36.5
Ручной инструмент и оснастка,Восстановление резьбы,41.5,45.0,3.0,45.0,40.5,41.5
Белье,Кальсоны,44.5,45.0,3.0,38.0,33.5,44.5
Спортивный товар,Заглушки для руля,37.5,45.0,3.0,37.0,32.5,37.5
Все для садоводства,Формы для садовых дорожек,39.5,45.0,3.0,35.5,34.5,39.5
Ручной инструмент и оснастка,Киянки,41.5,45.0,3.0,43.0,38.5,41.5
Товары для малышей,Аксессуары к стульчикам для кормления,36.5,45.0,3.0,40.0,35.5,36.5
Отделочные материалы,Грунтовки,38.5,45.0,3.0,29.5,25.0,38.5
Автохимия и автокосметика,Полироли фар,36.5,45.0,3.0,35.0,30.5,36.5
Бытовая техника,Мухобойки электрические,35.5,35.0,3.0,30.0,25.5,35.5
Для праздника,Наклейки интерактивные,42.5,45.0,3.0,36.0,31.5,42.5
Товары для малышей,Коконы для новорожденных,36.5,45.0,3.0,40.0,35.5,36.5
Спортивные аксессуары,Чехлы для сноубордов,39.5,45.0,3.0,34.0,29.5,39.5
Аксессуары для электроники,Осветители для смартфона,44.5,45.0,3.0,37.0,32.5,44.5
Автоаксессуары и дополнительное оборудование,Расширители колеи,36.5,45.0,3.0,40.0,35.5,36.5
Продукты,Сладости и десерты,4.5,4.5,3.0,31.0,26.5,4.5
Текстиль для дома,Простыни,39.5,45.0,3.0,43.0,38.5,39.5
Товары для животных,Маски для шерсти,31.5,35.0,3.0,31.0,26.5,31.5
Посуда и инвентарь,Захваты для банок,39.5,45.0,3.0,34.0,29.5,39.5
Здоровье,Нагнетатели для тонометров,35.5,45.0,3.0,39.0,34.5,35.5
Для праздника,Пиротехника,42.5,45.0,3.0,41.0,36.5,42.5
Красота,Дезодоранты,42.5,45.0,3.0,46.0,41.5,42.5
Отделочные материалы,Плитка тротуарная,38.5,45.0,3.0,32.0,27.5,38.5
Здоровье,Средства ухода за стомой,42.5,45.0,3.0,46.0,41.5,42.5
Спортивная обувь,Велобахилы,44.5,45.0,3.0,48.0,43.5,44.5
Строительные материалы,Анкеры,38.5,45.0,3.0,42.0,37.5,38.5
Красота,Гели для бритья,42.5,45.0,3.0,46.0,41.5,42.5
Ручной инструмент и оснастка,Расходники для ленточных станков,41.5,45.0,3.0,45.0,40.5,41.5
Оргтехника,Ламинаторы,34.5,35.0,3.0,34.0,29.5,34.5
Все для садоводства,Селитра,39.5,45.0,3.0,29.5,28.5,39.5
Садовые инструменты и полив,Вилки садовые,39.5,45.0,3.0,43.0,38.5,39.5
Для праздника,Карнавальная обувь,42.5,45.0,3.0,46.0,41.5,42.5
Аксессуары для малышей,Капоры для малышей,44.5,45.0,3.0,44.0,39.5,44.5
Автоаксессуары и дополнительное оборудование,Подставки страховочные,36.5,45.0,3.0,36.0,31.5,36.5
Для праздника,Жидкости для генераторов дыма,42.5,45.0,3.0,38.0,33.5,42.5
Спортивный товар,Ручки детские на руль,37.5,45.0,3.0,36.0,31.5,37.5
Спортивный товар,Сноуборды детские,37.5,45.0,3.0,31.0,26.5,37.5
Товары для малышей,Бортики для кроватей,36.5,45.0,3.0,36.0,31.5,36.5
Игрушки,Диафильмы,38.5,45.0,3.0,42.0,37.5,38.5
Электроинструмент и оборудование,Плиткорезы,41.5,45.0,3.0,40.0,35.5,41.5
Спортивный товар,Крепления велосипедного кресла,37.5,45.0,3.0,36.0,31.5,37.5
Все для садоводства,Комнатные растения,39.5,45.0,3.0,39.5,38.5,39.5
Садовые инструменты и полив,Метлы садовые,39.5,45.0,3.0,43.0,38.5,39.5
Мебель офисная и торговое оборудование,Направляющие мебельные,36.5,45.0,3.0,36.0,31.5,36.5
Отделочные материалы,Молдинги,38.5,45.0,3.0,40.5,36.0,38.5
Садовая техника,Воздуходувки,29.5,35.0,3.0,33.0,28.5,29.5
Здоровье,БИПАП-аппараты,35.5,45.0,3.0,35.0,30.5,35.5
Сантехника,Кабины душевые,37.5,45.0,3.0,31.0,26.5,37.5
Бытовая химия,Вода для утюгов,39.5,45.0,3.0,43.0,38.5,39.5
Автоаксессуары и дополнительное оборудование,Разветвители прикуривателя,36.5,45.0,3.0,40.0,35.5,36.5
Игрушки,Сборные модели,38.5,45.0,3.0,42.0,37.5,38.5
Спортивный товар,Кранцы,37.5,45.0,3.0,31.0,26.5,37.5
Посуда и инвентарь,Картриджи для генераторов водородной воды,39.5,45.0,3.0,39.0,34.5,39.5
Продукты,Мороженое,4.5,4.5,3.0,26.0,21.5,4.5
Автозапчасти,Ключи зажигания,36.5,45.0,3.0,40.0,35.5,36.5
Автозапчасти,Замки автомобильные,36.5,45.0,3.0,36.0,31.5,36.5
Обувь,Ботильоны,44.5,45.0,3.0,39.0,34.5,44.5
Автоэлектроника,Сабвуферы автомобильные,36.5,45.0,3.0,36.0,31.5,36.5
Мебель корпусная и мебель для хранения,Вешалки настенные,36.5,45.0,3.0,40.0,35.5,36.5
Товары для взрослых,Накидки эротик,39.5,45.0,3.0,39.0,34.5,39.5
Головные уборы,Хиджабы,44.5,45.0,3.0,48.0,43.5,44.5
Здоровье,Аппликаторы грязевые,42.5,45.0,3.0,35.0,30.5,42.5
Красота,Воротники для мойки,42.5,45.0,3.0,42.0,37.5,42.5
Автозапчасти,Решетки автомобильные,36.5,45.0,3.0,36.0,31.5,36.5
Детское питание,Заменители грудного молока,4.5,4.5,3.0,34.0,29.5,4.5
Аксессуары для обуви,Сниматели для обуви,44.5,45.0,3.0,48.0,43.5,44.5
Здоровье,Здоровье,43.0,45.0,3.0,46.0,41.5,43.0
Аксессуары для электроники,Аккумуляторы для радиостанций,42.5,45.0,3.0,35.0,30.5,42.5
Автозапчасти,Свечи накаливания,36.5,45.0,3.0,36.0,31.5,36.5
Спортивный товар,Электроскейтборды,40.5,45.0,3.0,42.5,38.0,40.5
Спецодежда и СИЗы,Фартуки рабочие,44.5,45.0,3.0,46.0,41.5,44.5
Мебель для сна,Шкафы-кровати,36.5,45.0,3.0,36.0,31.5,36.5
Электрика,Преобразователи,38.5,45.0,3.0,35.0,30.5,38.5
Автоаксессуары и дополнительное оборудование,Ролики обрезиненные,36.5,45.0,3.0,36.0,31.5,36.5
Аксессуары,Зеркальца,44.5,45.0,3.0,44.0,39.5,44.5
Спортивный товар,Наборы для плавания,37.5,45.0,3.0,41.0,36.5,37.5
Спортивные аксессуары,Пояса разогревочные,39.5,45.0,3.0,39.0,34.5,39.5
Рукоделие,Природные материалы для творчества,39.5,45.0,3.0,43.0,38.5,39.5
Товары для малышей,Дождевики для колясок,36.5,45.0,3.0,40.0,35.5,36.5
Продукты,Замороженные фрукты,4.5,4.5,3.0,26.0,21.5,4.5
Автоаксессуары и дополнительное оборудование,Автоаксессуары и дополнительное оборудование,36.5,45.0,3.0,40.0,35.5,36.5
Электрика,Оптопары,38.5,45.0,3.0,35.0,30.5,38.5
Канцелярские товары,Ручки,39.5,45.0,3.0,39.0,34.5,39.5
Товары для животных,Насадки для стрижки животных,31.5,35.0,3.0,31.0,26.5,31.5
Красота,Нейтрализаторы испарений клея,42.5,45.0,3.0,46.0,41.5,42.5
Здоровье,Носки ортопедические,42.5,45.0,3.0,39.0,34.5,42.5
Здоровье,Жилеты фиксирующие,42.5,45.0,3.0,39.0,34.5,42.5
Аксессуары для электроники,Аккумуляторные элементы питания,42.5,45.0,3.0,34.0,29.5,42.5
Красота,Средства для снятия макияжа,42.5,45.0,3.0,45.0,40.5,42.5
Текстиль для дома,Ковры,39.5,45.0,3.0,40.0,35.5,39.5
Автозапчасти,Шарниры коленчатые,36.5,45.0,3.0,35.0,30.5,36.5
Посуда и инвентарь,Защитные экраны,39.5,45.0,3.0,43.0,38.5,39.5
Спортивный товар,Кронштейны для велосипедов,37.5,45.0,3.0,41.0,36.5,37.5
Текстиль для дома,Дорожки кухонные,39.5,45.0,3.0,43.0,38.5,39.5
Спортивное питание и косметика,Добавки для суставов и связок,35.5,45.0,3.0,34.0,29.5,35.5
Товары для малышей,Доски пеленальные,36.5,45.0,3.0,39.0,34.5,36.5
Ручной инструмент и оснастка,Ручки для шпателя,41.5,45.0,3.0,40.0,35.5,41.5
Для праздника,Сундучки свадебные,42.5,45.0,3.0,42.0,37.5,42.5
Товары для взрослых,Стэки эротик,39.5,45.0,3.0,43.0,38.5,39.5
Товары для животных,Игрушки для животных,31.5,35.0,3.0,35.0,30.5,31.5
Отделочные материалы,Стопоры и ограничители двери,38.5,45.0,3.0,37.0,32.5,38.5
Одежда для малышей,Кардиганы для малышей,44.5,45.0,3.0,48.0,43.5,44.5
Товары для животных,Термометры для террариумов,31.5,35.0,3.0,30.0,25.5,31.5
Ручной инструмент и оснастка,Пассаметры,41.5,45.0,3.0,40.5,36.0,41.5
Автохимия и автокосметика,Очистители топливной системы,36.5,45.0,3.0,40.0,35.5,36.5
Продукты,Рис,4.5,4.5,3.0,30.0,25.5,4.5
Профессиональные музыкальные инструменты,Ксилофоны,38.5,45.0,3.0,42.0,37.5,38.5
Аксессуары для электроники,Чехлы для сплит-систем,44.5,45.0,3.0,44.0,39.5,44.5
Электрика,Фильтры дуплексные,42.5,45.0,3.0,34.0,29.5,42.5
Смартфоны и гаджеты,Смарт-часы,34.5,35.0,3.0,37.0,32.5,34.5
Одежда для малышей,Крестильные брюки для малышей,44.5,45.0,3.0,39.0,34.5,44.5
Спортивная одежда,Пуловеры спортивные,44.5,45.0,3.0,44.0,39.5,44.5
Электрика,Рейки DIN,38.5,45.0,3.0,35.0,30.5,38.5
Товары для животных,Амортизаторы под седло,31.5,35.0,3.0,31.0,26.5,31.5
Отделочные материалы,Плитка керамическая,38.5,45.0,3.0,38.0,33.5,38.5
Фото и Видеотехника,Дисплеи для камер,38.5,45.0,3.0,40.5,36.0,38.5
Декор интерьера,Искусственные растения,39.5,45.0,3.0,43.0,38.5,39.5
Канцелярские товары,Стержни для ручек,39.5,45.0,3.0,39.0,34.5,39.5
Декор интерьера,Салфетницы интерьерные,39.5,45.0,3.0,43.0,38.5,39.5
Мебель корпусная и мебель для хранения,Стеллажи,36.5,45.0,3.0,35.0,30.5,36.5
Канцелярские товары,Гостевые книги,39.5,45.0,3.0,43.0,38.5,39.5
Продукты,Сливки сухие,4.5,4.5,3.0,35.0,30.5,4.5
Строительные материалы,Укрывные материалы,38.5,45.0,3.0,38.0,33.5,38.5
Строительные материалы,Калитки,38.5,45.0,3.0,28.0,23.5,38.5
Спортивный товар,Обручи,37.5,45.0,3.0,37.0,32.5,37.5
Спортивные аксессуары,Съемники рыболовных крючков,39.5,45.0,3.0,30.0,25.5,39.5
Товары для животных,Полотенца для животных,31.5,35.0,3.0,35.0,30.5,31.5
Рукоделие,Наборы ниток,39.5,45.0,3.0,39.0,34.5,39.5
Садовая техника,Масла для садовой техники,38.5,45.0,3.0,42.0,37.5,38.5
Спецодежда и СИЗы,Пожарный инвентарь,38.5,45.0,3.0,42.0,37.5,38.5
Канцелярские товары,Линзы для луп,39.5,45.0,3.0,39.0,34.5,39.5
Электрика,Устройства защиты,38.5,45.0,3.0,35.0,30.5,38.5
Посуда и инвентарь,Пьезозажигалки,39.5,45.0,3.0,43.0,38.5,39.5
Посуда и инвентарь,Бидоны,39.5,45.0,3.0,33.0,28.5,39.5
Хозяйственные товары,Веревки бельевые,39.5,45.0,3.0,43.0,38.5,39.5
Товары для животных,Куртки для животных,31.5,35.0,3.0,31.0,26.5,31.5
Автоаксессуары и дополнительное оборудование,Декоративные детали кузова и бампера,36.5,45.0,3.0,36.0,31.5,36.5
Продукты,Тефтели,4.5,4.5,3.0,26.0,21.5,4.5
Спортивный товар,Скамьи для измерения гибкости,37.5,45.0,3.0,32.0,27.5,37.5
Электрика,Разъемы,38.5,45.0,3.0,32.0,27.5,38.5
Продукты,Мед,4.5,4.5,3.0,35.0,30.5,4.5
Продукты,Желатин,4.5,4.5,3.0,31.0,26.5,4.5
Товары для отдыха и кемпинга,Бактерии для септиков,38.5,45.0,3.0,41.0,36.5,38.5
Здоровье,Чехлы на гипс,42.5,45.0,3.0,37.0,32.5,42.5
Аксессуары для электроники,Трекеры времени,42.5,45.0,3.0,41.0,36.5,42.5
Аксессуары для электроники,Виртуальные очки,44.5,45.0,3.0,37.0,32.5,44.5
Мебель офисная и торговое оборудование,Счетчики посетителей,36.5,45.0,3.0,36.0,31.5,36.5
Мебель корпусная и мебель для хранения,Антресоли,36.5,45.0,3.0,32.0,27.5,36.5
Спортивные аксессуары,Шлемы сноубордические,39.5,45.0,3.0,32.5,28.0,39.5
Ювелирные украшения,Ювелирные иконы,43.0,45.0,3.0,39.0,38.0,43.0
Игрушки,Комфортеры,38.5,45.0,3.0,42.0,37.5,38.5
Продукты,Повидло,4.5,4.5,3.0,35.0,30.5,4.5
Товары для малышей,Тазики детские,36.5,45.0,3.0,36.0,31.5,36.5
Ручной инструмент и оснастка,Захваты для листового материала,41.5,45.0,3.0,45.0,40.5,41.5
Спортивная обувь,Фламенко,44.5,45.0,3.0,44.0,39.5,44.5
Одежда,Полукомбинезоны,44.5,45.0,3.0,43.0,38.5,44.5
Товары для животных,Лежаки для животных,31.5,35.0,3.0,33.0,28.5,31.5
Климатическая техника,Тепловые завесы,35.5,35.0,3.0,33.0,28.5,35.5
Канцелярские товары,Штемпельные подушки,39.5,45.0,3.0,43.0,38.5,39.5
Садовые инструменты и полив,Пистолеты и насадки для полива,39.5,45.0,3.0,42.0,37.5,39.5
Игрушки,Бронетехника,38.5,45.0,3.0,38.0,33.5,38.5
Отделочные материалы,Пены монтажные,38.5,45.0,3.0,38.0,33.5,38.5
Товары для животных,Светильники для террариумов,31.5,35.0,3.0,31.0,26.5,31.5
Сантехника,Гидроаккумуляторы,37.5,45.0,3.0,31.0,26.5,37.5
Строительные материалы,Профили для гипсокартона,38.5,45.0,3.0,39.0,34.5,38.5
Спортивный товар,Замки велосипедные,37.5,45.0,3.0,41.0,36.5,37.5
Спортивный товар,Груши боксерские,37.5,45.0,3.0,36.0,31.5,37.5
Ручной инструмент и оснастка,Съемники стопорных колец,41.5,45.0,3.0,41.0,36.5,41.5
Ручной инструмент и оснастка,Подшлемники под каску,41.5,45.0,3.0,45.0,40.5,41.5
Канцелярские товары,Карандаши механические,39.5,45.0,3.0,35.0,30.5,39.5
Здоровье,Туторы пальцевые,42.5,45.0,3.0,38.5,34.0,42.5
Здоровье,Камертоны медицинские,42.5,45.0,3.0,45.0,40.5,42.5
Спецодежда и СИЗы,Юбки медицинские,44.5,45.0,3.0,48.0,43.5,44.5
Игрушки,Дуги игровые,38.5,45.0,3.0,40.0,35.5,38.5
Спортивный товар,Шейкеры спортивные,37.5,45.0,3.0,36.0,31.5,37.5
Профессиональные музыкальные инструменты,Комбоусилители,38.5,45.0,3.0,41.0,36.5,38.5
Алкогольная продукция,Пиво,4.5,4.5,3.0,9.5,9.5,4.5
Здоровье,Вкладыши для слуховых аппаратов,42.5,45.0,3.0,39.0,34.5,42.5
Спортивное питание и косметика,Гейнеры,35.5,45.0,3.0,34.0,29.5,35.5
Посуда и инвентарь,Ножницы кухонные,39.5,45.0,3.0,43.0,38.5,39.5
Бытовая химия,Средства против окрашивания,39.5,45.0,3.0,43.0,38.5,39.5
Товары для животных,Уход за инструментами,31.5,35.0,3.0,35.0,30.5,31.5
Строительные материалы,Цемент,38.5,45.0,3.0,24.0,19.5,38.5
Автозапчасти,Валы коленчатые,36.5,45.0,3.0,36.0,31.5,36.5
Спортивный товар,Переключатели велосипедные,37.5,45.0,3.0,37.0,32.5,37.5
Продукты,Хинкали,4.5,4.5,3.0,26.0,21.5,4.5
Декор интерьера,Подковы сувенирные,39.5,45.0,3.0,43.0,38.5,39.5
Все для садоводства,Коврики под цветочные горшки,39.5,45.0,3.0,35.5,34.5,39.5
Для праздника,Одноразовая посуда,42.5,45.0,3.0,41.0,36.5,42.5
Красота,Валики для ресниц,42.5,45.0,3.0,42.0,37.5,42.5
Спортивный товар,Ружья для подводной охоты,37.5,45.0,3.0,41.0,36.5,37.5
Автоаксессуары и дополнительное оборудование,Наборы для ремонта кабеля,36.5,45.0,3.0,40.0,35.5,36.5
Обувь,Угги,44.5,45.0,3.0,38.0,33.5,44.5
Автоаксессуары и дополнительное оборудование,Защита сидений,36.5,45.0,3.0,40.0,35.5,36.5
Товары для животных,Домики для животных,31.5,35.0,3.0,31.0,26.5,31.5
Рукоделие,Клепки,39.5,45.0,3.0,34.0,29.5,39.5
Аксессуары,Декор для одежды,44.5,45.0,3.0,44.0,39.5,44.5
Умный дом и безопасность,Панели вызывные для домофона,34.5,35.0,3.0,38.0,33.5,34.5
Спортивный товар,Направляющие для напильника,37.5,45.0,3.0,32.0,27.5,37.5
Ручной инструмент и оснастка,Насадки для бензопил,41.5,45.0,3.0,41.0,36.5,41.5
Техника для красоты и здоровья,Фены,35.5,35.0,3.0,33.0,28.5,35.5
Канцелярские товары,Степлеры канцелярские,39.5,45.0,3.0,33.0,28.5,39.5
Для праздника,Мешочки подарочные,42.5,45.0,3.0,42.0,37.5,42.5
Товары для взрослых,Пульсаторы,39.5,45.0,3.0,43.0,38.5,39.5
Спортивные аксессуары,Наборы для чистки оружия,39.5,45.0,3.0,39.0,34.5,39.5
Автозапчасти,Трубки нагнетаемого воздуха,36.5,45.0,3.0,36.0,31.5,36.5
Хранение вещей,Органайзеры для хранения,36.5,45.0,3.0,40.0,35.5,36.5
Аксессуары для электроники,Аксессуары для электрогрилей,35.5,35.0,3.0,33.0,28.5,35.5
Красота,Перчатки косметические,42.5,45.0,3.0,37.0,32.5,42.5
Ручной инструмент и оснастка,Ручки для валиков,41.5,45.0,3.0,44.0,39.5,41.5
Автозапчасти,Модули контроля температуры,36.5,45.0,3.0,40.0,35.5,36.5
Автозапчасти,Трубопроводы тормозной системы,36.5,45.0,3.0,36.0,31.5,36.5
Автозапчасти,Глушители пневмосистемы,36.5,45.0,3.0,35.0,30.5,36.5
Электроинструмент и оборудование,Пилы торцовочные,41.5,45.0,3.0,38.0,33.5,41.5
Строительные материалы,Смеси реставрационные,38.5,45.0,3.0,38.0,33.5,38.5
Аксессуары,Кошельки,44.5,45.0,3.0,48.0,43.5,44.5
Бытовая химия,Косметика для мебели,39.5,45.0,3.0,43.0,38.5,39.5
Мототовары,Тенты для квадроциклов,36.5,45.0,3.0,40.0,35.5,36.5
Посуда и инвентарь,Овощерезки ручные,39.5,45.0,3.0,39.0,34.5,39.5
Автозапчасти,Тормозные ленты,36.5,45.0,3.0,40.0,35.5,36.5
Продукты,Сырники,4.5,4.5,3.0,26.0,21.5,4.5
Спортивный товар,Черпаки для лодок,37.5,45.0,3.0,40.5,36.0,37.5
Автозапчасти,Комплектующие к автомобильным рулям,36.5,45.0,3.0,40.0,35.5,36.5
Аксессуары для обуви,Кремы для обуви,44.5,45.0,3.0,48.0,43.5,44.5
Спортивные аксессуары,Лыжные палки,39.5,45.0,3.0,42.0,37.5,39.5
Спортивный товар,Наборы бильярдные,37.5,45.0,3.0,36.0,27.5,37.5
Одежда,Твинсеты,44.5,45.0,3.0,48.0,43.5,44.5
Здоровье,Иглы для шприц-ручек,42.5,45.0,3.0,34.5,30.0,42.5
Аксессуары для электроники,Дисплеи для планшетов,42.5,45.0,3.0,35.0,30.5,42.5
Товары для взрослых,Поводки эротик,39.5,45.0,3.0,42.0,37.5,39.5
Автозапчасти,Регуляторы давления автомобильные,36.5,45.0,3.0,36.0,31.5,36.5
Электрика,Лазерные излучатели,38.5,45.0,3.0,35.0,30.5,38.5
Отделочные материалы,Переходы дверные,38.5,45.0,3.0,42.0,37.5,38.5
Посуда и инвентарь,Наборы столовых приборов,39.5,45.0,3.0,43.0,38.5,39.5
Спортивная одежда,Костюмы спортивные,44.5,45.0,3.0,47.0,42.5,44.5
Детское питание,Соусы детские,4.5,4.5,3.0,25.0,20.5,4.5
Мебель офисная и торговое оборудование,Кресла оператора,36.5,45.0,3.0,30.5,26.0,36.5
Хозяйственные товары,Мыльницы,39.5,45.0,3.0,35.0,30.5,39.5
Белье для малышей,Гольфы для малышей,44.5,45.0,3.0,48.0,43.5,44.5
Мототовары,Другие запчасти для квадроциклов,36.5,45.0,3.0,40.0,35.5,36.5
Посуда и инвентарь,Подставки под ложку,39.5,45.0,3.0,39.0,34.5,39.5
Аксессуары для обуви,Подошва для обуви,44.5,45.0,3.0,44.0,39.5,44.5
Белье для малышей,Удлинители для боди,44.5,45.0,3.0,48.0,43.5,44.5
Аксессуары для обуви,Гелевые полустельки,44.5,45.0,3.0,39.0,34.5,44.5
Продукты,Горчица,4.5,4.5,3.0,30.0,25.5,4.5
Спортивный товар,Профили для обработки лыж,37.5,45.0,3.0,32.0,27.5,37.5
Здоровье,Ланцеты,42.5,45.0,3.0,45.0,40.5,42.5
Посуда и инвентарь,Крышки для банок,39.5,45.0,3.0,42.0,37.5,39.5
Рукоделие,Резинки для рукоделия,39.5,45.0,3.0,36.0,31.5,39.5
Спортивный товар,Багорики,37.5,45.0,3.0,37.0,32.5,37.5
Продукты,Хлопья пшенные,4.5,4.5,3.0,20.0,15.5,4.5
Спортивные аксессуары,Подпруги,39.5,45.0,3.0,43.0,38.5,39.5
Игрушки,Игрушечное оружие,38.5,45.0,3.0,42.0,37.5,38.5
Освещение,Светильники,39.5,45.0,3.0,43.0,38.5,39.5
Аксессуары для обуви,Шампуни для обуви,44.5,45.0,3.0,48.0,43.5,44.5
Посуда и инвентарь,Соковыжималки механические,39.5,45.0,3.0,42.0,37.5,39.5
Спортивный товар,Катушки для лент гимнастических,37.5,45.0,3.0,37.0,32.5,37.5
Автоаксессуары и дополнительное оборудование,Вилки для фаркопов,36.5,45.0,3.0,36.0,31.5,36.5
Автозапчасти,Приборы управления,36.5,45.0,3.0,40.0,35.5,36.5
Посуда и инвентарь,Овощечистки,39.5,45.0,3.0,39.0,34.5,39.5
Отделочные материалы,Ручки оконные,38.5,45.0,3.0,37.0,32.5,38.5
Товары для курения,Машинки для самокруток,38.5,45.0,3.0,38.0,33.5,38.5
Продукты,Катык,4.5,4.5,3.0,25.0,20.5,4.5
Текстиль для дома,Балдахины,39.5,45.0,3.0,35.0,30.5,39.5
Для праздника,Карнавальные головные уборы,42.5,45.0,3.0,45.0,40.5,42.5
Товары для животных,Спреи для животных,31.5,35.0,3.0,31.0,26.5,31.5
Спортивный товар,Магнезия,37.5,45.0,3.0,41.0,36.5,37.5
Товары для взрослых,Боди эротик,39.5,45.0,3.0,43.0,38.5,39.5
Спортивный товар,Ниппели для спиц,37.5,45.0,3.0,41.0,36.5,37.5
Спортивный товар,Кровати кемпинговые,37.5,45.0,3.0,41.0,36.5,37.5
Красота,Стикини,42.5,45.0,3.0,36.0,31.5,42.5
Товары для животных,Кремы для животных,31.5,35.0,3.0,31.0,26.5,31.5
Красота,Палитры для смешивания косметики,42.5,45.0,3.0,31.0,26.5,42.5
Фарма,Фарма,3.0,3.0,3.0,3.0,3.0,3.0
Декор интерьера,Картины модульные,39.5,45.0,3.0,34.0,29.5,39.5
Хозяйственные товары,Щетки для одежды,39.5,45.0,3.0,30.0,25.5,39.5
Товары для животных,Лакомства для животных,31.5,35.0,3.0,35.0,30.5,31.5
Садовые инструменты и полив,Системы автополива и запчасти,39.5,45.0,3.0,43.0,38.5,39.5
Красота,Тату машинки,42.5,45.0,3.0,45.0,40.5,42.5
Сантехника,Комплектующие для теплых полов,37.5,45.0,3.0,37.0,32.5,37.5
Все для садоводства,Наборы для выращивания растений,39.5,45.0,3.0,39.5,38.5,39.5
Игрушки,Пирамидки,38.5,45.0,3.0,37.0,32.5,38.5
Продукты,Прополис,4.5,4.5,3.0,35.0,30.5,4.5
Продукты,Сало,4.5,4.5,3.0,35.0,30.5,4.5
Автохимия и автокосметика,Жидкая кожа для салона,36.5,45.0,3.0,36.0,31.5,36.5
Обувь,Мюли,44.5,45.0,3.0,42.0,37.5,44.5
Спортивный товар,Трубки для питьевой системы,37.5,45.0,3.0,37.0,32.5,37.5
Смартфоны и гаджеты,Планшеты,29.5,35.0,3.0,32.0,27.5,29.5
Аксессуары для электроники,Сетевые фильтры,34.5,35.0,3.0,38.0,33.5,34.5
Декор интерьера,Наклейки интерьерные,39.5,45.0,3.0,43.0,38.5,39.5
Канцелярские товары,Кнопки канцелярские,39.5,45.0,3.0,28.0,23.5,39.5
Посуда и инвентарь,Поддоны для гриля,39.5,45.0,3.0,43.0,38.5,39.5
Спортивный товар,Пучковязы,37.5,45.0,3.0,28.0,23.5,37.5
Автоаксессуары и дополнительное оборудование,Кронштейны запасного колеса для прицепа,36.5,45.0,3.0,36.0,31.5,36.5
Автозапчасти,Насосы масляные,36.5,45.0,3.0,36.0,31.5,36.5
Товары для взрослых,Мармелад эротик,39.5,45.0,3.0,37.0,32.5,39.5
Продукты,Шоколад кондитерский,4.5,4.5,3.0,31.0,26.5,4.5
Одежда,Рубашки,44.5,45.0,3.0,48.0,43.5,44.5
Товары для отдыха и кемпинга,Спички,38.5,45.0,3.0,37.5,33.0,38.5
Продукты,Гранола,4.5,4.5,3.0,34.0,29.5,4.5
Посуда и инвентарь,Икорницы,39.5,45.0,3.0,43.0,38.5,39.5
Автоаксессуары и дополнительное оборудование,Автосканеры,36.5,45.0,3.0,40.0,35.5,36.5
Техника для кухни,Мультиварки,34.5,35.0,3.0,34.0,29.5,34.5
Спортивный товар,Ретриверы рыболовные,37.5,45.0,3.0,31.0,26.5,37.5
Товары для животных,Рамки для ульев,31.5,35.0,3.0,31.0,26.5,31.5
Фото и Видеотехника,Кольцевые лампы,38.5,45.0,3.0,42.0,37.5,38.5
Религия и эзотерика,Траурные ленты,24.5,29.5,5.0,38.0,34.5,24.5
Товары для малышей,Зеркала наблюдения за детьми,36.5,45.0,3.0,40.0,35.5,36.5
Аксессуары для электроники,Кронштейны для СВЧ-печей,34.5,35.0,3.0,32.0,27.5,34.5
Красота,Клей для временных татуировок,42.5,45.0,3.0,42.0,37.5,42.5
Спортивный товар,Наборы для виндсерфинга,37.5,45.0,3.0,41.0,32.5,37.5
Продукты,Чевапчичи,4.5,4.5,3.0,25.0,20.5,4.5
Товары для отдыха и кемпинга,Принадлежности для мангала,38.5,45.0,3.0,42.0,37.5,38.5
Автохимия и автокосметика,Антидождь,36.5,45.0,3.0,40.0,35.5,36.5
Все для садоводства,Удобрения животного происхождения,39.5,45.0,3.0,29.5,28.5,39.5
Игрушки,Шнуровки,38.5,45.0,3.0,42.0,37.5,38.5
Садовая техника,Ножи для газонокосилок,38.5,45.0,3.0,38.0,33.5,38.5
Ноутбуки и компьютеры,Охлаждение процессора,34.5,35.0,3.0,38.0,33.5,34.5
Автоаксессуары и дополнительное оборудование,Тестеры искры зажигания,36.5,45.0,3.0,40.0,35.5,36.5
Посуда и инвентарь,Яйцерезки,39.5,45.0,3.0,39.0,34.5,39.5
Электроинструмент и оборудование,Аппараты для сварки труб,41.5,45.0,3.0,41.0,36.5,41.5
Фарма,Урологические препараты,3.0,3.0,3.0,3.0,3.0,3.0
Красота,Краски для бровей и ресниц,42.5,45.0,3.0,46.0,41.5,42.5
Продукты,Охлажденная птица,4.5,4.5,3.0,26.0,21.5,4.5
Строительные материалы,Железобетонные изделия,38.5,45.0,3.0,26.0,21.5,38.5
Товары для животных,Ветеринарные инструменты и оборудование,31.5,35.0,3.0,31.0,26.5,31.5
Товары для взрослых,Аксессуары для игрушек эротик,39.5,45.0,3.0,43.0,38.5,39.5
Товары для животных,Светильники для аквариума,31.5,35.0,3.0,31.0,26.5,31.5
Аксессуары для волос,Подкладки для объема волос,44.5,45.0,3.0,37.0,32.5,44.5
Продукты,Овес,4.5,4.5,3.0,26.0,21.5,4.5
Товары для малышей,Коврики детские,36.5,45.0,3.0,30.0,25.5,36.5
Продукты,Рожь,4.5,4.5,3.0,26.0,21.5,4.5
Садовая техника,Мотоблоки,29.5,35.0,3.0,33.0,28.5,29.5
Посуда и инвентарь,Кубики для охлаждения,39.5,45.0,3.0,31.0,26.5,39.5
Посуда и инвентарь,Тарелки декоративные,39.5,45.0,3.0,39.0,34.5,39.5
Здоровье,Воски для брекетов,42.5,45.0,3.0,40.0,35.5,42.5
Фарма,Препараты от вредных привычек,3.0,3.0,3.0,3.0,3.0,3.0
Спецодежда и СИЗы,Установки пожаротушения,38.5,45.0,3.0,38.0,33.5,38.5
Ручной инструмент и оснастка,Ящики для инструментов,41.5,45.0,3.0,35.0,30.5,41.5
Отделочные материалы,Линолеум,38.5,45.0,3.0,39.0,34.5,38.5
Садовая техника,Смазки для садовой техники,38.5,45.0,3.0,38.0,33.5,38.5
Строительные материалы,Комплектующие для гипсокартона,38.5,45.0,3.0,42.0,37.5,38.5
Автозапчасти,Крепеж для авто,36.5,45.0,3.0,40.0,35.5,36.5
Ювелирные украшения,Ювелирные подвески,43.0,45.0,3.0,43.0,42.0,43.0
Ручной инструмент и оснастка,Цепи для пил,41.5,45.0,3.0,45.0,40.5,41.5
Спортивная одежда,Бриджи спортивные,44.5,45.0,3.0,48.0,43.5,44.5
Продукты,Смеси для выпечки,4.5,4.5,3.0,30.0,25.5,4.5
Сантехника,Отводы вентиляционные,37.5,45.0,3.0,37.0,32.5,37.5
Спортивный товар,Ручки для скандинавских палок,37.5,45.0,3.0,37.0,32.5,37.5
Строительные материалы,Герметизирующие кровельные ленты,38.5,45.0,3.0,30.0,25.5,38.5
Канцелярские товары,Карандаши,39.5,45.0,3.0,33.0,28.5,39.5
Аксессуары для электроники,Коптеры,42.5,45.0,3.0,40.0,35.5,42.5
Посуда и инвентарь,Ложки кофейные,39.5,45.0,3.0,39.0,34.5,39.5
Текстиль для дома,Плейсматы,39.5,45.0,3.0,43.0,38.5,39.5
Спортивный товар,Аксессуары для тяжелой атлетики,37.5,45.0,3.0,41.0,36.5,37.5
Спортивный товар,Рукоятки дроссельной заслонки,37.5,45.0,3.0,41.0,36.5,37.5
Автозапчасти,Датчики температуры охлаждающей жидкости,36.5,45.0,3.0,36.0,31.5,36.5
Отделочные материалы,Плитка гранитная,38.5,45.0,3.0,32.0,27.5,38.5
Посуда и инвентарь,Рукава для запекания,39.5,45.0,3.0,35.0,30.5,39.5
Товары для взрослых,Колготки эротик,39.5,45.0,3.0,43.0,38.5,39.5
Сетевое оборудование,Сетевое оборудование,34.5,35.0,3.0,38.0,33.5,34.5
Книжная продукция и диски,Обучающие диски,39.5,45.0,3.0,43.0,38.5,39.5
Игрушки,Фингерборды,38.5,45.0,3.0,42.0,37.5,38.5
Рукоделие,Спицы для вязания,39.5,45.0,3.0,39.0,34.5,39.5
Товары для животных,Растения для аквариума,31.5,35.0,3.0,31.0,26.5,31.5
Ноутбуки и компьютеры,Материнские платы,31.5,35.0,3.0,35.0,30.5,31.5
Электрика,Грозозащита,38.5,45.0,3.0,35.0,30.5,38.5
Ручной инструмент и оснастка,Зонды измерительные,41.5,45.0,3.0,34.0,29.5,41.5
Товары для малышей,Детские аптечки,36.5,45.0,3.0,36.0,31.5,36.5
Рукоделие,Пуговицы,39.5,45.0,3.0,43.0,38.5,39.5
Аксессуары для электроники,Запчасти для мобильных устройств,44.5,45.0,3.0,37.0,32.5,44.5
Автозапчасти,Стабилизаторы автомобильные,36.5,45.0,3.0,40.0,35.5,36.5
Здоровье,Стулья санитарные,42.5,45.0,3.0,41.0,36.5,42.5
Автозапчасти,Датчики дроссельной заслонки,36.5,45.0,3.0,36.0,31.5,36.5
Посуда и инвентарь,Бокалы,39.5,45.0,3.0,39.0,34.5,39.5
Канцелярские товары,Бумага для оргтехники,39.5,45.0,3.0,39.0,34.5,39.5
Текстиль для дома,Текстиль для дома,39.5,45.0,3.0,43.0,38.5,39.5
Мебель садовая,Столы журнальные плетеные,36.5,45.0,3.0,35.0,30.5,36.5
Умный дом и безопасность,Ретрансляторы,34.5,35.0,3.0,32.0,27.5,34.5
Белье,Гетры,44.5,45.0,3.0,48.0,43.5,44.5
Одежда для малышей,Болеро для малышей,44.5,45.0,3.0,48.0,43.5,44.5
Текстиль для дома,Пододеяльники,39.5,45.0,3.0,43.0,38.5,39.5
Мебель офисная и торговое оборудование,Подставки для ног,36.5,45.0,3.0,36.0,31.5,36.5
Аксессуары,Бирки для ключей,44.5,45.0,3.0,39.0,34.5,44.5
Ручной инструмент и оснастка,Лотки для метизов,41.5,45.0,3.0,41.0,36.5,41.5
Спортивный товар,Диски для скольжения,37.5,45.0,3.0,41.0,36.5,37.5
Спортивные аксессуары,Ручки для лыжных палок,39.5,45.0,3.0,39.0,34.5,39.5
Бытовая техника,Полки в холодильник,35.5,35.0,3.0,33.0,28.5,35.5
Здоровье,Массажеры механические,42.5,45.0,3.0,41.0,36.5,42.5
Аксессуары,Перчатки,44.5,45.0,3.0,48.0,43.5,44.5
Климатическая техника,Камины,35.5,35.0,3.0,33.0,28.5,35.5
Одежда,Велосипедки,44.5,45.0,3.0,48.0,43.5,44.5
Одежда для малышей,Свитшоты для малышей,44.5,45.0,3.0,48.0,43.5,44.5
Спортивный товар,Ножи метательные,37.5,45.0,3.0,41.0,36.5,37.5
Бытовая химия,Очистители для унитаза,39.5,45.0,3.0,40.0,35.5,39.5
Строительные материалы,Теплоизоляция,38.5,45.0,3.0,24.0,19.5,38.5
Готовая еда,Готовая выпечка,4.5,4.5,3.0,38.0,34.5,4.5
Текстиль для дома,Шторы для ванной,39.5,45.0,3.0,40.0,35.5,39.5
Сантехника,Реле давления насосов,37.5,45.0,3.0,37.0,32.5,37.5
Игрушки,Игрушечные гаражи,38.5,45.0,3.0,41.0,36.5,38.5
Игрушки,Мыльные пузыри,38.5,45.0,3.0,42.0,37.5,38.5
Товары для отдыха и кемпинга,Москитные сетки,38.5,45.0,3.0,39.0,34.5,38.5
Товары для животных,Инструменты для вычёсывания животных,31.5,35.0,3.0,35.0,30.5,31.5
Товары для животных,Держатели для лизунца,31.5,35.0,3.0,31.0,26.5,31.5
Автозапчасти,Клапаны для слива воды,36.5,45.0,3.0,40.0,35.5,36.5
Автозапчасти,Выключатели автомобильные,36.5,45.0,3.0,40.0,35.5,36.5
Белье,Лифы для купальника,44.5,45.0,3.0,48.0,43.5,44.5
Красота,Эфирные масла,42.5,45.0,3.0,45.0,40.5,42.5
Электрика,Акустика для микроэлектроники,38.5,45.0,3.0,32.0,27.5,38.5
Спортивный товар,Компасы,37.5,45.0,3.0,41.0,36.5,37.5
Хозяйственные товары,Прессы для зубной пасты,39.5,45.0,3.0,34.0,29.5,39.5
Строительные материалы,Шплинты,38.5,45.0,3.0,41.0,36.5,38.5
Товары для отдыха и кемпинга,Полотенца пляжные,38.5,45.0,3.0,35.0,30.5,38.5
Товары для животных,Очистители воздуха для животных,31.5,35.0,3.0,35.0,30.5,31.5
Одежда для малышей,Халаты банные для малышей,44.5,45.0,3.0,47.0,42.5,44.5
Сантехника,Ограждения душевые,37.5,45.0,3.0,37.0,32.5,37.5
Товары для животных,Дымари для пчел,31.5,35.0,3.0,31.0,26.5,31.5
Смартфоны и гаджеты,Мобильные телефоны,29.5,35.0,3.0,33.0,28.5,29.5
Красота,Бигуди,42.5,45.0,3.0,42.0,37.5,42.5
Ручной инструмент и оснастка,Головки торцевые,41.5,45.0,3.0,44.0,39.5,41.5
Мебель офисная и торговое оборудование,Кресла компьютерные,36.5,45.0,3.0,30.0,25.5,36.5
Аксессуары для электроники,Экраны защиты информации,42.5,45.0,3.0,35.0,30.5,42.5
Канцелярские товары,Смывки для клея,39.5,45.0,3.0,39.0,34.5,39.5
Автоаксессуары и дополнительное оборудование,Другие автоаксессуары,36.5,45.0,3.0,40.0,35.5,36.5
Автозапчасти,Коробки передач,36.5,45.0,3.0,40.0,35.5,36.5
Мототовары,Суппорты тормозные для мототехники,36.5,45.0,3.0,40.0,35.5,36.5
Транспортные средства,Багги,0.5,0.5,0.5,0.5,0.5,0.5
Автохимия и автокосметика,Фреоны для авто,36.5,45.0,3.0,36.0,31.5,36.5
Спортивный товар,Мастики спортивные,37.5,45.0,3.0,41.0,36.5,37.5
Мебель садовая,Комплекты садовой мебели,36.5,45.0,3.0,29.0,24.5,36.5
Фарма,Гематологические препараты,3.0,3.0,3.0,3.0,3.0,3.0
Посуда и инвентарь,Дозаторы для напитков,39.5,45.0,3.0,38.0,33.5,39.5
Строительные материалы,Навесы над крыльцом,38.5,45.0,3.0,37.5,33.0,38.5
Ручной инструмент и оснастка,Биты для шуруповерта,41.5,45.0,3.0,44.0,39.5,41.5
Мебель корпусная и мебель для хранения,Фасады мебельные,36.5,45.0,3.0,36.0,31.5,36.5
Спортивный товар,Лопаты туристические,37.5,45.0,3.0,41.0,36.5,37.5
Красота,Пемзы,42.5,45.0,3.0,34.0,29.5,42.5
Готовая еда,Готовые десерты,4.5,4.5,3.0,25.0,21.5,4.5
Товары для курения,Шланги для кальянов,38.5,45.0,3.0,42.0,37.5,38.5
Ручной инструмент и оснастка,Адаптеры для трещоток,41.5,45.0,3.0,44.0,39.5,41.5
Красота,Отдушки косметические,42.5,45.0,3.0,46.0,41.5,42.5
Строительные материалы,Штукатурно-клеевые смеси,38.5,45.0,3.0,24.0,19.5,38.5
Здоровье,Линзы офтальмологические,42.5,45.0,3.0,39.0,34.5,42.5
Спортивный товар,Гантели,37.5,45.0,3.0,36.0,31.5,37.5
Товары для животных,Наполнители для лотков и клеток,31.5,35.0,3.0,31.0,26.5,31.5
Отделочные материалы,Средства для удаления обоев,38.5,45.0,3.0,42.0,37.5,38.5
Продукты,Экстракты пищевые растительные,4.5,4.5,3.0,35.0,30.5,4.5
Посуда и инвентарь,Подставки для саджа,39.5,45.0,3.0,34.0,29.5,39.5
Техника для кухни,Овощечистки электрические,34.5,35.0,3.0,32.0,27.5,34.5
Электроинструмент и оборудование,Тележки передвижные,41.5,45.0,3.0,40.0,35.5,41.5
Техника для кухни,Насадки для блендеров,34.5,35.0,3.0,32.0,27.5,34.5
Посуда и инвентарь,Сливники для чая,39.5,45.0,3.0,39.0,34.5,39.5
Сантехника,Жироуловители,37.5,45.0,3.0,25.0,20.5,37.5
Спортивные аксессуары,Пояса для бега,39.5,45.0,3.0,39.0,34.5,39.5
Бытовая химия,Гели для уборки,39.5,45.0,3.0,43.0,38.5,39.5
Ручной инструмент и оснастка,Салфетки для полировки,41.5,45.0,3.0,45.0,40.5,41.5
Одежда для малышей,Джинсы для малышей,44.5,45.0,3.0,48.0,43.5,44.5
Продукты,Кофе молотый,4.5,4.5,3.0,35.0,30.5,4.5
Профессиональные музыкальные инструменты,Педали для клавишных,38.5,45.0,3.0,42.0,37.5,38.5
Электрика,Контроллеры программируемые,38.5,45.0,3.0,35.0,30.5,38.5
Одежда,Ночные сорочки,44.5,45.0,3.0,48.0,43.5,44.5
Рукоделие,Игольницы,39.5,45.0,3.0,38.0,33.5,39.5
Аксессуары для волос,Бублики для волос,44.5,45.0,3.0,41.0,36.5,44.5
Товары для животных,Муравьиные фермы,31.5,35.0,3.0,35.0,30.5,31.5
Автоаксессуары и дополнительное оборудование,Бамперы силовые,36.5,45.0,3.0,33.0,28.5,36.5
Ручной инструмент и оснастка,Зубила слесарные,41.5,45.0,3.0,45.0,40.5,41.5
Сантехника,Манжеты сантехнические,37.5,45.0,3.0,27.0,22.5,37.5
Аксессуары для электроники,Таймеры электронные,42.5,45.0,3.0,35.0,30.5,42.5
Здоровье,Очки перископы,42.5,45.0,3.0,38.5,34.0,42.5
Мебель офисная и торговое оборудование,Весы торговые,36.5,45.0,3.0,34.0,29.5,36.5
Игровые консоли и игры,Аксессуары для геймпадов,31.5,35.0,3.0,35.0,30.5,31.5
Товары для взрослых,Спринцовки эротик,39.5,45.0,3.0,43.0,38.5,39.5
Смартфоны и гаджеты,Восстановленные смартфоны,44.5,45.0,3.0,36.0,31.5,44.5
Техника для кухни,Медленноварки,34.5,35.0,3.0,32.0,27.5,34.5
Ручной инструмент и оснастка,Насадки для реноваторов,41.5,45.0,3.0,45.0,40.5,41.5
Спортивный товар,Наборы для фитнеса,37.5,45.0,3.0,39.0,34.5,37.5
Посуда и инвентарь,Ключи для вин,39.5,45.0,3.0,34.0,29.5,39.5
Продукты,Майонезы,4.5,4.5,3.0,35.0,30.5,4.5
Одежда для малышей,Бриджи для малышей,44.5,45.0,3.0,48.0,43.5,44.5
Фарма,Глазные и ушные препараты,3.0,3.0,3.0,3.0,3.0,3.0
Строительные материалы,Сетки штукатурные,38.5,45.0,3.0,32.0,27.5,38.5
Хозяйственные товары,Щетки для стекол,39.5,45.0,3.0,41.0,36.5,39.5
Техника для кухни,Термощупы,34.5,35.0,3.0,38.0,33.5,34.5
Спортивные аксессуары,Получешки,39.5,45.0,3.0,39.5,35.0,39.5
Здоровье,Озокерит,42.5,45.0,3.0,38.0,33.5,42.5
Автоаксессуары и дополнительное оборудование,Прикуриватели,36.5,45.0,3.0,40.0,35.5,36.5
Рукоделие,Петли-вешалки,39.5,45.0,3.0,34.0,29.5,39.5
Автоаксессуары и дополнительное оборудование,Установки для замены масла,36.5,45.0,3.0,35.0,30.5,36.5
Строительные материалы,Расходные материалы,38.5,45.0,3.0,32.0,27.5,38.5
Отделочные материалы,Рольставни,38.5,45.0,3.0,36.0,31.5,38.5
Мебель мягкая,Банкетки,36.5,45.0,3.0,26.0,21.5,36.5
Ноутбуки и компьютеры,Неттопы и Мини ПК,34.5,35.0,3.0,33.0,28.5,34.5
Спортивный товар,Эспандеры,37.5,45.0,3.0,41.0,36.5,37.5
Аксессуары,Пряжки,44.5,45.0,3.0,45.0,40.5,44.5
Товары для малышей,Бутылочки для кормления,36.5,45.0,3.0,40.0,35.5,36.5
Аксессуары для электроники,Аккумуляторы для мобильных телефонов,44.5,45.0,3.0,43.0,38.5,44.5
Автоаксессуары и дополнительное оборудование,Лампы автомобильные,36.5,45.0,3.0,40.0,35.5,36.5
Для праздника,Другие аксессуары для праздника,42.5,45.0,3.0,42.0,37.5,42.5
Продукты,Фарш,4.5,4.5,3.0,26.0,21.5,4.5
Товары для животных,Средства для ухода за крупным рогатым скотом,31.5,35.0,3.0,31.0,26.5,31.5
Красота,Терки и пилки для педикюра,42.5,45.0,3.0,39.0,34.5,42.5
Аксессуары для электроники,Фонокорректоры,42.5,45.0,3.0,35.0,30.5,42.5
Красота,Основы под гель-лаки,42.5,45.0,3.0,46.0,41.5,42.5
Автоаксессуары и дополнительное оборудование,Кронштейны для лебедок,36.5,45.0,3.0,39.5,35.0,36.5
Электрика,Муфты кабельные,38.5,45.0,3.0,35.0,30.5,38.5
Красота,Сушки для лака,42.5,45.0,3.0,46.0,41.5,42.5
Ручной инструмент и оснастка,Сверла,41.5,45.0,3.0,45.0,40.5,41.5
Товары для отдыха и кемпинга,Купели для бани,38.5,45.0,3.0,35.0,30.5,38.5
Автоаксессуары и дополнительное оборудование,Порты для зарядки,36.5,45.0,3.0,40.0,35.5,36.5
Спортивный товар,Газовые плиты туристические,37.5,45.0,3.0,35.0,30.5,37.5
Спортивные аксессуары,Седла для лошади,39.5,45.0,3.0,40.0,35.5,39.5
Спортивная обувь,Пуанты,44.5,45.0,3.0,48.0,43.5,44.5
Садовые инструменты и полив,Лопаты садовые,39.5,45.0,3.0,40.0,35.5,39.5
Автозапчасти,Испарители автомобильные,36.5,45.0,3.0,36.0,31.5,36.5
Автозапчасти,Прокладки масляного поддона,36.5,45.0,3.0,37.0,32.5,36.5
Товары для животных,Попоны для животных,31.5,35.0,3.0,32.0,27.5,31.5
Отделочные материалы,Грильято,38.5,45.0,3.0,41.5,37.0,38.5
Оргтехника,Оргтехника,34.5,35.0,3.0,38.0,33.5,34.5
Канцелярские товары,Бейджи,39.5,45.0,3.0,35.0,30.5,39.5
Канцелярские товары,Магнитный винил,39.5,45.0,3.0,39.0,34.5,39.5
Автозапчасти,Крышки радиатора,36.5,45.0,3.0,40.0,35.5,36.5
Здоровье,Кресла массажные,42.5,45.0,3.0,41.0,36.5,42.5
Садовая техника,Навесное оборудование для садовой техники,29.5,35.0,3.0,29.0,24.5,29.5
Игрушки,Диапроекторы,38.5,45.0,3.0,41.0,36.5,38.5
Посуда и инвентарь,Касалетки,39.5,45.0,3.0,38.5,34.0,39.5
Продукты,Зефир,4.5,4.5,3.0,35.0,30.5,4.5
Строительные материалы,Скобы крепежные,38.5,45.0,3.0,39.0,34.5,38.5
Аксессуары для электроники,Адаптеры,44.5,45.0,3.0,43.0,38.5,44.5
Хранение вещей,Магнитные держатели,36.5,45.0,3.0,36.0,31.5,36.5
Электрика,Декодеры для управления светом,42.5,45.0,3.0,40.0,35.5,42.5
Спортивная одежда,Термокомбинезоны спортивные,44.5,45.0,3.0,38.0,33.5,44.5
Автозапчасти,Коллекторы автомобильные,36.5,45.0,3.0,39.0,34.5,36.5
Освещение,Люстры,39.5,45.0,3.0,39.0,34.5,39.5
Хозяйственные товары,Приспособления для прочистки труб,39.5,45.0,3.0,39.0,34.5,39.5
Спортивная одежда,Шорты-ледянки,44.5,45.0,3.0,44.0,39.5,44.5
Электрика,Предохранители электрические,38.5,45.0,3.0,35.0,30.5,38.5
Декор интерьера,Фигурки и статуэтки,39.5,45.0,3.0,43.0,38.5,39.5
Аксессуары для электроники,Кронштейны для видеокамер,42.5,45.0,3.0,35.0,30.5,42.5
Канцелярские товары,Шпагаты банковские,39.5,45.0,3.0,33.0,28.5,39.5
Сантехника,Коллекторы для труб,37.5,45.0,3.0,41.0,36.5,37.5
Канцелярские товары,Ножи канцелярские,39.5,45.0,3.0,32.0,27.5,39.5
Спортивный товар,Держатели для баллончиков,37.5,45.0,3.0,41.0,36.5,37.5
Продукты,Голубцы,4.5,4.5,3.0,26.0,21.5,4.5
Готовая еда,Стритфуд,4.5,4.5,3.0,20.0,16.5,4.5
Товары для отдыха и кемпинга,Туалеты-ведра,38.5,45.0,3.0,32.0,27.5,38.5
Сетевое оборудование,Телекоммуникационные шкафы и комплектующие,34.5,35.0,3.0,34.0,29.5,34.5
Автоаксессуары и дополнительное оборудование,Ролики килевые,36.5,45.0,3.0,36.0,31.5,36.5
Автозапчасти,Поршни двигателя,36.5,45.0,3.0,40.0,35.5,36.5
Спортивные аксессуары,Повязки капитанские,39.5,45.0,3.0,39.0,34.5,39.5
Посуда и инвентарь,Виномеры,39.5,45.0,3.0,34.0,29.5,39.5
Аксессуары для электроники,Хранители паролей,42.5,45.0,3.0,41.0,36.5,42.5
Белье для малышей,Термоколготки для малышей,44.5,45.0,3.0,38.0,32.5,44.5
Оргтехника,Принтеры,34.5,35.0,3.0,36.0,31.5,34.5
Товары для животных,Удобрения для аквариумных растений,31.5,35.0,3.0,35.0,30.5,31.5
Товары для животных,Сумки для обследования животных,31.5,35.0,3.0,31.0,26.5,31.5
Посуда и инвентарь,Жаровни,39.5,45.0,3.0,40.0,35.5,39.5
Товары для животных,Ограничители лая,31.5,35.0,3.0,31.0,26.5,31.5
Климатическая техника,Ионизаторы воды,35.5,35.0,3.0,33.0,28.5,35.5
Автохимия и автокосметика,Очистители двигателя,36.5,45.0,3.0,40.0,35.5,36.5
Мебель садовая,Кресла-шезлонги,36.5,45.0,3.0,32.0,27.5,36.5
Красота,Наборы для приготовления масок,42.5,45.0,3.0,37.0,32.5,42.5
Автозапчасти,Теплообменники салонные,36.5,45.0,3.0,39.0,34.5,36.5
Декор интерьера,Часы настенные,39.5,45.0,3.0,43.0,38.5,39.5
Спортивные аксессуары,Пояса атлетические,39.5,45.0,3.0,43.0,38.5,39.5
Строительные материалы,Талрепы,38.5,45.0,3.0,42.0,37.5,38.5
Спортивные аксессуары,Беруши,39.5,45.0,3.0,39.0,34.5,39.5
Автоаксессуары и дополнительное оборудование,Провода прикуривания,36.5,45.0,3.0,40.0,35.5,36.5
Здоровье,Иглы Губера,42.5,45.0,3.0,34.5,30.0,42.5
Аксессуары,Ключницы,44.5,45.0,3.0,48.0,43.5,44.5
Периферия и аксессуары,Карты памяти,34.5,35.0,3.0,38.0,33.5,34.5
Текстиль для дома,Карманы на кровать,39.5,45.0,3.0,43.0,38.5,39.5
Книжная продукция и диски,Аудиокниги CD,39.5,45.0,3.0,43.0,38.5,39.5
Автоаксессуары и дополнительное оборудование,Подколенники для ремонта авто,36.5,45.0,3.0,35.0,30.5,36.5
Садовые инструменты и полив,Культиваторы ручные,39.5,45.0,3.0,38.5,34.0,39.5
Спортивные аксессуары,Носовые зажимы,39.5,45.0,3.0,31.0,26.5,39.5
Автоаксессуары и дополнительное оборудование,Щетки стеклоочистителя,36.5,45.0,3.0,39.0,34.5,36.5
Хозяйственные товары,Фольга пищевая,39.5,45.0,3.0,43.0,38.5,39.5
Головные уборы,Козырьки,44.5,45.0,3.0,45.0,40.5,44.5
Товары для малышей,Весы детские,36.5,45.0,3.0,36.0,31.5,36.5
Электрика,Солнечные электростанции и комплектующие,42.5,45.0,3.0,39.5,35.0,42.5
Аксессуары для электроники,Аксессуары для квадрокоптеров,42.5,45.0,3.0,41.0,36.5,42.5
Продукты,Консервы мясорастительные,4.5,4.5,3.0,35.0,30.5,4.5
Рукоделие,Утеплители для одежды,39.5,45.0,3.0,41.0,36.5,39.5
Телевизоры и аудиотехника,Спикерфоны,39.5,45.0,3.0,35.0,30.5,39.5
Книжная продукция и диски,Правовые акты,39.5,45.0,3.0,32.0,27.5,39.5
Аксессуары,Комплектующие и уходовые средства для очков,44.5,45.0,3.0,44.0,39.5,44.5
Игрушки,Геоборды,38.5,45.0,3.0,42.0,37.5,38.5
Ноутбуки и компьютеры,Подставки для ноутбуков,34.5,35.0,3.0,38.0,33.5,34.5
Аксессуары для малышей,Чепчики,44.5,45.0,3.0,44.0,39.5,44.5
Рукоделие,Лапки для швейных машин,39.5,45.0,3.0,39.0,34.5,39.5
Здоровье,Отоскопы,42.5,45.0,3.0,45.0,40.5,42.5
Продукты,Запеканки,4.5,4.5,3.0,25.0,20.5,4.5
Фото и Видеотехника,Осветители студийные,44.5,45.0,3.0,41.0,36.5,44.5
Строительные материалы,Поликарбонат,38.5,45.0,3.0,32.0,27.5,38.5
Здоровье,Очки корригирующие,42.5,45.0,3.0,45.0,40.5,42.5
Электроинструмент и оборудование,Станции штукатурные,41.5,45.0,3.0,44.5,40.0,41.5
Спортивный товар,Высотомеры,37.5,45.0,3.0,32.0,27.5,37.5
Для праздника,Елки искусственные,42.5,45.0,3.0,36.0,31.5,42.5
Одежда для малышей,Блузки для малышей,44.5,45.0,3.0,48.0,43.5,44.5
Автозапчасти,Системы воздушного охлаждения двигателя,36.5,45.0,3.0,36.0,31.5,36.5
Посуда и инвентарь,Фритюрницы для плиты,39.5,45.0,3.0,39.0,34.5,39.5
Спортивный товар,Плунжерные клапаны,37.5,45.0,3.0,37.0,32.5,37.5
Спортивный товар,Смывки для лыж,37.5,45.0,3.0,36.5,32.0,37.5
Аксессуары для электроники,Аксессуары для электробритв,35.5,35.0,3.0,33.0,28.5,35.5
Канцелярские товары,Клейкие ленты,39.5,45.0,3.0,34.0,29.5,39.5
Игровые консоли и игры,Держатели для игровых консолей,31.5,35.0,3.0,35.0,30.5,31.5
Посуда и инвентарь,Кофеварки гейзерные,39.5,45.0,3.0,43.0,38.5,39.5
Продукты,Лапша быстрого приготовления,4.5,4.5,3.0,35.0,30.5,4.5
Автозапчасти,Фильтры рулевого управления,36.5,45.0,3.0,40.0,35.5,36.5
Здоровье,Тонометры,35.5,45.0,3.0,39.0,34.5,35.5
Спортивные аксессуары,Пояса для единоборств,39.5,45.0,3.0,43.0,38.5,39.5
Одежда для малышей,Полупальто для малышей,44.5,45.0,3.0,39.0,34.5,44.5
Сетевое оборудование,Панели коммутационные,34.5,35.0,3.0,38.0,33.5,34.5
Садовые инструменты и полив,Колуны,39.5,45.0,3.0,36.0,31.5,39.5
Посуда и инвентарь,Креманки,39.5,45.0,3.0,39.0,34.5,39.5
Оргтехника,Ленты для принтера,34.5,35.0,3.0,38.0,33.5,34.5
Ручной инструмент и оснастка,Нивелиры,41.5,45.0,3.0,41.0,36.5,41.5
Здоровье,Компрессионные колготки,42.5,45.0,3.0,45.0,40.5,42.5
Товары для взрослых,Чулки эротик,39.5,45.0,3.0,43.0,38.5,39.5
Ручной инструмент и оснастка,Губки малярные,41.5,45.0,3.0,45.0,40.5,41.5
Спортивные аксессуары,Аксессуары для дайвинга,39.5,45.0,3.0,39.0,34.5,39.5
Автозапчасти,Компрессоры кондиционера для авто,36.5,45.0,3.0,36.0,31.5,36.5
Продукты,Фасоль,4.5,4.5,3.0,35.0,30.5,4.5
Спортивные аксессуары,Вальтрапы,39.5,45.0,3.0,43.0,38.5,39.5
Одежда для малышей,Крестильные комплекты для малышей,44.5,45.0,3.0,48.0,43.5,44.5
Спортивный товар,Запчасти для втулок,37.5,45.0,3.0,41.0,36.5,37.5
Автозапчасти,Элементы катушек зажигания,36.5,45.0,3.0,40.0,35.5,36.5
Автозапчасти,Тросовые приводы,36.5,45.0,3.0,40.0,35.5,36.5
Спортивный товар,Шипы велосипедные,37.5,45.0,3.0,41.0,36.5,37.5
Канцелярские товары,Перья каллиграфические,39.5,45.0,3.0,37.0,32.5,39.5
Продукты,Замороженная рыба,4.5,4.5,3.0,26.0,21.5,4.5
Автоаксессуары и дополнительное оборудование,Системы подогрева двигателя,36.5,45.0,3.0,39.5,35.0,36.5
Спортивный товар,Гранаты тренировочные,37.5,45.0,3.0,41.0,36.5,37.5
Все для садоводства,Горшки для цветов,39.5,45.0,3.0,32.5,31.5,39.5
Спортивный товар,Ветрозащитные экраны,37.5,45.0,3.0,41.0,36.5,37.5
Автозапчасти,Катушки зажигания,36.5,45.0,3.0,40.0,35.5,36.5
Техника для кухни,Турки электрические,34.5,35.0,3.0,38.0,33.5,34.5
Автозапчасти,Комплектующие дифференциалов,36.5,45.0,3.0,36.0,31.5,36.5
Бижутерия,Кнопки бижутерные,38.5,45.0,3.0,38.0,33.5,38.5
Сантехника,Переключатели давления,37.5,45.0,3.0,37.0,32.5,37.5
Ручной инструмент и оснастка,Детекторы металла,41.5,45.0,3.0,45.0,40.5,41.5
Ручной инструмент и оснастка,Штангенциркули,41.5,45.0,3.0,45.0,40.5,41.5
Ручной инструмент и оснастка,Степлеры строительные,41.5,45.0,3.0,45.0,40.5,41.5
Отделочные материалы,Уплотнители для окон,38.5,45.0,3.0,38.0,33.5,38.5
Сантехника,Арматура сливная,37.5,45.0,3.0,37.0,32.5,37.5
Красота,Станки для педикюра,42.5,45.0,3.0,46.0,41.5,42.5
Профессиональные музыкальные инструменты,Стреплоки,38.5,45.0,3.0,38.0,33.5,38.5
Аксессуары для электроники,Аккумуляторы для смарт-часов,44.5,45.0,3.0,43.0,38.5,44.5
Красота,Щипцы для наращивания волос,42.5,45.0,3.0,43.0,38.5,42.5
Канцелярские товары,Короба архивные,39.5,45.0,3.0,42.0,37.5,39.5
Спортивный товар,Брусья,37.5,45.0,3.0,41.0,36.5,37.5
Строительные материалы,Гайки,38.5,45.0,3.0,37.0,32.5,38.5
Спортивный товар,Перцовые баллончики,37.5,45.0,3.0,31.0,26.5,37.5
Аксессуары,Носовые платки,44.5,45.0,3.0,48.0,43.5,44.5
Красота,Мезороллеры,42.5,45.0,3.0,45.0,40.5,42.5
Спортивные аксессуары,Клей для подков,39.5,45.0,3.0,38.0,33.5,39.5
Красота,Бритвенные наборы,42.5,45.0,3.0,42.0,37.5,42.5
Товары для взрослых,Имитаторы груди,39.5,45.0,3.0,43.0,38.5,39.5
Отделочные материалы,Комплекты реечного потолка,38.5,45.0,3.0,33.0,28.5,38.5
Аксессуары для электроники,Внешние звуковые карты,42.5,45.0,3.0,41.0,36.5,42.5
Мебель корпусная и мебель для хранения,Комоды детские,36.5,45.0,3.0,33.0,28.5,36.5
Канцелярские товары,Губки для маркерных досок,39.5,45.0,3.0,30.0,25.5,39.5
Спортивные аксессуары,Перчатки для дайвинга,39.5,45.0,3.0,39.0,34.5,39.5
Канцелярские товары,Тетради,39.5,45.0,3.0,33.0,28.5,39.5
Все для садоводства,Крепления для парника,39.5,45.0,3.0,35.5,34.5,39.5
Автоэлектроника,Автомобильная громкая связь,36.5,45.0,3.0,36.0,31.5,36.5
Отделочные материалы,Клапаны оконные,38.5,45.0,3.0,38.0,33.5,38.5
Красота,Хна для волос,42.5,45.0,3.0,39.0,34.5,42.5
Продукты,Купаты,4.5,4.5,3.0,26.0,21.5,4.5
Товары для животных,Масла для животных,31.5,35.0,3.0,35.0,30.5,31.5
Рукоделие,Лески для спиц,39.5,45.0,3.0,43.0,38.5,39.5
Электроинструмент и оборудование,Верстаки,41.5,45.0,3.0,40.0,35.5,41.5
Автоаксессуары и дополнительное оборудование,Накидки магнитные для авто,36.5,45.0,3.0,36.0,31.5,36.5
Отделочные материалы,Подоконники,38.5,45.0,3.0,37.0,32.5,38.5
Спортивное питание и косметика,Аминокислоты,35.5,45.0,3.0,34.0,29.5,35.5
Спортивная одежда,Купальники гимнастические,44.5,45.0,3.0,44.0,39.5,44.5
Рукоделие,Счетчики рядов,39.5,45.0,3.0,30.0,25.5,39.5
Продукты,Орехи в сиропе,4.5,4.5,3.0,31.0,26.5,4.5
Ноутбуки и компьютеры,Ноутбуки и компьютеры,34.5,35.0,3.0,38.0,33.5,34.5
Мебель садовая,Диваны садовые,36.5,45.0,3.0,27.0,22.5,36.5
Посуда и инвентарь,Ведра сервировочные,39.5,45.0,3.0,33.0,28.5,39.5
Спортивный товар,Комплектующие для лодочных прицепов,37.5,45.0,3.0,37.0,32.5,37.5
Продукты,Вафли,4.5,4.5,3.0,35.0,30.5,4.5
Продукты,Хлопья нутовые,4.5,4.5,3.0,25.0,20.5,4.5
Все для садоводства,Пруды декоративные,39.5,45.0,3.0,29.5,28.5,39.5
Автоаксессуары и дополнительное оборудование,Термозащита автомобильная,36.5,45.0,3.0,40.0,35.5,36.5
Ноутбуки и компьютеры,Игровые станции,34.5,35.0,3.0,38.0,33.5,34.5
Спортивное питание и косметика,Жиросжигатели,35.5,45.0,3.0,39.0,34.5,35.5
Товары для взрослых,Расширители гинекологические,39.5,45.0,3.0,39.0,34.5,39.5
Спортивный товар,Свистки,37.5,45.0,3.0,34.0,29.5,37.5
Посуда и инвентарь,Термосы,39.5,45.0,3.0,43.0,38.5,39.5
Красота,Обезжириватели для ресниц и бровей,42.5,45.0,3.0,46.0,41.5,42.5
Аксессуары,Ремни для фотоаппаратов,44.5,45.0,3.0,44.0,39.5,44.5
Климатическая техника,Водонагреватели,35.5,35.0,3.0,33.0,28.5,35.5
Товары для отдыха и кемпинга,Корзины для пикника,38.5,45.0,3.0,32.0,27.5,38.5
Товары для отдыха и кемпинга,Чехлы для шампуров,38.5,45.0,3.0,42.0,37.5,38.5
Здоровье,Пандусы медицинские,42.5,45.0,3.0,35.0,30.5,42.5
Сетевое оборудование,Усилители интернет-сигнала,34.5,35.0,3.0,32.0,27.5,34.5
Автозапчасти,Комплектующие карбюратора,36.5,45.0,3.0,36.0,31.5,36.5
Товары для малышей,Пароварка-блендеры,36.5,45.0,3.0,36.0,31.5,36.5
Техника для кухни,Комплекты для режима циркуляции,34.5,35.0,3.0,27.0,22.5,34.5
Ручной инструмент и оснастка,Ультразвуковые приборы для проверки герметичности,41.5,45.0,3.0,36.0,31.5,41.5
Профессиональные музыкальные инструменты,Сурдины,38.5,45.0,3.0,42.0,37.5,38.5
Спортивный товар,Флягодержатели,37.5,45.0,3.0,41.0,36.5,37.5
Канцелярские товары,Антистеплеры,39.5,45.0,3.0,31.0,26.5,39.5
Продукты,Тесто,4.5,4.5,3.0,35.0,30.5,4.5
Посуда и инвентарь,Посуда сувенирная,39.5,45.0,3.0,39.0,34.5,39.5
Продукты,Крем-мед,4.5,4.5,3.0,35.0,30.5,4.5
Ручной инструмент и оснастка,Угольники столярные,41.5,45.0,3.0,41.0,36.5,41.5
Автохимия и автокосметика,Краски аэрозольные для автомобиля,36.5,45.0,3.0,40.0,35.5,36.5
Продукты,Крекеры,4.5,4.5,3.0,30.0,25.5,4.5
Профессиональные музыкальные инструменты,Думбеки,38.5,45.0,3.0,37.0,32.5,38.5
Бытовая техника,Термопрессы для сублимации,35.5,35.0,3.0,39.0,34.5,35.5
Спортивный товар,Станки-счетчики для отжиманий,37.5,45.0,3.0,31.0,26.5,37.5
Посуда и инвентарь,Лимонницы,39.5,45.0,3.0,39.0,34.5,39.5
Спортивный товар,Наборы туристической посуды,37.5,45.0,3.0,41.0,36.5,37.5
Посуда и инвентарь,Пельменницы,39.5,45.0,3.0,43.0,38.5,39.5
Аксессуары,Шнурки для телефонов,44.5,45.0,3.0,48.0,43.5,44.5
Здоровье,Дезинфицирующие средства,42.5,45.0,3.0,43.5,39.0,42.5
Отделочные материалы,Средства для удаления краски,38.5,45.0,3.0,41.0,36.5,38.5
Транспортные средства,Питбайки,0.5,0.5,0.5,0.5,0.5,0.5
Автоаксессуары и дополнительное оборудование,Тросы и ленты для авто,36.5,45.0,3.0,40.0,35.5,36.5
Спортивный товар,Роторные флисовые валики,37.5,45.0,3.0,32.0,27.5,37.5
Автоаксессуары и дополнительное оборудование,Комплекты электрики для фаркопов,36.5,45.0,3.0,40.0,35.5,36.5
Спортивный товар,Термометры для мотоцикла,37.5,45.0,3.0,41.0,36.5,37.5
Телевизоры и аудиотехника,Hi-Fi плееры,39.5,45.0,3.0,41.0,36.5,39.5
Спортивные аксессуары,Средства для ухода за спортивным инвентарем,39.5,45.0,3.0,39.0,34.5,39.5
Игрушки,Машинки,38.5,45.0,3.0,38.5,34.0,38.5
Обувь,Слипоны,44.5,45.0,3.0,43.0,38.5,44.5
Декор интерьера,Подставки для техники,39.5,45.0,3.0,43.0,38.5,39.5
Белье,Термомайки,44.5,45.0,3.0,48.0,43.5,44.5
Здоровье,Пакеты для медицинских отходов,42.5,45.0,3.0,45.0,40.5,42.5
Спортивный товар,Координационные лестницы,37.5,45.0,3.0,41.0,36.5,37.5
Автоаксессуары и дополнительное оборудование,Замковые устройства для автоприцепов,36.5,45.0,3.0,36.0,31.5,36.5
Игрушки,Книжки-игрушки для малышей,38.5,45.0,3.0,42.0,37.5,38.5
Садовые инструменты и полив,Противогололедные реагенты,39.5,45.0,3.0,42.0,37.5,39.5
Для праздника,Средства для обработки воздушных шаров,42.5,45.0,3.0,46.0,41.5,42.5
Автоаксессуары и дополнительное оборудование,Матрасы для автомобилей,36.5,45.0,3.0,40.0,35.5,36.5
Товары для взрослых,Секс мячи,39.5,45.0,3.0,35.0,30.5,39.5
Спортивный товар,Аксессуары для альпинизма и скалолазания,37.5,45.0,3.0,37.0,32.5,37.5
Продукты,Филе,4.5,4.5,3.0,26.0,21.5,4.5
Профессиональные музыкальные инструменты,Банджо и домры,38.5,45.0,3.0,38.0,33.5,38.5
Товары для животных,Ремни безопасности для животных,31.5,35.0,3.0,35.0,30.5,31.5
Для праздника,Фигуры светодиодные,42.5,45.0,3.0,36.0,31.5,42.5
Автозапчасти,Центральное электрооборудование,36.5,45.0,3.0,40.0,35.5,36.5
Автозапчасти,Крыши автомобильные,36.5,45.0,3.0,35.0,30.5,36.5
Посуда и инвентарь,Формы для запекания,39.5,45.0,3.0,43.0,38.5,39.5
Техника для кухни,Плиты настольные,34.5,35.0,3.0,37.0,32.5,34.5
Сантехника,Люки ревизионные,37.5,45.0,3.0,41.0,36.5,37.5
Аксессуары для электроники,Радио-часы,42.5,45.0,3.0,35.0,30.5,42.5
Отделочные материалы,Окна,38.5,45.0,3.0,41.0,36.5,38.5
Автоаксессуары и дополнительное оборудование,Подогреватели охлаждающей жидкости,36.5,45.0,3.0,40.0,35.5,36.5
Религия и эзотерика,Рушники,19.5,25.0,3.0,33.0,29.5,19.5
Здоровье,Компрессионные чулки,42.5,45.0,3.0,45.0,40.5,42.5
Аксессуары для электроники,Аксессуары для проигрывателей,39.5,45.0,3.0,32.0,27.5,39.5
Одежда для малышей,Анораки для малышей,44.5,45.0,3.0,44.0,39.5,44.5
Продукты,Шоколад эротик,4.5,4.5,3.0,35.0,30.5,4.5
Товары для отдыха и кемпинга,Насосы для надувной мебели,38.5,45.0,3.0,38.0,33.5,38.5
Посуда и инвентарь,Баллоны для сифонов,39.5,45.0,3.0,43.0,38.5,39.5
Спортивная одежда,Вейдерсы,44.5,45.0,3.0,48.0,43.5,44.5
Сантехника,Крепления для труб,37.5,45.0,3.0,37.0,32.5,37.5
Мебель на заказ,Столешницы для кухни,36.5,45.0,3.0,32.0,27.5,36.5
Товары для курения,Запчасти для зажигалок,38.5,45.0,3.0,38.0,33.5,38.5
Красота,Скрабы,42.5,45.0,3.0,46.0,41.5,42.5
Игрушки,Коляски для кукол,38.5,45.0,3.0,33.0,28.5,38.5
Товары для животных,Корм для рептилий и черепах,31.5,35.0,3.0,35.0,30.5,31.5
Сервисные услуги,Сервисные услуги,14.5,15.0,3.0,19.5,19.5,14.5
Обувь,Полуботинки,44.5,45.0,3.0,44.0,39.5,44.5
Автозапчасти,Наконечники рулевой тяги,36.5,45.0,3.0,40.0,35.5,36.5
Спортивные аксессуары,Табло судейские,39.5,45.0,3.0,39.0,34.5,39.5
Текстиль для дома,Салфетки сервировочные,39.5,45.0,3.0,39.0,34.5,39.5
Автоаксессуары и дополнительное оборудование,Ключи баллонные,36.5,45.0,3.0,36.0,31.5,36.5
Мебель мягкая,Наполнители для кресла-мешка,36.5,45.0,3.0,35.0,30.5,36.5
Фарма,Препараты для опорно-двигательного аппарата,3.0,3.0,3.0,3.0,3.0,3.0
Товары для малышей,Прорезыватели,36.5,45.0,3.0,40.0,35.5,36.5
Строительные материалы,Водосточные системы,38.5,45.0,3.0,24.0,19.5,38.5
Одежда для малышей,Платья для малышей,44.5,45.0,3.0,48.0,43.5,44.5
Спортивный товар,Корзины для мячей,37.5,45.0,3.0,38.0,33.5,37.5
Обувь,Луноходы,44.5,45.0,3.0,42.0,37.5,44.5
Одежда для малышей,Туники для малышей,44.5,45.0,3.0,48.0,43.5,44.5
Хозяйственные товары,Салфетки для мытья посуды,39.5,45.0,3.0,34.0,29.5,39.5
Автозапчасти,Прокладки стержня,36.5,45.0,3.0,36.0,31.5,36.5
Ноутбуки и компьютеры,Подсветка для ноутбука,34.5,35.0,3.0,32.0,27.5,34.5
Автозапчасти,Стояночные огни,36.5,45.0,3.0,35.5,31.0,36.5
Красота,Растворы для ирригатора,42.5,45.0,3.0,37.0,32.5,42.5
Техника для кухни,Мини-печи,34.5,35.0,3.0,28.0,23.5,34.5
Мебель корпусная и мебель для хранения,Стеллажи детские,36.5,45.0,3.0,35.0,30.5,36.5
Садовые инструменты и полив,Черенки,39.5,45.0,3.0,43.0,38.5,39.5
Канцелярские товары,Пломбираторы,39.5,45.0,3.0,43.0,38.5,39.5
Ноутбуки и компьютеры,Другие запчасти для ноутбуков,34.5,35.0,3.0,38.0,33.5,34.5
Товары для отдыха и кемпинга,Рукавицы для бани,38.5,45.0,3.0,35.0,30.5,38.5
Красота,Пэды косметические,42.5,45.0,3.0,46.0,41.5,42.5
Товары для животных,Мази лечебные для животных,31.5,35.0,3.0,35.0,30.5,31.5
Детское питание,Молоко детское,4.5,4.5,3.0,24.0,19.5,4.5
Аксессуары,Часы наручные,44.5,45.0,3.0,48.0,43.5,44.5
Продукты,Молочные коктейли,4.5,4.5,3.0,35.0,30.5,4.5
Мототовары,Электромотоциклы,40.5,45.0,3.0,36.0,31.5,40.5
Продукты,Маргарин,4.5,4.5,3.0,26.0,21.5,4.5
Автозапчасти,Рабочие передачи,36.5,45.0,3.0,36.0,31.5,36.5
Автоаксессуары и дополнительное оборудование,Рамки автомобильные,36.5,45.0,3.0,40.0,35.5,36.5
Транспортные средства,Прицепы,0.5,0.5,0.5,0.5,0.5,0.5
Товары для малышей,Термосумки для бутылочек,36.5,45.0,3.0,36.0,31.5,36.5
Строительные материалы,Блоки строительные,38.5,45.0,3.0,26.0,21.5,38.5
Автозапчасти,Крепления для автомобильных колес,36.5,45.0,3.0,36.0,31.5,36.5
Игрушки,Игрушечные инструменты,38.5,45.0,3.0,37.0,32.5,38.5
Спортивный товар,Санки,37.5,45.0,3.0,31.0,26.5,37.5
Ручной инструмент и оснастка,Курвиметры,41.5,45.0,3.0,41.0,36.5,41.5
Спортивный товар,Наборы для рыбалки,37.5,45.0,3.0,37.0,32.5,37.5
Аксессуары для электроники,Умные весы,42.5,45.0,3.0,41.0,36.5,42.5
Умный дом и безопасность,Системы умный дом,34.5,35.0,3.0,38.0,33.5,34.5
Продукты,Марципан,4.5,4.5,3.0,35.0,30.5,4.5
Здоровье,Сумки медицинские,42.5,45.0,3.0,35.0,30.5,42.5
Автозапчасти,Винты сливного отверстия,36.5,45.0,3.0,35.0,30.5,36.5
Мототовары,Вариаторы для мототехники,36.5,45.0,3.0,40.0,35.5,36.5
Спортивный товар,Газовые грили туристические,37.5,45.0,3.0,36.5,32.0,37.5
Продукты,Овощи сушеные,4.5,4.5,3.0,35.0,30.5,4.5
Ноутбуки и компьютеры,ЦК Игры,34.5,35.0,3.0,27.0,22.5,34.5
Товары для курения,Системы нагрева,38.5,45.0,3.0,31.0,27.5,38.5
Ручной инструмент и оснастка,Детекторы дронов,41.5,45.0,3.0,34.0,29.5,41.5
Посуда и инвентарь,Менажницы,39.5,45.0,3.0,43.0,38.5,39.5
Продукты,Нуга,4.5,4.5,3.0,35.0,30.5,4.5
Одежда для малышей,Крестильные рубашки для малышей,44.5,45.0,3.0,48.0,43.5,44.5
Спортивный товар,Пилоны,37.5,45.0,3.0,41.0,36.5,37.5
Садовые инструменты и полив,Ледорубы,39.5,45.0,3.0,43.0,38.5,39.5
Продукты,Замороженные грибы,4.5,4.5,3.0,26.0,21.5,4.5
Посуда и инвентарь,Ланч-боксы,39.5,45.0,3.0,39.0,34.5,39.5
Посуда и инвентарь,Сувенирные вилки,39.5,45.0,3.0,43.0,38.5,39.5
Мебель садовая,Табуреты садовые,36.5,45.0,3.0,30.0,25.5,36.5
Товары для взрослых,Наручники эротик,39.5,45.0,3.0,43.0,38.5,39.5
Товары для курения,Калауды,38.5,45.0,3.0,38.0,33.5,38.5
Спортивный товар,Ворота спортивные,37.5,45.0,3.0,41.0,36.5,37.5
Техника для красоты и здоровья,Выпрямители волос,35.5,35.0,3.0,33.0,28.5,35.5
Товары для животных,Брелоки на ошейники,31.5,35.0,3.0,30.0,25.5,31.5
Посуда и инвентарь,Наборы для приготовления коктейлей,39.5,45.0,3.0,37.0,32.5,39.5
Автоаксессуары и дополнительное оборудование,Специнструменты для главной передачи,36.5,45.0,3.0,35.5,31.0,36.5
Спортивные аксессуары,Манки охотничьи,39.5,45.0,3.0,43.0,38.5,39.5
Аксессуары,Штрипки для брюк,44.5,45.0,3.0,38.0,33.5,44.5
Электроинструмент и оборудование,Пневмоножи,41.5,45.0,3.0,36.0,31.5,41.5
Электроинструмент и оборудование,Гибочные станки,41.5,45.0,3.0,39.0,34.5,41.5
Продукты,Сухофрукты в глазури,4.5,4.5,3.0,35.0,30.5,4.5
Товары для животных,Присоски для аквариумов,31.5,35.0,3.0,19.0,14.5,31.5
Ветаптека,Противогрибковые препараты для животных,31.5,35.0,3.0,23.0,18.5,31.5
Техника для кухни,Пароварки электрические,34.5,35.0,3.0,35.0,30.5,34.5
Техника для кухни,Самовары электрические,34.5,35.0,3.0,37.0,32.5,34.5
Канцелярские товары,Стаканы для рисования,39.5,45.0,3.0,28.0,23.5,39.5
Садовая техника,Аэраторы и скарификаторы газонные,38.5,45.0,3.0,38.0,33.5,38.5
Аксессуары для обуви,Дождевики для обуви,44.5,45.0,3.0,44.0,39.5,44.5
Товары для животных,Декорации для аквариумов и террариумов,31.5,35.0,3.0,31.0,26.5,31.5
Здоровье,Щипцы медицинские,42.5,45.0,3.0,39.5,35.0,42.5
Товары для малышей,Аксессуары для детской мебели,36.5,45.0,3.0,36.0,31.5,36.5
Посуда и инвентарь,Сервизы столовые,39.5,45.0,3.0,38.0,33.5,39.5
Электрика,Щиты электрические,38.5,45.0,3.0,35.0,30.5,38.5
Декор интерьера,Подставки для наушников,39.5,45.0,3.0,43.0,38.5,39.5
Для праздника,Подарочные боксы,42.5,45.0,3.0,46.0,41.5,42.5
Аксессуары для электроники,Чехлы для стиральных машин,44.5,45.0,3.0,44.0,39.5,44.5
Мебель корпусная и мебель для хранения,Модульные гостиные,36.5,45.0,3.0,35.5,31.0,36.5
Автозапчасти,Комплекты переоборудования сцепления,36.5,45.0,3.0,40.0,35.5,36.5
Спецодежда и СИЗы,Экзоскелеты,38.5,45.0,3.0,42.0,37.5,38.5
Аксессуары для обуви,Формодержатели,44.5,45.0,3.0,48.0,43.5,44.5
Алкогольная продукция,Вина игристые,4.5,4.5,3.0,9.5,9.5,4.5
Красота,Пилки для ногтей,42.5,45.0,3.0,42.0,37.5,42.5
Красота,Муляжи для маникюра,42.5,45.0,3.0,42.0,37.5,42.5
Белье для малышей,Термоноски для малышей,44.5,45.0,3.0,44.0,39.5,44.5
Автозапчасти,Направляющие клапана,36.5,45.0,3.0,36.0,31.5,36.5
Садовые инструменты и полив,Колеса и шины для садовых тачек,39.5,45.0,3.0,36.0,31.5,39.5
Умный дом и безопасность,Видеокамеры цифровые,34.5,35.0,3.0,38.0,33.5,34.5
Спортивный товар,Запчасти для катушек,37.5,45.0,3.0,37.0,32.5,37.5
Ювелирные украшения,Ювелирные часы,43.0,45.0,3.0,43.0,42.0,43.0
Техника для красоты и здоровья,Миксеры для косметики,35.5,35.0,3.0,33.0,28.5,35.5
Строительные материалы,Ленты перфорированные,38.5,45.0,3.0,42.0,37.5,38.5
Профессиональные музыкальные инструменты,Колки для гитары,38.5,45.0,3.0,42.0,37.5,38.5
Продукты,Фуа-гра,4.5,4.5,3.0,25.0,20.5,4.5
Сантехника,Выпуски для раковин,37.5,45.0,3.0,39.0,34.5,37.5
Автоаксессуары и дополнительное оборудование,Пружинные зажимные устройства,36.5,45.0,3.0,36.0,31.5,36.5
Сантехника,Терморегуляторы,37.5,45.0,3.0,41.0,36.5,37.5
Декор интерьера,Фотофоны,39.5,45.0,3.0,43.0,38.5,39.5
Канцелярские товары,Расписание настенное,39.5,45.0,3.0,38.0,33.5,39.5
Товары для животных,Шприцы для кормления птиц,31.5,35.0,3.0,35.0,30.5,31.5
Игрушки,Игровая техника,38.5,45.0,3.0,39.0,34.5,38.5
Товары для малышей,Уголки детские,36.5,45.0,3.0,36.0,31.5,36.5
Электрика,Трубы для электропроводки,38.5,45.0,3.0,35.0,30.5,38.5
Умный дом и безопасность,Умные розетки,34.5,35.0,3.0,32.0,27.5,34.5
Автозапчасти,Насосы топливные,36.5,45.0,3.0,40.0,35.5,36.5
Все для садоводства,Ткани уличные,39.5,45.0,3.0,39.5,38.5,39.5
Сантехника,Бордюры для ванны,37.5,45.0,3.0,41.0,36.5,37.5
Спортивные аксессуары,Держатели для хранения удилищ,39.5,45.0,3.0,39.0,34.5,39.5
Садовые инструменты и полив,Вилы,39.5,45.0,3.0,42.0,37.5,39.5
Техника для кухни,Чайники электрические,34.5,35.0,3.0,34.0,29.5,34.5
Бытовая техника,Бытовая техника,35.5,35.0,3.0,39.0,34.5,35.5
Красота,Гель-лаки,42.5,45.0,3.0,46.0,41.5,42.5
Посуда и инвентарь,Декантеры,39.5,45.0,3.0,39.0,34.5,39.5
Продукты,Икра рыбы,4.5,4.5,3.0,31.0,26.5,4.5
Здоровье,Клеенки медицинские,42.5,45.0,3.0,39.0,34.5,42.5
Спортивный товар,Баллончики для пневматики,37.5,45.0,3.0,37.0,32.5,37.5
Автоаксессуары и дополнительное оборудование,Комплектующие для компрессоров,36.5,45.0,3.0,36.0,31.5,36.5
Спортивные аксессуары,Перчатки боксерские,39.5,45.0,3.0,39.0,34.5,39.5
Автоаксессуары и дополнительное оборудование,Системы помощи водителю,36.5,45.0,3.0,30.0,25.5,36.5
Красота,Масла,42.5,45.0,3.0,46.0,41.5,42.5
Оргтехника,3D-принтеры,34.5,35.0,3.0,38.0,33.5,34.5
Красота,Клипперы маникюрные,42.5,45.0,3.0,40.0,35.5,42.5
Техника для кухни,Измельчители пищевых отходов,34.5,35.0,3.0,34.0,29.5,34.5
Продукты,Пирожки,4.5,4.5,3.0,30.0,21.5,4.5
Товары для отдыха и кемпинга,Панно для бани,38.5,45.0,3.0,38.0,33.5,38.5
Автозапчасти,Корзины сцепления для авто,36.5,45.0,3.0,36.0,31.5,36.5
Одежда,Кофты,44.5,45.0,3.0,48.0,43.5,44.5
Продукты,Рулеты,4.5,4.5,3.0,33.0,28.5,4.5
Красота,Пластыри косметические,42.5,45.0,3.0,46.0,41.5,42.5
Все для садоводства,Гирлянды уличные,39.5,45.0,3.0,39.5,38.5,39.5
Автозапчасти,Фонари освещения номерного знака,36.5,45.0,3.0,40.0,35.5,36.5
Техника для кухни,Йогуртницы,34.5,35.0,3.0,38.0,33.5,34.5
Красота,Зеркала косметические,42.5,45.0,3.0,43.0,38.5,42.5
Религия и эзотерика,Сувениры религиозные,19.5,25.0,3.0,33.0,29.5,19.5
Мебель офисная и торговое оборудование,Сортировщики банкнот,36.5,45.0,3.0,32.0,27.5,36.5
Оргтехника,Презентеры,34.5,35.0,3.0,38.0,33.5,34.5
Продукты,Замороженные овощи,4.5,4.5,3.0,26.0,21.5,4.5
Канцелярские товары,Туши для рисования,39.5,45.0,3.0,33.0,28.5,39.5
Автозапчасти,Штанги толкателя,36.5,45.0,3.0,40.0,35.5,36.5
Умный дом и безопасность,Оповещатели звуковые,34.5,35.0,3.0,32.0,27.5,34.5
Спортивный товар,Утюги смазочные,37.5,45.0,3.0,37.0,32.5,37.5
Отделочные материалы,Замки дверные,38.5,45.0,3.0,42.0,37.5,38.5
Канцелярские товары,Готовальня,39.5,45.0,3.0,33.0,28.5,39.5
Товары для отдыха и кемпинга,Стартеры для розжига,38.5,45.0,3.0,41.0,36.5,38.5
Спецодежда и СИЗы,Очки увеличительные,38.5,45.0,3.0,42.0,37.5,38.5
Автоаксессуары и дополнительное оборудование,Барьеры парковочные,36.5,45.0,3.0,40.0,35.5,36.5
Автозапчасти,Стояночные тормоза,36.5,45.0,3.0,40.0,35.5,36.5
Ручной инструмент и оснастка,Насадки для строительных миксеров,41.5,45.0,3.0,36.0,31.5,41.5
Канцелярские товары,Блокноты,39.5,45.0,3.0,43.0,38.5,39.5
Мебель малых форм,Стулья детские,36.5,45.0,3.0,40.0,35.5,36.5
Спортивный товар,Куканы рыболовные,37.5,45.0,3.0,37.0,32.5,37.5
Канцелярские товары,Журналы учета,39.5,45.0,3.0,41.0,36.5,39.5
Продукты,Горошек соленый,4.5,4.5,3.0,35.0,30.5,4.5
Сантехника,Электромагнитные клапаны,37.5,45.0,3.0,41.0,36.5,37.5
Автозапчасти,Корпусы топливных фильтров,36.5,45.0,3.0,40.0,35.5,36.5
Строительные материалы,Фланцы мебельные,38.5,45.0,3.0,42.0,37.5,38.5
Продукты,Гренки,4.5,4.5,3.0,35.0,30.5,4.5
Мототовары,Защита для мототехники,36.5,45.0,3.0,36.0,31.5,36.5
Спортивные аксессуары,Наколенники,39.5,45.0,3.0,43.0,38.5,39.5
Красота,Спреи,42.5,45.0,3.0,46.0,41.5,42.5
Продукты,Какао,4.5,4.5,3.0,35.0,30.5,4.5
Канцелярские товары,Медицинские карты,39.5,45.0,3.0,38.0,33.5,39.5
Мототовары,Генераторы для мототехники,36.5,45.0,3.0,40.0,35.5,36.5
Техника для кухни,Микроволновые печи,34.5,35.0,3.0,28.0,23.5,34.5
Оргтехника,Шредеры,34.5,35.0,3.0,33.0,28.5,34.5
Строительные материалы,Гидроизоляции,38.5,45.0,3.0,25.5,21.0,38.5
Здоровье,Устройства для подъема с кровати,42.5,45.0,3.0,46.0,41.5,42.5
Спортивный товар,Ниппели для бескамерной установки,37.5,45.0,3.0,32.0,27.5,37.5
Бижутерия,Бусы,38.5,45.0,3.0,42.0,37.5,38.5
Спортивный товар,Лыжи беговые,37.5,45.0,3.0,31.0,26.5,37.5
Техника для кухни,Фильтры для вытяжки,34.5,35.0,3.0,32.0,27.5,34.5
Посуда и инвентарь,Завязки для кулинарии,39.5,45.0,3.0,38.0,30.5,39.5
Красота,Гидрофильные масла,42.5,45.0,3.0,46.0,41.5,42.5
Продукты,Коржи,4.5,4.5,3.0,35.0,30.5,4.5
Товары для малышей,Наушники противошумные детские,36.5,45.0,3.0,40.0,35.5,36.5
Спортивный товар,Электроролики,20.5,25.0,3.0,33.0,28.5,20.5
Здоровье,Иглодержатели хирургические,42.5,45.0,3.0,39.0,34.5,42.5
Мототовары,Специнструменты для мототехники,36.5,45.0,3.0,32.0,27.5,36.5
Телевизоры и аудиотехника,Музыкальные проигрыватели,39.5,45.0,3.0,37.0,32.5,39.5
Канцелярские товары,Этикетки,39.5,45.0,3.0,43.0,38.5,39.5
Продукты,Мармелад,4.5,4.5,3.0,32.0,27.5,4.5
Спортивный товар,Жидкие латки,37.5,45.0,3.0,32.0,27.5,37.5
Сантехника,Воздуховоды вентиляционные,37.5,45.0,3.0,32.0,27.5,37.5
Автоаксессуары и дополнительное оборудование,Пистолеты топливораздаточные,36.5,45.0,3.0,40.0,35.5,36.5
Автозапчасти,Модули управления стеклоподъемниками,36.5,45.0,3.0,40.0,35.5,36.5
Спортивная одежда,Костюмы-сауна,44.5,45.0,3.0,48.0,43.5,44.5
Спецодежда и СИЗы,Носки одноразовые,38.5,45.0,3.0,33.0,28.5,38.5
Игрушки,Сквиши,38.5,45.0,3.0,32.0,27.5,38.5
Страхование,Страхование финансовых рисков,18.5,25.0,3.0,23.5,23.5,18.5
Автомобили,Автомобили с пробегом,0.5,0.5,0.5,0.5,0.5,0.5
Игрушки,Сюжетные игровые наборы,38.5,45.0,3.0,38.0,33.5,38.5
Белье для малышей,Термолонгсливы для малышей,44.5,45.0,3.0,48.0,43.5,44.5
Строительные материалы,Кирпичи,38.5,45.0,3.0,27.0,22.5,38.5
Автозапчасти,Форсунки омывателя,36.5,45.0,3.0,39.0,34.5,36.5
Для праздника,Карты оплаты,42.5,45.0,3.0,38.0,33.5,42.5
Товары для взрослых,Головные уборы эротик,39.5,45.0,3.0,39.0,34.5,39.5
Бытовая техника,Подогреватели и сушки посуды,35.5,35.0,3.0,39.0,34.5,35.5
Товары для малышей,Коляски детские,36.5,45.0,3.0,40.0,35.5,36.5
Аксессуары для электроники,Камеры для коптеров,42.5,45.0,3.0,41.0,36.5,42.5
Красота,Иглы для пирсинга,42.5,45.0,3.0,35.0,30.5,42.5
Ветаптека,Иммуностимуляторы для животных,31.5,35.0,3.0,24.0,19.5,31.5
Товары для малышей,Хипсит,36.5,45.0,3.0,36.0,31.5,36.5
Обувь,Лоферы,44.5,45.0,3.0,44.0,39.5,44.5
Продукты,Соя,4.5,4.5,3.0,35.0,30.5,4.5
Спортивный товар,Спицы велосипедные,37.5,45.0,3.0,36.0,31.5,37.5
Спортивный товар,Приборы ночного видения,37.5,45.0,3.0,41.0,36.5,37.5
Строительные материалы,Крепежи с ленточным хомутом,38.5,45.0,3.0,42.0,37.5,38.5
Автозапчасти,Валы рулевого управления,36.5,45.0,3.0,36.0,31.5,36.5
Товары для отдыха и кемпинга,Бассейны каркасные,38.5,45.0,3.0,38.0,33.5,38.5
Игрушки,Тенты для детских электромобилей,40.5,45.0,3.0,33.5,29.0,40.5
Бытовая химия,Бытовая химия,39.5,45.0,3.0,43.0,38.5,39.5
Аккумуляторы для ТС,Аккумуляторы для электротранспорта,40.5,45.0,3.0,40.0,35.5,40.5
Оргтехника,Принтеры для печати этикеток,34.5,35.0,3.0,38.0,33.5,34.5
Умный дом и безопасность,Умные выключатели и реле,34.5,35.0,3.0,32.0,27.5,34.5
Красота,Маникюрные наборы,42.5,45.0,3.0,46.0,41.5,42.5
Климатическая техника,Матрасы электрические,35.5,35.0,3.0,33.0,28.5,35.5
Техника для кухни,Кухонные машины,34.5,35.0,3.0,38.0,33.5,34.5
Электроинструмент и оборудование,Пилы сабельные,41.5,45.0,3.0,40.0,35.5,41.5
Красота,Мочалки,42.5,45.0,3.0,40.5,36.0,42.5
Товары для отдыха и кемпинга,Зонты садовые,38.5,45.0,3.0,38.0,33.5,38.5
Рукоделие,Мулине,39.5,45.0,3.0,43.0,38.5,39.5
Красота,Пасты для шугаринга,42.5,45.0,3.0,45.0,40.5,42.5
Товары для курения,Колбы для кальянов,38.5,45.0,3.0,38.0,33.5,38.5
Здоровье,Ножницы хирургические,42.5,45.0,3.0,39.0,34.5,42.5
Аксессуары для электроники,Гарнитуры,31.5,35.0,3.0,35.0,31.0,31.5
Автозапчасти,Пружины подвески,36.5,45.0,3.0,40.0,35.5,36.5
Здоровье,Фетальные допплеры,42.5,45.0,3.0,45.0,40.5,42.5
Товары для отдыха и кемпинга,Брезенты,38.5,45.0,3.0,42.0,37.5,38.5
Строительные материалы,Доски террасные,38.5,45.0,3.0,37.5,33.0,38.5
Садовые инструменты и полив,Магнитные сборщики,39.5,45.0,3.0,43.0,38.5,39.5
Все для садоводства,Столы и стеллажи для рассады,39.5,45.0,3.0,38.5,37.5,39.5
Одежда,Полупальто,44.5,45.0,3.0,38.0,33.5,44.5
Сантехника,Каркасы для ванн,37.5,45.0,3.0,37.0,32.5,37.5
Мебель офисная и торговое оборудование,Крючки гардеробные,36.5,45.0,3.0,36.0,31.5,36.5
Одежда,Свитеры,44.5,45.0,3.0,42.0,37.5,44.5
Все для садоводства,Держатели для кашпо,39.5,45.0,3.0,35.5,34.5,39.5
Электроинструмент и оборудование,Генераторы,41.5,45.0,3.0,38.0,33.5,41.5
Электрика,RGBW усилители,42.5,45.0,3.0,39.5,35.0,42.5
Садовые инструменты и полив,Коврики для садовых работ,39.5,45.0,3.0,39.0,34.5,39.5
Канцелярские товары,Пастель,39.5,45.0,3.0,41.0,36.5,39.5
Одежда для малышей,Бермуды для малышей,44.5,45.0,3.0,39.0,34.5,44.5
Профессиональные музыкальные инструменты,Чаши поющие,38.5,45.0,3.0,36.0,31.5,38.5
Автоаксессуары и дополнительное оборудование,Знаки аварийной остановки,36.5,45.0,3.0,35.0,30.5,36.5
Красота,Наборы в роддом,42.5,45.0,3.0,45.0,40.5,42.5
Ветаптека,Вакцины для животных,31.5,35.0,3.0,24.0,19.5,31.5
Спортивный товар,Тороки для дичи,37.5,45.0,3.0,41.0,36.5,37.5
Строительные материалы,Кровля наплавляемая,38.5,45.0,3.0,24.0,19.5,38.5
Отделочные материалы,Замки навесные,38.5,45.0,3.0,39.0,34.5,38.5
Товары для малышей,Коврики для кормления,36.5,45.0,3.0,31.0,26.5,36.5
Аксессуары,Чехлы для пультов,44.5,45.0,3.0,48.0,43.5,44.5
Автоаксессуары и дополнительное оборудование,Гайки колесные,36.5,45.0,3.0,36.0,31.5,36.5
Красота,Парафин косметический,42.5,45.0,3.0,44.0,39.5,42.5
Автоаксессуары и дополнительное оборудование,Компрессоры автомобильные,36.5,45.0,3.0,40.0,35.5,36.5
Ручной инструмент и оснастка,Зажимы для тросов,41.5,45.0,3.0,36.0,31.5,41.5
Автозапчасти,Фланцы автомобильные,36.5,45.0,3.0,40.0,35.5,36.5
Товары для малышей,Впитывающие вкладыши для подгузников,36.5,45.0,3.0,36.0,31.5,36.5
Посуда и инвентарь,Ножи для пиццы,39.5,45.0,3.0,43.0,38.5,39.5
Ручной инструмент и оснастка,Колеса промышленные,41.5,45.0,3.0,37.0,32.5,41.5
Одежда для малышей,Джемперы для малышей,44.5,45.0,3.0,44.0,39.5,44.5
Спортивные аксессуары,Полотна для беговых дорожек,39.5,45.0,3.0,42.5,38.0,39.5
Аксессуары для обуви,Зажимы для шнурков,44.5,45.0,3.0,38.0,33.5,44.5
Продукты,Хлеб,4.5,4.5,3.0,30.0,25.5,4.5
Здоровье,Подушки противопролежневые,42.5,45.0,3.0,35.0,30.5,42.5
Продукты,Тапиока,4.5,4.5,3.0,35.0,30.5,4.5
Спортивный товар,Звезды велосипедные,37.5,45.0,3.0,41.0,36.5,37.5
Фото и Видеотехника,Телесуфлеры,38.5,45.0,3.0,40.5,36.0,38.5
Красота,Зубные пасты,42.5,45.0,3.0,45.5,41.0,42.5
Товары для отдыха и кемпинга,Коврики пляжные,38.5,45.0,3.0,38.0,33.5,38.5
Товары для животных,Бинты для животных,31.5,35.0,3.0,35.0,30.5,31.5
Спортивный товар,Клапаны для лодок,37.5,45.0,3.0,37.0,32.5,37.5
Красота,Средства для роста бровей и ресниц,42.5,45.0,3.0,42.0,37.5,42.5
Строительные материалы,Кляймеры,38.5,45.0,3.0,42.0,37.5,38.5
Строительные материалы,Сетки базальтовые,38.5,45.0,3.0,32.0,27.5,38.5
Красота,Водоросли косметические,42.5,45.0,3.0,44.0,39.5,42.5
Аксессуары,Чехлы для сумок и рюкзаков,44.5,45.0,3.0,48.0,43.5,44.5
Декор интерьера,Декорации настенные,39.5,45.0,3.0,34.0,29.5,39.5
Товары для взрослых,Корсеты эротик,39.5,45.0,3.0,43.0,38.5,39.5
Здоровье,Капли ушные,42.5,45.0,3.0,36.0,31.5,42.5
Мебель корпусная и мебель для хранения,Шкафы поворотные,36.5,45.0,3.0,35.0,26.5,36.5
Автозапчасти,Усилители сцепления,36.5,45.0,3.0,40.0,35.5,36.5
Строительные материалы,Анкеры химические,38.5,45.0,3.0,42.0,37.5,38.5
Спортивный товар,Ледянки,37.5,45.0,3.0,31.0,26.5,37.5
Спортивный товар,Вкладыши для тормозных колодок,37.5,45.0,3.0,37.0,32.5,37.5
Товары для отдыха и кемпинга,Обливные устройства,38.5,45.0,3.0,39.0,34.5,38.5
Религия и эзотерика,Таблички ритуальные,19.5,25.0,3.0,33.0,29.5,19.5
Спортивный товар,Седла велосипедные,37.5,45.0,3.0,40.0,35.5,37.5
Автоаксессуары и дополнительное оборудование,Факельные устройства облегчения пуска,36.5,45.0,3.0,31.0,26.5,36.5
Красота,Разделители для пальцев,42.5,45.0,3.0,45.5,41.0,42.5
Спортивный товар,Боксы для рыболовных принадлежностей,37.5,45.0,3.0,41.0,36.5,37.5
Отделочные материалы,Олифы,38.5,45.0,3.0,42.0,37.5,38.5
Сантехника,Фильтры проточные,37.5,45.0,3.0,41.0,36.5,37.5
Спортивный товар,Доски спасательные,37.5,45.0,3.0,32.0,27.5,37.5
Аксессуары для электроники,Чехлы для электронных книг,42.5,45.0,3.0,41.0,36.5,42.5
Рукоделие,Клеевые паутинки,39.5,45.0,3.0,31.0,26.5,39.5
Спортивный товар,Ролики для пресса,37.5,45.0,3.0,38.0,33.5,37.5
Аксессуары,Фильтры для масок ветрозащитных,44.5,45.0,3.0,38.0,33.5,44.5
Автоаксессуары и дополнительное оборудование,Багажные отсеки,36.5,45.0,3.0,36.0,31.5,36.5
Товары для взрослых,Платья эротик,39.5,45.0,3.0,43.0,38.5,39.5
Бытовая химия,Порошки для посудомоечных машин,39.5,45.0,3.0,43.0,38.5,39.5
Посуда и инвентарь,Другие кухонные приспособления,39.5,45.0,3.0,43.0,38.5,39.5
Строительные материалы,Ремни такелажные,38.5,45.0,3.0,42.0,37.5,38.5
Канцелярские товары,Счетчики механические,39.5,45.0,3.0,34.0,29.5,39.5
Автозапчасти,Вкладыши подшипника коленвала,36.5,45.0,3.0,36.0,31.5,36.5
Автозапчасти,Подвески пневматические,36.5,45.0,3.0,40.0,35.5,36.5
Обувь,Балетки,44.5,45.0,3.0,44.0,39.5,44.5
Белье,Термокомплекты,44.5,45.0,3.0,39.0,34.5,44.5
Игрушки,Магнитные доски,38.5,45.0,3.0,38.0,33.5,38.5
Канцелярские товары,Почтовые марки,39.5,45.0,3.0,39.0,34.5,39.5
Спортивный товар,Грифы,37.5,45.0,3.0,41.0,36.5,37.5
Продукты,Заменители сухого молока,4.5,4.5,3.0,35.0,30.5,4.5
Одежда для малышей,Кофты для малышей,44.5,45.0,3.0,48.0,43.5,44.5
Электроинструмент и оборудование,Тепловые пушки,41.5,45.0,3.0,37.0,32.5,41.5
Товары для животных,Смеси лечебные для животных,31.5,35.0,3.0,29.0,24.5,31.5
Для праздника,Воздушные шарики,42.5,45.0,3.0,46.0,41.5,42.5
Продукты,Ароматизаторы пищевые,4.5,4.5,3.0,30.0,25.5,4.5
Автохимия и автокосметика,Технический тальк,36.5,45.0,3.0,35.0,30.5,36.5
Все для садоводства,Елки живые,39.5,45.0,3.0,32.0,31.0,39.5
Автозапчасти,Фары дополнительного света,36.5,45.0,3.0,36.0,31.5,36.5
Канцелярские товары,Бизнес-наборы,39.5,45.0,3.0,32.0,27.5,39.5
Бижутерия,Четки,38.5,45.0,3.0,42.0,37.5,38.5
Продукты,Хрен столовый,4.5,4.5,3.0,27.0,22.5,4.5
Товары для взрослых,Секс машины,39.5,45.0,3.0,40.0,35.5,39.5
Канцелярские товары,Папки для рисования,39.5,45.0,3.0,38.0,33.5,39.5
Товары для малышей,Органайзеры на коляску,36.5,45.0,3.0,40.0,35.5,36.5
Садовые инструменты и полив,Лопаты снеговые,39.5,45.0,3.0,33.0,28.5,39.5
Товары для отдыха и кемпинга,Аксессуары для бассейна,38.5,45.0,3.0,39.0,34.5,38.5
Отделочные материалы,Модульная плитка,38.5,45.0,3.0,39.0,34.5,38.5
Спортивное питание и косметика,Бустеры тестостерона,35.5,45.0,3.0,39.0,34.5,35.5
Электроинструмент и оборудование,Точильные станки,41.5,45.0,3.0,41.0,36.5,41.5
Спортивные аксессуары,Защита для гироскутеров,39.5,45.0,3.0,39.0,34.5,39.5
Электроинструмент и оборудование,Паяльные станции,41.5,45.0,3.0,43.0,38.5,41.5
Товары для взрослых,Фиксаторы эротик,39.5,45.0,3.0,43.0,38.5,39.5
Мебель корпусная и мебель для хранения,Стенки для гостиной,36.5,45.0,3.0,30.0,25.5,36.5
Игрушки,Роботы,38.5,45.0,3.0,41.0,36.5,38.5
Аксессуары для электроники,Держатели проводов,34.5,35.0,3.0,29.0,24.5,34.5
Техника для кухни,Чаши для мультиварок,34.5,35.0,3.0,32.0,27.5,34.5
Спортивный товар,Шведские стенки,37.5,45.0,3.0,41.0,36.5,37.5
Спортивный товар,Столы теннисные,37.5,45.0,3.0,37.0,32.5,37.5
Рукоделие,Молды для рукоделия,39.5,45.0,3.0,39.0,34.5,39.5
Бытовая химия,Кондиционеры для белья,39.5,45.0,3.0,41.5,37.0,39.5
Рукоделие,Литьевые камни,39.5,45.0,3.0,43.0,38.5,39.5
Спортивный товар,Газ для страйкбольного оружия,37.5,45.0,3.0,37.0,32.5,37.5
Ноутбуки и компьютеры,Моноблоки,29.5,35.0,3.0,33.0,28.5,29.5
Здоровье,Фильтры назальные,42.5,45.0,3.0,39.0,34.5,42.5
Автоаксессуары и дополнительное оборудование,Комплектующие к фонарям освещения,36.5,45.0,3.0,36.0,31.5,36.5
Посуда и инвентарь,Измельчители механические,39.5,45.0,3.0,43.0,38.5,39.5
Электрика,Пускатели,38.5,45.0,3.0,35.0,30.5,38.5
Отделочные материалы,Доводчики дверные,38.5,45.0,3.0,42.0,37.5,38.5
Продукты,Хлопья картофельные,4.5,4.5,3.0,26.0,21.5,4.5
Периферия и аксессуары,Контроллеры для ПК,34.5,35.0,3.0,32.0,27.5,34.5
Одежда,Футболки,44.5,45.0,3.0,48.0,43.5,44.5
Товары для животных,Трафареты для окрашивания животных,31.5,35.0,3.0,26.0,21.5,31.5
Красота,Средства для ухода и заживления татуировок,42.5,45.0,3.0,45.0,40.5,42.5
Климатическая техника,Мини-кондиционеры воздуха,35.5,35.0,3.0,33.0,28.5,35.5
Продукты,Уксусы,4.5,4.5,3.0,35.0,30.5,4.5
Здоровье,Вата медицинская,42.5,45.0,3.0,40.0,35.5,42.5
Аксессуары для обуви,Украшения для обуви,44.5,45.0,3.0,46.0,41.5,44.5
Рукоделие,Линейки закройщика,39.5,45.0,3.0,39.0,34.5,39.5
Спортивные аксессуары,Манжеты для ног,39.5,45.0,3.0,43.0,38.5,39.5
Игрушки,Чехлы для фиджет спиннеров,38.5,45.0,3.0,42.0,37.5,38.5
Продукты,Чипсы,4.5,4.5,3.0,30.0,25.5,4.5
Спортивный товар,Ремни тактические,37.5,45.0,3.0,41.0,36.5,37.5
Автозапчасти,Пневмобаллоны для авто,36.5,45.0,3.0,40.0,35.5,36.5
Продукты,Солезаменители,4.5,4.5,3.0,35.0,30.5,4.5
Профессиональные музыкальные инструменты,Баяны,38.5,45.0,3.0,30.0,25.5,38.5
Здоровье,Отсасыватели хирургические,42.5,45.0,3.0,39.0,34.5,42.5
Аксессуары,Пленка багажная,44.5,45.0,3.0,43.0,38.5,44.5
Красота,Провода для тату машинки,42.5,45.0,3.0,42.0,37.5,42.5
Мототовары,Лебедки для квадроциклов,36.5,45.0,3.0,36.0,31.5,36.5
Строительные материалы,Кронштейны настенные,38.5,45.0,3.0,40.0,35.5,38.5
Товары для животных,Подставки для мисок,31.5,35.0,3.0,35.0,30.5,31.5
Электрика,Клеммники,38.5,45.0,3.0,35.0,30.5,38.5
Автоаксессуары и дополнительное оборудование,Аккумуляторы для автомобильного ключа,36.5,45.0,3.0,40.0,35.5,36.5
Техника для кухни,Фритюрницы электрические,34.5,35.0,3.0,34.0,29.5,34.5
Продукты,Баранки,4.5,4.5,3.0,26.0,21.5,4.5
Продукты,Оладьи,4.5,4.5,3.0,25.0,20.5,4.5
Ручной инструмент и оснастка,Коронки,41.5,45.0,3.0,44.0,39.5,41.5
Сантехника,Шторки стеклянные для ванной,37.5,45.0,3.0,37.0,32.5,37.5
Товары для животных,Коврики-подстилки для животных,31.5,35.0,3.0,35.0,30.5,31.5
Продукты,Чечевица,4.5,4.5,3.0,30.0,25.5,4.5
Аксессуары для электроники,Крепления для микрофонов,39.5,45.0,3.0,38.0,33.5,39.5
Автохимия и автокосметика,Очистители датчиков и контактов,36.5,45.0,3.0,36.0,31.5,36.5
Красота,Временные татуировки и стразы,42.5,45.0,3.0,41.0,36.5,42.5
Аксессуары для электроники,Пульты для кондиционеров,42.5,45.0,3.0,35.0,30.5,42.5
Отделочные материалы,Краски масляные,38.5,45.0,3.0,42.0,37.5,38.5
Автозапчасти,Соединительные элементы свечных кабелей,36.5,45.0,3.0,40.0,35.5,36.5
Мебель для сна,Мебель для сна,36.5,45.0,3.0,40.0,35.5,36.5
Религия и эзотерика,Ловцы снов,19.5,25.0,3.0,33.0,29.5,19.5
Здоровье,Доски для пересаживания,42.5,45.0,3.0,46.0,41.5,42.5
Садовые инструменты и полив,Калибраторы для фруктов и овощей,39.5,45.0,3.0,39.0,34.5,39.5
Товары для животных,Влажные салфетки для животных,31.5,35.0,3.0,35.0,30.5,31.5
Ноутбуки и компьютеры,Охлаждение корпуса и компонентов,34.5,35.0,3.0,38.0,33.5,34.5
Автоаксессуары и дополнительное оборудование,Сирены неавтономные,36.5,45.0,3.0,40.0,35.5,36.5
Товары для отдыха и кемпинга,Газовые баллоны,38.5,45.0,3.0,33.0,28.5,38.5
Спецодежда и СИЗы,Полотна противопожарные,38.5,45.0,3.0,42.0,37.5,38.5
Красота,Бритвы безопасные,42.5,45.0,3.0,46.0,41.5,42.5
Хранение вещей,Подставки для головных уборов,36.5,45.0,3.0,40.0,35.5,36.5
Для праздника,Кубки подарочные,42.5,45.0,3.0,46.0,41.5,42.5
Спортивный товар,Палки тренерские,37.5,45.0,3.0,41.0,36.5,37.5
Спортивные аксессуары,Герметики спортивные,39.5,45.0,3.0,39.0,34.5,39.5
Одежда,Мантии,44.5,45.0,3.0,48.0,43.5,44.5
Товары для отдыха и кемпинга,Хлоргенераторы,38.5,45.0,3.0,32.0,27.5,38.5
Аксессуары для волос,Шиньоны,44.5,45.0,3.0,48.0,43.5,44.5
Спортивная одежда,Термоколготки спортивные,44.5,45.0,3.0,43.0,38.5,44.5
Спортивные аксессуары,Корды для лошади,39.5,45.0,3.0,43.0,38.5,39.5
Продукты,Хлебные палочки,4.5,4.5,3.0,25.0,20.5,4.5
Ручной инструмент и оснастка,Выколотки,41.5,45.0,3.0,45.0,40.5,41.5
Товары для взрослых,Оковы эротик,39.5,45.0,3.0,43.0,38.5,39.5
Канцелярские товары,Браслеты контрольные,39.5,45.0,3.0,43.0,38.5,39.5
Отделочные материалы,Раздвижные системы,38.5,45.0,3.0,38.0,33.5,38.5
Одежда,Жакеты,44.5,45.0,3.0,48.0,43.5,44.5
Спортивный товар,Самокаты,37.5,45.0,3.0,41.0,36.5,37.5
Техника для кухни,Миксеры,34.5,35.0,3.0,35.5,31.0,34.5
Красота,Сменные пакеты для туалета,42.5,45.0,3.0,42.0,37.5,42.5
Здоровье,Браслеты от укачивания,42.5,45.0,3.0,37.0,32.5,42.5
Аксессуары для электроники,Фильтры для микроскопов,42.5,45.0,3.0,39.0,34.5,42.5
Канцелярские товары,Скетчбуки,39.5,45.0,3.0,39.0,34.5,39.5
Электроинструмент и оборудование,Фрезеры,41.5,45.0,3.0,43.0,38.5,41.5
Аксессуары для электроники,Рефлекторы,42.5,45.0,3.0,41.0,36.5,42.5
Отделочные материалы,Комплектующие к стеновым панелям,38.5,45.0,3.0,38.0,33.5,38.5
Мототовары,Зеркала для мототехники,36.5,45.0,3.0,40.0,35.5,36.5
Товары для отдыха и кемпинга,Шезлонги садовые,38.5,45.0,3.0,32.0,27.5,38.5
Игрушки,Жвачка для рук,38.5,45.0,3.0,37.0,32.5,38.5
Спортивный товар,Крючки рыболовные,37.5,45.0,3.0,41.0,36.5,37.5
Ноутбуки и компьютеры,Процессоры,31.5,35.0,3.0,35.0,30.5,31.5
Товары для взрослых,Галстуки эротик,39.5,45.0,3.0,35.0,30.5,39.5
Спортивный товар,Вертлюги рыболовные,37.5,45.0,3.0,41.0,36.5,37.5
Товары для животных,Изоляторы для генераторов импульсов,31.5,35.0,3.0,35.0,30.5,31.5
Спецодежда и СИЗы,Халаты медицинские,44.5,45.0,3.0,45.0,40.5,44.5
Автоаксессуары и дополнительное оборудование,Заглушки ремня безопасности,36.5,45.0,3.0,40.0,35.5,36.5
Игрушки,Наборы для опытов,38.5,45.0,3.0,40.0,35.5,38.5
Продукты,Хворост,4.5,4.5,3.0,31.0,26.5,4.5
Автоаксессуары и дополнительное оборудование,Ракели,36.5,45.0,3.0,32.0,27.5,36.5
Спортивный товар,Лестницы спортивные,37.5,45.0,3.0,41.0,36.5,37.5
Аксессуары для электроники,Кронштейны для проекторов,39.5,45.0,3.0,32.0,27.5,39.5
Продукты,Тортилья,4.5,4.5,3.0,35.0,30.5,4.5
Автозапчасти,Блоки цилиндра,36.5,45.0,3.0,40.0,35.5,36.5
Мебель корпусная и мебель для хранения,Тумбы детские,36.5,45.0,3.0,32.0,27.5,36.5
Ручной инструмент и оснастка,Пистолеты для монтажной пены и герметика,41.5,45.0,3.0,41.0,36.5,41.5
Профессиональные музыкальные инструменты,Шнуры гитарные,38.5,45.0,3.0,42.0,37.5,38.5
Здоровье,Пластыри для похудения,42.5,45.0,3.0,39.0,34.5,42.5
Бижутерия,Комплекты украшений,38.5,45.0,3.0,42.0,37.5,38.5
Рукоделие,Мольберты,39.5,45.0,3.0,39.0,34.5,39.5
Красота,Трафареты для макияжа,42.5,45.0,3.0,41.0,36.5,42.5
Электроинструмент и оборудование,Резаки газовые,41.5,45.0,3.0,37.0,32.5,41.5
Аксессуары,Чехлы для брелоков автомобильной сигнализации,44.5,45.0,3.0,44.0,39.5,44.5
Отделочные материалы,Механизмы подъема столешниц,38.5,45.0,3.0,38.0,33.5,38.5
Аксессуары для обуви,Чехлы для обуви,44.5,45.0,3.0,44.0,39.5,44.5
Садовые инструменты и полив,Совки садовые,39.5,45.0,3.0,29.0,24.5,39.5
Спортивная одежда,Трико для танцев,44.5,45.0,3.0,48.0,43.5,44.5
Товары для животных,Вешалки для одежды животным,31.5,35.0,3.0,31.0,26.5,31.5
Одежда,Джинсы,44.5,45.0,3.0,48.0,43.5,44.5
Текстиль для дома,Подушки,39.5,45.0,3.0,36.0,31.5,39.5
Сантехника,Смесители,37.5,45.0,3.0,41.0,36.5,37.5
Сантехника,Фильтры грубой очистки,37.5,45.0,3.0,41.0,36.5,37.5
Спортивный товар,Каретки велосипедные,37.5,45.0,3.0,41.0,36.5,37.5
Для праздника,Ленты выпускника,42.5,45.0,3.0,42.0,37.5,42.5
Канцелярские товары,Валики художественные,39.5,45.0,3.0,39.0,34.5,39.5
Автозапчасти,Замки зажигания,36.5,45.0,3.0,40.0,35.5,36.5
Бижутерия,Шнурки для кулонов,38.5,45.0,3.0,38.0,33.5,38.5
Спортивный товар,Зевники,37.5,45.0,3.0,37.0,32.5,37.5
Фото и Видеотехника,Фотозонты,38.5,45.0,3.0,41.5,37.0,38.5
Одежда для малышей,Дафлкоты для малышей,44.5,45.0,3.0,39.0,34.5,44.5
Посуда и инвентарь,Корзины сервировочные,39.5,45.0,3.0,35.0,30.5,39.5
Детское питание,Молочные коктейли детские,4.5,4.5,3.0,34.0,29.5,4.5
Спортивное питание и косметика,Энергетические добавки,35.5,45.0,3.0,39.0,34.5,35.5
Спортивный товар,Медицинболы,37.5,45.0,3.0,38.0,33.5,37.5
Продукты,Ягоды сублимированные,4.5,4.5,3.0,35.0,30.5,4.5
Товары для животных,Средства для уборки за животными,31.5,35.0,3.0,35.0,30.5,31.5
Товары для животных,Кремы лечебные для животных,31.5,35.0,3.0,31.0,26.5,31.5
Для праздника,Жидкости для мыльных пузырей,42.5,45.0,3.0,46.0,41.5,42.5
Товары для взрослых,Массажеры простаты,39.5,45.0,3.0,43.0,38.5,39.5
Товары для курения,Электрическая плита для углей,38.5,45.0,3.0,42.0,37.5,38.5
Ручной инструмент и оснастка,Кабелерезы,41.5,45.0,3.0,45.0,40.5,41.5
Спортивная одежда,Термошорты спортивные,44.5,45.0,3.0,44.0,39.5,44.5
Рукоделие,Стабилизаторы тканей,39.5,45.0,3.0,39.0,34.5,39.5
Обувь,Эспадрильи,44.5,45.0,3.0,45.0,40.5,44.5
Посуда и инвентарь,Подставки для ножей,39.5,45.0,3.0,43.0,38.5,39.5
Аксессуары,Сумки-тележки,44.5,45.0,3.0,44.0,39.5,44.5
Спортивный товар,Баскетбольные щиты,37.5,45.0,3.0,35.0,30.5,37.5
Аксессуары,Клипсы и расширители для пояса,44.5,45.0,3.0,41.0,36.5,44.5
Аксессуары,Ремни для сумок,44.5,45.0,3.0,44.0,39.5,44.5
Бытовая техника,Термостаты комнатные,35.5,35.0,3.0,39.0,34.5,35.5
Головные уборы,Бейсболки,44.5,45.0,3.0,48.0,43.5,44.5
Электроинструмент и оборудование,Шуруповерты,41.5,45.0,3.0,42.0,37.5,41.5
Отделочные материалы,Двери под заказ,38.5,45.0,3.0,33.0,28.5,38.5
Товары для животных,Сачки для аквариума,31.5,35.0,3.0,21.0,16.5,31.5
Ручной инструмент и оснастка,Динамометры,41.5,45.0,3.0,45.0,40.5,41.5
Электроинструмент и оборудование,Нагреватели индукционные,41.5,45.0,3.0,36.0,31.5,41.5
Товары для животных,Держатели для аквариума,31.5,35.0,3.0,26.0,21.5,31.5
Посуда и инвентарь,Курницы,39.5,45.0,3.0,43.0,38.5,39.5
Сантехника,Мембраны для гидроаккумулятора,37.5,45.0,3.0,37.0,32.5,37.5
Посуда и инвентарь,Пилы для мяса,39.5,45.0,3.0,43.0,38.5,39.5
Аксессуары,Ручки для сумок,44.5,45.0,3.0,44.0,39.5,44.5
Строительные материалы,Гвозди,38.5,45.0,3.0,40.0,35.5,38.5
Аксессуары для волос,Наборы аксессуаров для волос,44.5,45.0,3.0,48.0,43.5,44.5
Бытовая техника,Сыроварни,35.5,35.0,3.0,39.0,34.5,35.5
Спортивный товар,Стулья туристические,37.5,45.0,3.0,31.0,26.5,37.5
Посуда и инвентарь,Мантоварки,39.5,45.0,3.0,38.0,33.5,39.5
Спортивный товар,Шифтеры велосипедные,37.5,45.0,3.0,41.0,36.5,37.5
Белье,Термошорты,44.5,45.0,3.0,48.0,43.5,44.5
Посуда и инвентарь,Бутылки,39.5,45.0,3.0,32.5,28.0,39.5
Автохимия и автокосметика,Антигравий,36.5,45.0,3.0,36.0,31.5,36.5
Ручной инструмент и оснастка,Пилки для лобзика,41.5,45.0,3.0,45.0,40.5,41.5
Электроинструмент и оборудование,Тали электрические,41.5,45.0,3.0,42.0,37.5,41.5
Одежда,Крестильные комплекты,44.5,45.0,3.0,48.0,43.5,44.5
Бытовая техника,Клепальные прессы,35.5,35.0,3.0,39.0,28.5,35.5
Спортивная обувь,Туфли спортивные,44.5,45.0,3.0,44.0,39.5,44.5
Игрушки,Игрушки,38.5,45.0,3.0,42.0,37.5,38.5
Автозапчасти,Цепи ГРМ,36.5,45.0,3.0,40.0,35.5,36.5
Посуда и инвентарь,Хлебницы,39.5,45.0,3.0,34.0,29.5,39.5
Здоровье,Антиэмболические чулки,42.5,45.0,3.0,38.5,34.0,42.5
Спецодежда и СИЗы,Пленки для панорамных масок,38.5,45.0,3.0,38.0,33.5,38.5
Транспортные средства,Понтоны,0.5,0.5,0.5,0.5,0.5,0.5
Автозапчасти,Валы продольные,36.5,45.0,3.0,31.0,26.5,36.5
Мебель малых форм,Кресла детские,36.5,45.0,3.0,31.0,26.5,36.5
Хозяйственные товары,Диспенсеры для бумажных полотенец,39.5,45.0,3.0,33.0,28.5,39.5
Электрика,Диммеры,38.5,45.0,3.0,35.0,30.5,38.5
Посуда и инвентарь,Фляжки,39.5,45.0,3.0,43.0,38.5,39.5
Аксессуары для обуви,Накаблучники,44.5,45.0,3.0,44.0,39.5,44.5
Автозапчасти,Регуляторы рулевой колонки,36.5,45.0,3.0,35.0,26.5,36.5
Товары для животных,Колтунорезки,31.5,35.0,3.0,35.0,30.5,31.5
Продукты,Батончики злаковые,4.5,4.5,3.0,35.0,30.5,4.5
Электрика,Выключатели автоматические,38.5,45.0,3.0,35.0,30.5,38.5
Рукоделие,Фрески для росписи,39.5,45.0,3.0,39.0,34.5,39.5
Ручной инструмент и оснастка,Съемники подшипников,41.5,45.0,3.0,37.0,32.5,41.5
Белье,Расширители для бюстгальтера,44.5,45.0,3.0,38.0,33.5,44.5
Посуда и инвентарь,Шейкеры барные,39.5,45.0,3.0,43.0,38.5,39.5
Красота,Кератолитики,42.5,45.0,3.0,46.0,41.5,42.5
Товары для взрослых,Манжеты эротик,39.5,45.0,3.0,43.0,34.5,39.5
Садовые инструменты и полив,Держатели для садовых инструментов,39.5,45.0,3.0,43.0,38.5,39.5
Хранение вещей,Держатели для украшений,36.5,45.0,3.0,40.0,35.5,36.5
Посуда и инвентарь,Подставки для яиц,39.5,45.0,3.0,43.0,38.5,39.5
Здоровье,Тренажеры дыхательные,42.5,45.0,3.0,39.0,34.5,42.5
Одежда для малышей,Топы для малышей,44.5,45.0,3.0,48.0,43.5,44.5
Белье для малышей,Кальсоны для малышей,44.5,45.0,3.0,44.0,39.5,44.5
Автозапчасти,Бачки ГУР,36.5,45.0,3.0,36.0,31.5,36.5
Техника для кухни,Мороженицы,34.5,35.0,3.0,38.0,33.5,34.5
Товары для отдыха и кемпинга,Тенты для садовых качелей,38.5,45.0,3.0,38.0,33.5,38.5
Рукоделие,Формы для свечей,39.5,45.0,3.0,39.0,34.5,39.5
Аксессуары для обуви,Вкладыши для сапог,44.5,45.0,3.0,44.0,39.5,44.5
Товары для животных,Ветеринарные защитные перчатки,31.5,35.0,3.0,31.0,26.5,31.5
Бытовая техника,Запчасти для оборудования общепита,35.5,35.0,3.0,31.0,26.5,35.5
Одежда,Плащи,44.5,45.0,3.0,48.0,43.5,44.5
Спортивные аксессуары,Темляки для лыжных палок,39.5,45.0,3.0,39.0,34.5,39.5
Продукты,Пельмени,4.5,4.5,3.0,30.0,21.5,4.5
Канцелярские товары,Бумага художественная,39.5,45.0,3.0,38.0,33.5,39.5
Алкогольная продукция,Вина,4.5,4.5,3.0,9.5,9.5,4.5
Продукты,Сиропы,4.5,4.5,3.0,33.0,28.5,4.5
Спортивный товар,Лопатки на пальцы,37.5,45.0,3.0,36.0,27.5,37.5
Автоаксессуары и дополнительное оборудование,Багажные боксы,36.5,45.0,3.0,30.0,25.5,36.5
Товары для отдыха и кемпинга,Средства для бассейнов,38.5,45.0,3.0,38.0,33.5,38.5
Здоровье,Бинты медицинские,42.5,45.0,3.0,41.0,36.5,42.5
Товары для животных,Поддоны для клетки,31.5,35.0,3.0,35.0,30.5,31.5
Автохимия и автокосметика,Средства для очистки рук,36.5,45.0,3.0,36.0,31.5,36.5
Здоровье,Канюли назальные,42.5,45.0,3.0,38.0,33.5,42.5
Товары для отдыха и кемпинга,Баки для бани,38.5,45.0,3.0,35.0,30.5,38.5
Посуда и инвентарь,Мармиты,39.5,45.0,3.0,40.5,36.0,39.5
Красота,Средства для массажа,42.5,45.0,3.0,45.0,40.5,42.5
Аксессуары для электроники,Вспышки для камер,44.5,45.0,3.0,37.0,32.5,44.5
Спортивный товар,Пилы туристические,37.5,45.0,3.0,40.0,35.5,37.5
Спортивный товар,Сушилки походные,37.5,45.0,3.0,37.0,32.5,37.5
Автозапчасти,Механизмы закрывания двери,36.5,45.0,3.0,36.0,31.5,36.5
Одежда,Ветровки,44.5,45.0,3.0,48.0,43.5,44.5
Все для садоводства,Фонтаны,39.5,45.0,3.0,39.5,38.5,39.5
Хозяйственные товары,Клипсы для стирки и хранения,39.5,45.0,3.0,38.0,33.5,39.5
Обувь,Сноубутсы,44.5,45.0,3.0,42.0,37.5,44.5
Спортивный товар,Снегоступы,37.5,45.0,3.0,37.0,32.5,37.5
Здоровье,Стельки ортопедические,42.5,45.0,3.0,39.0,34.5,42.5
Автоаксессуары и дополнительное оборудование,Амортизаторы кузовные,36.5,45.0,3.0,36.0,31.5,36.5
Автоаксессуары и дополнительное оборудование,Колпаки на колеса,36.5,45.0,3.0,36.0,31.5,36.5
Одежда,Косухи,44.5,45.0,3.0,48.0,43.5,44.5
Товары для взрослых,Комбинезоны эротик,39.5,45.0,3.0,43.0,38.5,39.5
Садовая техника,Травосборники,38.5,45.0,3.0,32.0,27.5,38.5
Здоровье,Перчатки одноразовые,42.5,45.0,3.0,45.0,40.5,42.5
Посуда и инвентарь,Супницы,39.5,45.0,3.0,39.0,34.5,39.5
Продукты,Колбаски,4.5,4.5,3.0,31.0,26.5,4.5
Спортивный товар,Кронштейны для сноубордов,37.5,45.0,3.0,37.0,32.5,37.5
Спортивный товар,Насосы спортивные,37.5,45.0,3.0,37.0,32.5,37.5
Фото и Видеотехника,Объективы,31.5,35.0,3.0,29.0,24.5,31.5
Техника для кухни,Сэндвичницы,34.5,35.0,3.0,38.0,33.5,34.5
Строительные материалы,Винты,38.5,45.0,3.0,38.0,33.5,38.5
Здоровье,Ремни для фиксации,42.5,45.0,3.0,42.0,37.5,42.5
Игрушки,Мягкие игрушки,38.5,45.0,3.0,41.0,36.5,38.5
Хозяйственные товары,Ершики кухонные,39.5,45.0,3.0,30.0,25.5,39.5
Текстиль для дома,Подстилки противоскользящие,39.5,45.0,3.0,43.0,38.5,39.5
Здоровье,Леггинсы послеоперационные,42.5,45.0,3.0,37.0,32.5,42.5
Текстиль для дома,Подушки внутренние декоративные,39.5,45.0,3.0,43.0,38.5,39.5
Автоаксессуары и дополнительное оборудование,Петли бортовые,36.5,45.0,3.0,36.0,31.5,36.5
Посуда и инвентарь,Держатели кухонные,39.5,45.0,3.0,39.0,34.5,39.5
Красота,Флаконы косметические,42.5,45.0,3.0,44.0,39.5,42.5
Красота,Колпачки для ногтей,42.5,45.0,3.0,46.0,41.5,42.5
Аксессуары,Шапки для сна,44.5,45.0,3.0,48.0,43.5,44.5
Канцелярские товары,Планеры,39.5,45.0,3.0,43.0,38.5,39.5
Одежда,Платья,44.5,45.0,3.0,48.0,43.5,44.5
Товары для отдыха и кемпинга,Наборы для пикника,38.5,45.0,3.0,38.0,33.5,38.5
Игрушки,Кендамы,38.5,45.0,3.0,39.0,34.5,38.5
Продукты,Лангустины,4.5,4.5,3.0,25.0,20.5,4.5
Цифровые товары,Ключи активации,5.0,5.0,5.0,5.0,5.0,5.0
Автохимия и автокосметика,Защитные покрытия для кузова,36.5,45.0,3.0,36.0,31.5,36.5
Продукты,Молоко капсульное,4.5,4.5,3.0,31.0,26.5,4.5
Телевизоры и аудиотехника,Комплекты спутникового ТВ,39.5,45.0,3.0,35.5,31.0,39.5
Продукты,Ягоды в глазури,4.5,4.5,3.0,35.0,30.5,4.5
Товары для малышей,Запчасти для детских колясок,36.5,45.0,3.0,40.0,35.5,36.5
Товары для взрослых,Мыло эротик,39.5,45.0,3.0,39.0,34.5,39.5
Автозапчасти,Комплекты ГРМ,36.5,45.0,3.0,40.0,35.5,36.5
Сертификаты Wildberries,Физические подарочные сертификаты Wildberries,22.5,27.5,3.0,23.5,23.5,22.5
Электроинструмент и оборудование,Промышленное оборудование и комплектующие,41.5,45.0,3.0,43.5,39.0,41.5
Автоэлектроника,Автоэлектроника,36.5,45.0,3.0,40.0,35.5,36.5
Автозапчасти,Указатели уровня масла,36.5,45.0,3.0,40.0,35.5,36.5
Телевизоры и аудиотехника,Микрофоны,31.5,35.0,3.0,35.0,30.5,31.5
Спортивный товар,Обода велосипедные,37.5,45.0,3.0,37.0,32.5,37.5
Отделочные материалы,Окна под заказ,38.5,45.0,3.0,35.0,30.5,38.5
Игрушки,Спортивные игровые наборы,38.5,45.0,3.0,42.0,37.5,38.5
Одежда,Пончо,44.5,45.0,3.0,44.0,39.5,44.5
Мебель корпусная и мебель для хранения,Тумбы под ТВ,36.5,45.0,3.0,36.0,31.5,36.5
Автоаксессуары и дополнительное оборудование,Комплектующие распределителей зажигания,36.5,45.0,3.0,40.0,35.5,36.5
Ручной инструмент и оснастка,Комплектующие для лазерных уровней и нивелиров,41.5,45.0,3.0,45.0,40.5,41.5
Сантехника,Системы защиты от протечки воды,37.5,45.0,3.0,32.0,27.5,37.5
Ручной инструмент и оснастка,Подшипники промышленные,41.5,45.0,3.0,41.0,36.5,41.5
Игрушки,Электромобили детские,31.5,35.0,3.0,35.0,30.5,31.5
Продукты,Чурчхела,4.5,4.5,3.0,35.0,30.5,4.5
Товары для животных,Подсветки для рулеток,31.5,35.0,3.0,35.0,30.5,31.5
Отделочные материалы,Плитки потолочные,38.5,45.0,3.0,33.0,28.5,38.5
Хозяйственные товары,Прищепки,39.5,45.0,3.0,43.0,38.5,39.5
Посуда и инвентарь,Утятницы,39.5,45.0,3.0,39.0,34.5,39.5
Посуда и инвентарь,Оборудование для приготовления алкоголя,39.5,45.0,3.0,41.0,36.5,39.5
Электроинструмент и оборудование,Пневмограверы,41.5,45.0,3.0,42.5,38.0,41.5
Хранение вещей,Вешалки на дверь,36.5,45.0,3.0,40.0,35.5,36.5
Продукты,Икра имитированная черная,4.5,4.5,3.0,31.0,26.5,4.5
Красота,Убтаны,42.5,45.0,3.0,46.0,41.5,42.5
Спортивный товар,Электровелосипеды,40.5,45.0,3.0,37.0,32.5,40.5
Спортивный товар,Комплектующие к гидравлическим дисковым тормозам,37.5,45.0,3.0,41.0,36.5,37.5
Ноутбуки и компьютеры,Корпуса для накопителей,34.5,35.0,3.0,32.0,27.5,34.5
Канцелярские товары,Чернила,39.5,45.0,3.0,39.0,34.5,39.5
Автозапчасти,Хомуты автомобильные,36.5,45.0,3.0,36.0,31.5,36.5
Здоровье,Косметические цветные линзы,42.5,45.0,3.0,41.0,36.5,42.5
Товары для малышей,Подогреватели детского питания,36.5,45.0,3.0,40.0,35.5,36.5
Рукоделие,Крючки вязальные,39.5,45.0,3.0,39.0,34.5,39.5
Мебель офисная и торговое оборудование,Фиксаторы мебельных чехлов,36.5,45.0,3.0,31.0,26.5,36.5
Одежда,Халаты домашние,44.5,45.0,3.0,48.0,43.5,44.5
Автохимия и автокосметика,Присадки в топливо,36.5,45.0,3.0,36.0,31.5,36.5
Электроинструмент и оборудование,Мотопомпы,41.5,45.0,3.0,40.0,35.5,41.5
Для праздника,Аксессуары для воздушных шаров,42.5,45.0,3.0,36.0,31.5,42.5
Аксессуары,Защитные кейсы,44.5,45.0,3.0,48.0,43.5,44.5
Строительные материалы,Подвесы для качелей,38.5,45.0,3.0,38.0,33.5,38.5
Спортивные аксессуары,Вешалки для спортивной формы,39.5,45.0,3.0,39.0,34.5,39.5
Мототовары,Поворотники для мототехники,36.5,45.0,3.0,40.0,35.5,36.5
Спортивный товар,Мел бильярдный,37.5,45.0,3.0,41.0,36.5,37.5
Спортивный товар,Зажимы для альпинизма,37.5,45.0,3.0,41.0,36.5,37.5
Садовые инструменты и полив,Ремкомплекты для насосов,39.5,45.0,3.0,32.0,27.5,39.5
Аксессуары,Ремни,44.5,45.0,3.0,48.0,43.5,44.5
Спортивный товар,Ремкомплекты велосипедные,37.5,45.0,3.0,29.0,24.5,37.5
Продукты,Молоко,4.5,4.5,3.0,35.0,30.5,4.5
Бытовая техника,Пуговичные машины,35.5,35.0,3.0,34.0,23.5,35.5
Здоровье,Пластыри от укачивания,42.5,45.0,3.0,39.0,34.5,42.5
Все для садоводства,Мини-парники для рассады,39.5,45.0,3.0,36.5,35.5,39.5
Фото и Видеотехника,Линзы для камер,38.5,45.0,3.0,36.0,31.5,38.5
Одежда для малышей,Комбинезоны нательные для малышей,44.5,45.0,3.0,48.0,43.5,44.5
Детское питание,Батончики детские,4.5,4.5,3.0,34.0,29.5,4.5
Товары для взрослых,Вагинальные шарики,39.5,45.0,3.0,43.0,38.5,39.5
Товары для взрослых,Шлепалки эротик,39.5,45.0,3.0,42.0,37.5,39.5
Крупная бытовая техника,Морозильные лари,29.5,35.0,3.0,19.5,18.5,29.5
Обувь,Полусапожки,44.5,45.0,3.0,39.0,34.5,44.5
Автоэлектроника,Автомобильные зарядные устройства,36.5,45.0,3.0,40.0,35.5,36.5
Периферия и аксессуары,Мониторы,34.5,35.0,3.0,36.0,31.5,34.5
Автоаксессуары и дополнительное оборудование,Муфты на руль,36.5,45.0,3.0,40.0,35.5,36.5
Спортивный товар,Дартс детский,37.5,45.0,3.0,41.0,36.5,37.5
Строительные материалы,Смеси ремонтные,38.5,45.0,3.0,24.0,19.5,38.5
Отделочные материалы,Накладки для дверных ручек,38.5,45.0,3.0,42.0,37.5,38.5
Красота,Основы под лаки,42.5,45.0,3.0,46.0,41.5,42.5
Спортивный товар,Газовые обогреватели туристические,37.5,45.0,3.0,37.0,32.5,37.5
Спецодежда и СИЗы,Комбинезоны рабочие,44.5,45.0,3.0,48.0,43.5,44.5
Товары для малышей,Салфетки для кормления,36.5,45.0,3.0,36.0,31.5,36.5
Декор интерьера,Держатели для фотографий,39.5,45.0,3.0,39.0,34.5,39.5
Все для садоводства,Поддоны для цветов,39.5,45.0,3.0,39.5,38.5,39.5
Здоровье,Обувь ортопедическая,42.5,45.0,3.0,37.0,32.5,42.5
Мебель малых форм,Табуреты детские,36.5,45.0,3.0,30.0,25.5,36.5
Канцелярские товары,Корректирующие ленты,39.5,45.0,3.0,35.0,30.5,39.5
Красота,Гель-краски для ногтей,42.5,45.0,3.0,46.0,41.5,42.5
Красота,Палетки для наполнения,42.5,45.0,3.0,41.0,36.5,42.5
Ручной инструмент и оснастка,Тестеры батареек,41.5,45.0,3.0,41.0,36.5,41.5
Спортивный товар,Бутылки для воды,37.5,45.0,3.0,32.0,27.5,37.5
Электрика,Контроллеры заряда,42.5,45.0,3.0,35.0,30.5,42.5
Все для садоводства,Побелки и садовый вар,39.5,45.0,3.0,38.5,37.5,39.5
Здоровье,Трубки трахеостомические,42.5,45.0,3.0,46.0,41.5,42.5
Автоаксессуары и дополнительное оборудование,Подкрылки,36.5,45.0,3.0,36.0,31.5,36.5
Спортивный товар,Шипы-накладки на обувь,37.5,45.0,3.0,32.0,27.5,37.5
Техника для кухни,Приборы для выпечки,34.5,35.0,3.0,38.0,33.5,34.5
Товары для взрослых,Комплекты эротик,39.5,45.0,3.0,43.0,38.5,39.5
Игрушки,Вертушки детские,38.5,45.0,3.0,36.0,31.5,38.5
Спортивная одежда,Жилеты спортивные,44.5,45.0,3.0,44.0,39.5,44.5
Для праздника,Карнавальные наборы,42.5,45.0,3.0,42.0,37.5,42.5
Мебель офисная и торговое оборудование,Подставки для рук компьютерные,36.5,45.0,3.0,40.0,35.5,36.5
Игровые консоли и игры,Игровые консоли и игры,34.5,35.0,3.0,38.0,33.5,34.5
Все для садоводства,Все для садоводства,39.5,45.0,3.0,39.5,38.5,39.5
Ручной инструмент и оснастка,Маркеры строительные,41.5,45.0,3.0,30.0,25.5,41.5
Ювелирные украшения,Ювелирные сувениры,43.0,45.0,3.0,43.0,42.0,43.0
Спецодежда и СИЗы,Маски для сварщиков,38.5,45.0,3.0,35.0,30.5,38.5
Товары для взрослых,Трусы эротик,39.5,45.0,3.0,43.0,38.5,39.5
Товары для взрослых,Щеточки эротик,39.5,45.0,3.0,38.0,33.5,39.5
Профессиональные музыкальные инструменты,Стулья для музыканта,38.5,45.0,3.0,39.0,34.5,38.5
Рукоделие,Чехлы для швейных машин,39.5,45.0,3.0,39.0,34.5,39.5
Рукоделие,Нитевдеватели,39.5,45.0,3.0,28.0,23.5,39.5
Посуда и инвентарь,Вилки поварские,39.5,45.0,3.0,43.0,38.5,39.5
Спортивный товар,Хоббихорсы,37.5,45.0,3.0,37.0,32.5,37.5
Рукоделие,Глазурь для керамики,39.5,45.0,3.0,43.0,38.5,39.5
Декор интерьера,Картины 3D,39.5,45.0,3.0,43.0,38.5,39.5
Продукты,Травяные сборы,4.5,4.5,3.0,35.0,30.5,4.5
Спортивный товар,Планки спортивные,37.5,45.0,3.0,37.0,32.5,37.5
Канцелярские товары,Кистемойки,39.5,45.0,3.0,43.0,38.5,39.5
Товары для животных,Увлажнители для террариума,31.5,35.0,3.0,31.0,26.5,31.5
Спортивные аксессуары,Путлища для лошадей,39.5,45.0,3.0,43.0,38.5,39.5
Здоровье,Чипы для стоматологических ламп,42.5,45.0,3.0,37.0,32.5,42.5
Сантехника,Комплектующие для радиаторов,37.5,45.0,3.0,41.0,36.5,37.5
Одежда,Пальто,44.5,45.0,3.0,39.0,34.5,44.5
Автоаксессуары и дополнительное оборудование,Защита картера,36.5,45.0,3.0,36.0,31.5,36.5
Строительные материалы,Столбы для забора,38.5,45.0,3.0,38.0,33.5,38.5
Автоаксессуары и дополнительное оборудование,Накладки на ремень безопасности,36.5,45.0,3.0,36.0,31.5,36.5
Садовые инструменты и полив,Ручки для лопат,39.5,45.0,3.0,40.0,35.5,39.5
Ручной инструмент и оснастка,Резцы,41.5,45.0,3.0,45.0,40.5,41.5
Климатическая техника,Электрические одеяла,35.5,35.0,3.0,33.0,28.5,35.5
Масла и технические жидкости,Дистиллированная вода,36.5,45.0,3.0,30.0,25.5,36.5
Мебель офисная и торговое оборудование,Столы маникюрные,36.5,45.0,3.0,30.0,25.5,36.5
Мебель мягкая,Ткани мебельные,36.5,45.0,3.0,27.0,22.5,36.5
Игрушки,Фонари игрушечные,38.5,45.0,3.0,32.0,27.5,38.5
Здоровье,Зеленки,42.5,45.0,3.0,39.0,34.5,42.5
Здоровье,Насадки на трости,42.5,45.0,3.0,46.0,41.5,42.5
Продукты,Пирожные,4.5,4.5,3.0,35.0,30.5,4.5
Рукоделие,Тесто для лепки,39.5,45.0,3.0,39.0,34.5,39.5
Мототовары,Колодки для мотоциклов,36.5,45.0,3.0,40.0,35.5,36.5
Фарма,Противогеморроидальные препараты,3.0,3.0,3.0,3.0,3.0,3.0
Отделочные материалы,Воски для дерева,38.5,45.0,3.0,39.0,34.5,38.5
Красота,Помады,42.5,45.0,3.0,46.0,41.5,42.5
Спортивный товар,Наконечники роллерные,37.5,45.0,3.0,37.0,32.5,37.5
Спортивный товар,Втулки для лыжероллеров,37.5,45.0,3.0,40.5,32.0,37.5
Отделочные материалы,Пробковые компенсаторы,38.5,45.0,3.0,38.0,33.5,38.5
Автохимия и автокосметика,Антикоррозийные покрытия,36.5,45.0,3.0,36.0,31.5,36.5
Товары для малышей,Ремни для автокресел,36.5,45.0,3.0,40.0,35.5,36.5
Красота,Мыло для бани,42.5,45.0,3.0,46.0,41.5,42.5
Товары для животных,Наполнители для террариумов,31.5,35.0,3.0,31.0,26.5,31.5
Декор интерьера,Подставки декоративные,39.5,45.0,3.0,34.0,29.5,39.5
Продукты,Чай,4.5,4.5,3.0,34.0,29.5,4.5
Бытовая химия,Антиплесень,39.5,45.0,3.0,42.0,37.5,39.5
Игрушки,Песочницы,38.5,45.0,3.0,42.0,37.5,38.5
Автоаксессуары и дополнительное оборудование,Якоря для лебедок,36.5,45.0,3.0,35.5,31.0,36.5
Отделочные материалы,Двери технические,38.5,45.0,3.0,38.0,33.5,38.5
Профессиональные музыкальные инструменты,Ремни для музыкальных инструментов,38.5,45.0,3.0,42.0,37.5,38.5
Мототовары,Проводка для мототехники,36.5,45.0,3.0,40.0,35.5,36.5
Аксессуары для волос,Аксессуары для волос,44.5,45.0,3.0,48.0,43.5,44.5
Автозапчасти,Ремни вариатора,36.5,45.0,3.0,40.0,35.5,36.5
Аксессуары,Подворотнички одноразовые,44.5,45.0,3.0,48.0,43.5,44.5
Продукты,Кофе зерновой,4.5,4.5,3.0,35.0,30.5,4.5
Автозапчасти,Растяжки поперечного рычага,36.5,45.0,3.0,40.0,35.5,36.5
Автоаксессуары и дополнительное оборудование,Полуоси и ШРУС усиленные,36.5,45.0,3.0,40.0,35.5,36.5
Ювелирные украшения,Ювелирные комплекты,43.0,45.0,3.0,39.0,38.0,43.0
Ветаптека,Препараты для сердечно-сосудистой системы животных,31.5,35.0,3.0,31.0,26.5,31.5
Ручной инструмент и оснастка,Опрессовщики,41.5,45.0,3.0,38.0,33.5,41.5
Садовые инструменты и полив,Кессоны и оголовки для скважин,39.5,45.0,3.0,36.0,31.5,39.5
Мототовары,Диски тормозные для мототехники,36.5,45.0,3.0,40.0,35.5,36.5
Товары для малышей,Ниблеры,36.5,45.0,3.0,35.0,30.5,36.5
Электрика,Радиоизмерительные приборы,42.5,45.0,3.0,40.0,35.5,42.5
Спортивный товар,Измерители спортивные,37.5,45.0,3.0,28.0,23.5,37.5
Товары для малышей,Аксессуары в коляску,36.5,45.0,3.0,38.0,33.5,36.5
Белье для малышей,Носки для малышей,44.5,45.0,3.0,48.0,43.5,44.5
Автоаксессуары и дополнительное оборудование,Ключи автомобильные,36.5,45.0,3.0,36.0,31.5,36.5
Спортивный товар,Брелоки для самозащиты,37.5,45.0,3.0,41.0,36.5,37.5
Декор интерьера,Картины,39.5,45.0,3.0,41.0,36.5,39.5
Спортивный товар,Сани тренировочные,37.5,45.0,3.0,32.0,27.5,37.5
Посуда и инвентарь,Сепараторы для яиц,39.5,45.0,3.0,31.0,26.5,39.5
Алкогольная продукция,Алкогольная продукция,4.5,4.5,3.0,9.5,9.5,4.5
Товары для малышей,Слинг-накидки,36.5,45.0,3.0,36.0,31.5,36.5
Техника для кухни,Машинки для лапши электрические,34.5,35.0,3.0,38.0,33.5,34.5
Готовая еда,Готовые напитки,4.5,4.5,3.0,38.0,34.5,4.5
Телевизоры и аудиотехника,DVD-плееры,39.5,45.0,3.0,35.0,30.5,39.5
Красота,Гели для бровей,42.5,45.0,3.0,46.0,41.5,42.5
Товары для взрослых,Анальные крюки,39.5,45.0,3.0,43.0,38.5,39.5
Рукоделие,Шилья для рукоделия,39.5,45.0,3.0,35.0,30.5,39.5
Товары для отдыха и кемпинга,Принадлежности для гриля и барбекю,38.5,45.0,3.0,42.0,37.5,38.5
Строительные материалы,Комплектующие для сайдинга,38.5,45.0,3.0,32.0,27.5,38.5
Спортивный товар,Ершики для питьевых систем,37.5,45.0,3.0,37.0,32.5,37.5
Красота,Футляры для зубных щеток,42.5,45.0,3.0,32.0,27.5,42.5
Бытовая химия,Соль для посудомоечной машины,39.5,45.0,3.0,39.0,34.5,39.5
Игрушки,Поезда и паровозы,38.5,45.0,3.0,38.0,33.5,38.5
Автоаксессуары и дополнительное оборудование,Конусы дорожные,36.5,45.0,3.0,30.0,25.5,36.5
Здоровье,Душевые кабины для инвалидов,42.5,45.0,3.0,41.0,32.5,42.5
Красота,Молочко,42.5,45.0,3.0,46.0,41.5,42.5
Спортивная одежда,Гамаши,44.5,45.0,3.0,44.0,39.5,44.5
Все для садоводства,Стимуляторы роста растений,39.5,45.0,3.0,28.5,27.5,39.5
Мототовары,Мотошлемы,36.5,45.0,3.0,36.0,31.5,36.5
Товары для животных,Шапки для животных,31.5,35.0,3.0,35.0,30.5,31.5
Мебель офисная и торговое оборудование,Сейфы,36.5,45.0,3.0,40.0,35.5,36.5
Спортивный товар,Монокуляры,37.5,45.0,3.0,41.0,36.5,37.5
Продукты,Фрукты сублимированные,4.5,4.5,3.0,35.0,30.5,4.5
Все для садоводства,Газоны искусственные,39.5,45.0,3.0,36.5,35.5,39.5
Здоровье,Линзы для очков,42.5,45.0,3.0,41.0,36.5,42.5
Техника для кухни,Яйцеварки,34.5,35.0,3.0,38.0,33.5,34.5
Спортивный товар,Блесны рыболовные,37.5,45.0,3.0,41.0,36.5,37.5
Товары для животных,Стеки и плети для животных,31.5,35.0,3.0,31.0,26.5,31.5
Продукты,Кексы,4.5,4.5,3.0,34.0,29.5,4.5
Садовые инструменты и полив,Садовые инструменты и полив,39.5,45.0,3.0,43.0,38.5,39.5
Канцелярские товары,Чертежные доски,39.5,45.0,3.0,39.0,34.5,39.5
Товары для малышей,Чехлы для колясок,36.5,45.0,3.0,40.0,35.5,36.5
Товары для курения,Хьюмидоры,38.5,45.0,3.0,38.0,33.5,38.5
Отделочные материалы,Соединения для подоконника,38.5,45.0,3.0,38.0,33.5,38.5
Строительные материалы,Известь,38.5,45.0,3.0,34.0,29.5,38.5
Автоаксессуары и дополнительное оборудование,Рефрактометры,36.5,45.0,3.0,40.0,35.5,36.5
Спортивная одежда,Гидрокостюмы,44.5,45.0,3.0,44.0,39.5,44.5
Здоровье,Контактные линзы,42.5,45.0,3.0,44.0,39.5,42.5
Спортивный товар,Карабины,37.5,45.0,3.0,41.0,36.5,37.5
Автоаксессуары и дополнительное оборудование,Столбики с вытяжной лентой,36.5,45.0,3.0,35.5,31.0,36.5
Ручной инструмент и оснастка,Щупы для мультиметров,41.5,45.0,3.0,42.0,37.5,41.5
Ручной инструмент и оснастка,Кисти для клея,41.5,45.0,3.0,40.0,35.5,41.5
Автоаксессуары и дополнительное оборудование,Схемы проводки кабеля автомобильные,36.5,45.0,3.0,40.0,35.5,36.5
Аксессуары для электроники,Амбушюры,39.5,45.0,3.0,32.0,27.5,39.5
Страхование,Страхование здоровья,18.5,25.0,3.0,23.5,23.5,18.5
Автозапчасти,Колодки автомобильные,36.5,45.0,3.0,40.0,35.5,36.5
Автоаксессуары и дополнительное оборудование,Теплоизоляционный материал для авто,36.5,45.0,3.0,36.0,31.5,36.5
Мебель корпусная и мебель для хранения,Этажерки,36.5,45.0,3.0,34.0,29.5,36.5
Электроинструмент и оборудование,Миксеры для строительных смесей,41.5,45.0,3.0,39.0,34.5,41.5
Спортивные аксессуары,Замки цепи,39.5,45.0,3.0,34.0,29.5,39.5
Ручной инструмент и оснастка,Диски для УШМ,41.5,45.0,3.0,45.0,40.5,41.5
Спортивная обувь,Степки,44.5,45.0,3.0,44.0,39.5,44.5
Электрика,Источники питания,34.5,35.0,3.0,33.0,28.5,34.5
Мебель корпусная и мебель для хранения,Тумбы,36.5,45.0,3.0,34.0,29.5,36.5
Товары для животных,Свитеры для животных,31.5,35.0,3.0,35.0,30.5,31.5
Посуда и инвентарь,Ручки для сковородок,39.5,45.0,3.0,38.0,33.5,39.5
Садовые инструменты и полив,Очистители щелевые,39.5,45.0,3.0,43.0,38.5,39.5
Книжная продукция и диски,Метафорические ассоциативные карты,39.5,45.0,3.0,43.0,38.5,39.5
Автоаксессуары и дополнительное оборудование,Дорожные туалеты,36.5,45.0,3.0,36.0,31.5,36.5
Красота,Запарки,42.5,45.0,3.0,40.0,35.5,42.5
Спортивный товар,Диски для штанг и гантелей,37.5,45.0,3.0,41.0,36.5,37.5
Товары для животных,Системы приучения кошек к унитазу,31.5,35.0,3.0,30.0,25.5,31.5
Сантехника,Рекуператоры,37.5,45.0,3.0,41.0,36.5,37.5
Игрушки,Игровые коврики,38.5,45.0,3.0,35.0,30.5,38.5
Для праздника,Подарочные пакеты,42.5,45.0,3.0,46.0,41.5,42.5
Спецодежда и СИЗы,Очки сварочные,38.5,45.0,3.0,38.0,33.5,38.5
Все для садоводства,Средства защиты растений,39.5,45.0,3.0,39.5,38.5,39.5
Спортивный товар,Болты для шлемов,37.5,45.0,3.0,41.0,36.5,37.5
Декор интерьера,Воски ароматические,39.5,45.0,3.0,43.0,38.5,39.5
Строительные материалы,Конструкционные материалы,38.5,45.0,3.0,27.0,22.5,38.5
Автохимия и автокосметика,Очистители универсальные,36.5,45.0,3.0,40.0,35.5,36.5
Автоаксессуары и дополнительное оборудование,Скобы автомобильные,36.5,45.0,3.0,40.0,35.5,36.5
Игрушки,Куклы,38.5,45.0,3.0,41.0,36.5,38.5
Продукты,Супы быстрого приготовления,4.5,4.5,3.0,31.0,26.5,4.5
Автоаксессуары и дополнительное оборудование,Страховочные шарики для прицепов,36.5,45.0,3.0,31.0,26.5,36.5
Садовые инструменты и полив,Топоры,39.5,45.0,3.0,43.0,38.5,39.5
Спортивный товар,Датчики скорости велосипедные,37.5,45.0,3.0,41.0,36.5,37.5
Фарма,Сердечно-сосудистые препараты,3.0,3.0,3.0,3.0,3.0,3.0
Ручной инструмент и оснастка,Шнуры разметочные,41.5,45.0,3.0,41.0,36.5,41.5
Одежда для малышей,Халаты домашние для малышей,44.5,45.0,3.0,43.0,38.5,44.5
Рукоделие,Устройства для изготовления помпонов,39.5,45.0,3.0,39.0,34.5,39.5
Книжная продукция и диски,Атласы учебные,39.5,45.0,3.0,39.0,34.5,39.5
Аксессуары для электроники,Стилусы,44.5,45.0,3.0,43.0,38.5,44.5
Здоровье,Аппликаторы для инъекций,42.5,45.0,3.0,41.0,36.5,42.5
Спортивный товар,Кастеты,37.5,45.0,3.0,32.0,27.5,37.5
Бытовая техника,Роботы-стеклоочистители,35.5,35.0,3.0,39.0,34.5,35.5
Продукты,Консервы ягодные,4.5,4.5,3.0,35.0,30.5,4.5
Товары для отдыха и кемпинга,Садовые печи для сжигания мусора,38.5,45.0,3.0,42.0,37.5,38.5
Автоаксессуары и дополнительное оборудование,Стяжки пружин,36.5,45.0,3.0,36.0,31.5,36.5
Спортивная обувь,Велообувь,44.5,45.0,3.0,44.0,39.5,44.5
Мототовары,Мотоочки,36.5,45.0,3.0,40.0,35.5,36.5
Одежда,Поло,44.5,45.0,3.0,48.0,43.5,44.5
Посуда и инвентарь,Ступки,39.5,45.0,3.0,43.0,38.5,39.5
Садовые инструменты и полив,Дровоколы,39.5,45.0,3.0,43.0,38.5,39.5
Спортивный товар,Гиперэкстензии,37.5,45.0,3.0,41.0,36.5,37.5
Спецодежда и СИЗы,Нагрудники для ресторанов,44.5,45.0,3.0,44.5,40.0,44.5
Текстиль для дома,Ковровые дорожки,39.5,45.0,3.0,40.0,35.5,39.5
Декор интерьера,Барометры,39.5,45.0,3.0,43.0,38.5,39.5
Электрика,Выключатели,38.5,45.0,3.0,35.0,30.5,38.5
Умный дом и безопасность,Дверные звонки,34.5,35.0,3.0,32.0,27.5,34.5
Посуда и инвентарь,Наборы посуды для приготовления,39.5,45.0,3.0,43.0,38.5,39.5
Садовая техника,Шины для цепных пил,38.5,45.0,3.0,42.0,37.5,38.5
Сантехника,Врезки вентиляционные,37.5,45.0,3.0,37.0,32.5,37.5
Спортивный товар,Абонементы в фитнес,37.5,45.0,3.0,31.0,26.5,37.5
Аккумуляторы для ТС,Аккумуляторы для ТС,39.5,45.0,3.0,36.0,31.5,39.5
Товары для курения,Сигареты,38.5,45.0,3.0,33.0,28.5,38.5
Спортивные аксессуары,Шапочки для плавания,39.5,45.0,3.0,43.0,38.5,39.5
Техника для кухни,Вафельницы,34.5,35.0,3.0,38.0,33.5,34.5
Мебель офисная и торговое оборудование,Пейджеры вызова персонала,36.5,45.0,3.0,36.0,31.5,36.5
Оргтехника,Другие комплектующие для принтеров,34.5,35.0,3.0,38.0,33.5,34.5
Аксессуары для электроники,Карманные переводчики,42.5,45.0,3.0,35.0,30.5,42.5
Продукты,Кофе в дрип-пакетах,4.5,4.5,3.0,31.0,26.5,4.5
Спортивный товар,Тридеры,37.5,45.0,3.0,32.0,27.5,37.5
Товары для взрослых,Фаллоимитаторы,39.5,45.0,3.0,43.0,38.5,39.5
Умный дом и безопасность,Тревожные кнопки,34.5,35.0,3.0,38.0,33.5,34.5
Продукты,Пресервы рыбные,4.5,4.5,3.0,25.0,20.5,4.5
Головные уборы,Повязки на голову,44.5,45.0,3.0,48.0,43.5,44.5
Спортивная одежда,Майки спортивные,44.5,45.0,3.0,48.0,43.5,44.5
Спортивные аксессуары,Крепления для лыж,39.5,45.0,3.0,42.5,38.0,39.5
Отделочные материалы,Комплектующие для подвесного потолка,38.5,45.0,3.0,42.0,37.5,38.5
Строительные материалы,Имитация бруса,38.5,45.0,3.0,32.0,27.5,38.5
Автозапчасти,Преобразователи крутящего момента,36.5,45.0,3.0,31.0,26.5,36.5
Книжная продукция и диски,Календари,39.5,45.0,3.0,33.0,28.5,39.5
Техника для красоты и здоровья,Насадки для электрических зубных щеток,35.5,35.0,3.0,33.0,28.5,35.5
Бытовая техника,Пароочистители,35.5,35.0,3.0,36.0,31.5,35.5
Алкогольная продукция,Джин,4.5,4.5,3.0,9.5,9.5,4.5
Аксессуары для электроники,3D-ручки,42.5,45.0,3.0,41.0,36.5,42.5
Товары для малышей,Ручки для бутылочек,36.5,45.0,3.0,36.0,31.5,36.5
Спортивные аксессуары,Чехлы для ружей,39.5,45.0,3.0,43.0,38.5,39.5
Товары для животных,Халаты для животных,31.5,35.0,3.0,35.0,30.5,31.5
Посуда и инвентарь,Краны для емкостей,39.5,45.0,3.0,43.0,38.5,39.5
Строительные материалы,Звукоизоляция,38.5,45.0,3.0,24.0,19.5,38.5
Садовая техника,Катушки для триммеров,38.5,45.0,3.0,38.0,33.5,38.5
Автозапчасти,Центральные выключатели,36.5,45.0,3.0,35.0,30.5,36.5
Техника для кухни,Капсулы многоразовые для кофемашин,34.5,35.0,3.0,33.0,28.5,34.5
Текстиль для дома,Наволочки,39.5,45.0,3.0,43.0,38.5,39.5
Товары для малышей,Клеенки детские,36.5,45.0,3.0,40.0,35.5,36.5
Посуда и инвентарь,Сифоны для воды,39.5,45.0,3.0,35.0,30.5,39.5
Декор интерьера,Постеры в рамах,39.5,45.0,3.0,39.0,34.5,39.5
Спецодежда и СИЗы,Жилеты рабочие,44.5,45.0,3.0,44.0,39.5,44.5
Товары для отдыха и кемпинга,Колодцы,38.5,45.0,3.0,29.0,24.5,38.5
Автохимия и автокосметика,Автоконсерванты и мовили,36.5,45.0,3.0,36.0,31.5,36.5
Аксессуары,Визитницы,44.5,45.0,3.0,48.0,43.5,44.5
Товары для взрослых,Леггинсы эротик,39.5,45.0,3.0,43.0,38.5,39.5
Красота,Бомбочки для ванны,42.5,45.0,3.0,46.0,41.5,42.5
Профессиональные музыкальные инструменты,Мелодики,38.5,45.0,3.0,41.0,36.5,38.5
Товары для малышей,Пледы для малышей,36.5,45.0,3.0,36.0,31.5,36.5
Рукоделие,Холсты,39.5,45.0,3.0,39.0,34.5,39.5
Ручной инструмент и оснастка,Вышки-туры,41.5,45.0,3.0,35.0,30.5,41.5
Красота,Жидкое мыло,42.5,45.0,3.0,37.0,32.5,42.5
Красота,Флоссеры,42.5,45.0,3.0,36.0,31.5,42.5
Аксессуары для волос,Заколки-автомат,44.5,45.0,3.0,46.0,41.5,44.5
Белье,Подкладки для бретелей,44.5,45.0,3.0,39.0,34.5,44.5
Красота,Наборы для солярия,42.5,45.0,3.0,46.0,41.5,42.5
Аксессуары для электроники,Дым машины,42.5,45.0,3.0,37.0,32.5,42.5
Спортивный товар,Инструменты для заточки,37.5,45.0,3.0,41.0,36.5,37.5
Сантехника,Складные каркасные ванны,37.5,45.0,3.0,36.5,32.0,37.5
Аксессуары,Чехлы для презервативов,44.5,45.0,3.0,44.0,39.5,44.5
Красота,Кисти для дизайна ногтей,42.5,45.0,3.0,37.0,32.5,42.5
Ветаптека,Препараты для опорно-двигательной системы животных,31.5,35.0,3.0,31.0,26.5,31.5
Спортивная одежда,Юбки спортивные,44.5,45.0,3.0,44.0,39.5,44.5
Для праздника,Композиции живых цветов,42.5,45.0,3.0,46.0,41.5,42.5
